formula,AIC,BIC
factor(conciseness_both) ~ exercise + ai + seq_num + (1 | part_id),476.093346,515.133183
factor(conciseness_both) ~ exercise + ai + seq_num + exercise:ai + (1 | part_id),477.929512,520.518425
factor(conciseness_both) ~ exercise + ai + seq_num + ai:seq_num + (1 | part_id),477.025754,519.614667
factor(conciseness_both) ~ exercise + ai + seq_num + exercise:seq_num + (1 | part_id),475.320761,517.909674
factor(conciseness_both) ~ exercise + ai + seq_num + exercise:ai + ai:seq_num + (1 | part_id),478.885554,525.023543
factor(conciseness_both) ~ exercise + ai + seq_num + exercise:ai + exercise:seq_num + (1 | part_id),477.133446,523.271435
factor(conciseness_both) ~ exercise + ai + seq_num + ai:seq_num + exercise:seq_num + (1 | part_id),475.783612,521.921602
factor(conciseness_both) ~ exercise + ai + seq_num + exercise:ai + ai:seq_num + exercise:seq_num + (1 | part_id),477.658198,527.345263
factor(conciseness_both) ~ exercise + ai + seq_num + project_name + (1 | part_id),474.325500,516.914413
factor(conciseness_both) ~ exercise + ai + seq_num + project_name + exercise:ai + (1 | part_id),476.086282,522.224271
factor(conciseness_both) ~ exercise + ai + seq_num + project_name + ai:seq_num + (1 | part_id),475.347481,521.485470
factor(conciseness_both) ~ exercise + ai + seq_num + project_name + exercise:seq_num + (1 | part_id),473.736246,519.874235
factor(conciseness_both) ~ exercise + ai + seq_num + project_name + exercise:ai + ai:seq_num + (1 | part_id),477.124607,526.811672
factor(conciseness_both) ~ exercise + ai + seq_num + project_name + exercise:ai + exercise:seq_num + (1 | part_id),475.569599,525.256664
factor(conciseness_both) ~ exercise + ai + seq_num + project_name + ai:seq_num + exercise:seq_num + (1 | part_id),474.416520,524.103585
factor(conciseness_both) ~ exercise + ai + seq_num + project_name + exercise:ai + ai:seq_num + exercise:seq_num + (1 | part_id),476.223275,529.459416
factor(conciseness_both) ~ exercise + ai + seq_num + ipaq_category + (1 | part_id),479.122247,525.260236
factor(conciseness_both) ~ exercise + ai + seq_num + ipaq_category + exercise:ai + (1 | part_id),481.080771,530.767836
factor(conciseness_both) ~ exercise + ai + seq_num + ipaq_category + exercise:ipaq_category + (1 | part_id),478.694693,531.930834
factor(conciseness_both) ~ exercise + ai + seq_num + ipaq_category + ai:seq_num + (1 | part_id),479.730940,529.418005
factor(conciseness_both) ~ exercise + ai + seq_num + ipaq_category + exercise:seq_num + (1 | part_id),478.711473,528.398539
factor(conciseness_both) ~ exercise + ai + seq_num + ipaq_category + exercise:ai + exercise:ipaq_category + (1 | part_id),480.585823,537.371040
factor(conciseness_both) ~ exercise + ai + seq_num + ipaq_category + exercise:ai + ai:seq_num + (1 | part_id),481.713351,534.949492
factor(conciseness_both) ~ exercise + ai + seq_num + ipaq_category + exercise:ai + exercise:seq_num + (1 | part_id),480.680064,533.916205
factor(conciseness_both) ~ exercise + ai + seq_num + ipaq_category + exercise:ipaq_category + ai:seq_num + (1 | part_id),479.339459,536.124677
factor(conciseness_both) ~ exercise + ai + seq_num + ipaq_category + exercise:ipaq_category + exercise:seq_num + (1 | part_id),477.659373,534.444590
factor(conciseness_both) ~ exercise + ai + seq_num + ipaq_category + ai:seq_num + exercise:seq_num + (1 | part_id),478.956251,532.192392
factor(conciseness_both) ~ exercise + ai + seq_num + ipaq_category + exercise:ai + exercise:ipaq_category + ai:seq_num + (1 | part_id),481.274607,541.608901
factor(conciseness_both) ~ exercise + ai + seq_num + ipaq_category + exercise:ai + exercise:ipaq_category + exercise:seq_num + (1 | part_id),479.563315,539.897608
factor(conciseness_both) ~ exercise + ai + seq_num + ipaq_category + exercise:ai + ai:seq_num + exercise:seq_num + (1 | part_id),480.930263,537.715481
factor(conciseness_both) ~ exercise + ai + seq_num + ipaq_category + exercise:ipaq_category + ai:seq_num + exercise:seq_num + (1 | part_id),477.866865,538.201158
factor(conciseness_both) ~ exercise + ai + seq_num + ipaq_category + exercise:ai + exercise:ipaq_category + ai:seq_num + exercise:seq_num + (1 | part_id),479.775542,543.658911
factor(conciseness_both) ~ exercise + ai + seq_num + occupation + (1 | part_id),475.385129,532.170347
factor(conciseness_both) ~ exercise + ai + seq_num + occupation + exercise:ai + (1 | part_id),477.017049,537.351343
factor(conciseness_both) ~ exercise + ai + seq_num + occupation + ai:seq_num + (1 | part_id),476.165319,536.499613
factor(conciseness_both) ~ exercise + ai + seq_num + occupation + exercise:seq_num + (1 | part_id),475.536814,535.871107
factor(conciseness_both) ~ exercise + ai + seq_num + occupation + exercise:ai + ai:seq_num + (1 | part_id),477.873593,541.756962
factor(conciseness_both) ~ exercise + ai + seq_num + occupation + exercise:ai + exercise:seq_num + (1 | part_id),477.158886,541.042255
factor(conciseness_both) ~ exercise + ai + seq_num + occupation + ai:seq_num + exercise:seq_num + (1 | part_id),476.108494,539.991863
factor(conciseness_both) ~ exercise + ai + seq_num + occupation + exercise:ai + ai:seq_num + exercise:seq_num + (1 | part_id),477.726468,545.158914
factor(conciseness_both) ~ exercise + ai + seq_num + order_group + (1 | part_id),477.467660,520.056573
factor(conciseness_both) ~ exercise + ai + seq_num + order_group + exercise:ai + (1 | part_id),479.339979,525.477968
factor(conciseness_both) ~ exercise + ai + seq_num + order_group + ai:seq_num + (1 | part_id),478.308886,524.446875
factor(conciseness_both) ~ exercise + ai + seq_num + order_group + exercise:seq_num + (1 | part_id),476.903294,523.041283
factor(conciseness_both) ~ exercise + ai + seq_num + order_group + exercise:order_group + (1 | part_id),475.129491,521.267481
factor(conciseness_both) ~ exercise + ai + seq_num + order_group + exercise:ai + ai:seq_num + (1 | part_id),480.192448,529.879514
factor(conciseness_both) ~ exercise + ai + seq_num + order_group + exercise:ai + exercise:seq_num + (1 | part_id),478.784218,528.471284
factor(conciseness_both) ~ exercise + ai + seq_num + order_group + exercise:ai + exercise:order_group + (1 | part_id),476.932061,526.619126
factor(conciseness_both) ~ exercise + ai + seq_num + order_group + ai:seq_num + exercise:seq_num + (1 | part_id),477.401747,527.088812
factor(conciseness_both) ~ exercise + ai + seq_num + order_group + ai:seq_num + exercise:order_group + (1 | part_id),476.233383,525.920448
factor(conciseness_both) ~ exercise + ai + seq_num + order_group + exercise:seq_num + exercise:order_group + (1 | part_id),475.209746,524.896812
factor(conciseness_both) ~ exercise + ai + seq_num + order_group + exercise:ai + ai:seq_num + exercise:seq_num + (1 | part_id),479.254263,532.490404
factor(conciseness_both) ~ exercise + ai + seq_num + order_group + exercise:ai + ai:seq_num + exercise:order_group + (1 | part_id),478.048807,531.284948
factor(conciseness_both) ~ exercise + ai + seq_num + order_group + exercise:ai + exercise:seq_num + exercise:order_group + (1 | part_id),477.039775,530.275916
factor(conciseness_both) ~ exercise + ai + seq_num + order_group + ai:seq_num + exercise:seq_num + exercise:order_group + (1 | part_id),476.027945,529.264086
factor(conciseness_both) ~ exercise + ai + seq_num + order_group + exercise:ai + ai:seq_num + exercise:seq_num + exercise:order_group + (1 | part_id),477.838854,534.624071
factor(conciseness_both) ~ exercise + ai + seq_num + project_name + ipaq_category + (1 | part_id),477.630320,527.317385
factor(conciseness_both) ~ exercise + ai + seq_num + project_name + ipaq_category + exercise:ai + (1 | part_id),479.525956,532.762097
factor(conciseness_both) ~ exercise + ai + seq_num + project_name + ipaq_category + exercise:ipaq_category + (1 | part_id),478.066182,534.851399
factor(conciseness_both) ~ exercise + ai + seq_num + project_name + ipaq_category + ai:seq_num + (1 | part_id),478.383751,531.619893
factor(conciseness_both) ~ exercise + ai + seq_num + project_name + ipaq_category + exercise:seq_num + (1 | part_id),477.373880,530.610021
factor(conciseness_both) ~ exercise + ai + seq_num + project_name + ipaq_category + exercise:ai + exercise:ipaq_category + (1 | part_id),479.900026,540.234320
factor(conciseness_both) ~ exercise + ai + seq_num + project_name + ipaq_category + exercise:ai + ai:seq_num + (1 | part_id),480.315911,537.101128
factor(conciseness_both) ~ exercise + ai + seq_num + project_name + ipaq_category + exercise:ai + exercise:seq_num + (1 | part_id),479.291124,536.076341
factor(conciseness_both) ~ exercise + ai + seq_num + project_name + ipaq_category + exercise:ipaq_category + ai:seq_num + (1 | part_id),478.806580,539.140874
factor(conciseness_both) ~ exercise + ai + seq_num + project_name + ipaq_category + exercise:ipaq_category + exercise:seq_num + (1 | part_id),477.217629,537.551922
factor(conciseness_both) ~ exercise + ai + seq_num + project_name + ipaq_category + ai:seq_num + exercise:seq_num + (1 | part_id),477.804312,534.589529
factor(conciseness_both) ~ exercise + ai + seq_num + project_name + ipaq_category + exercise:ai + exercise:ipaq_category + ai:seq_num + (1 | part_id),480.686600,544.569969
factor(conciseness_both) ~ exercise + ai + seq_num + project_name + ipaq_category + exercise:ai + exercise:ipaq_category + exercise:seq_num + (1 | part_id),479.069175,542.952545
factor(conciseness_both) ~ exercise + ai + seq_num + project_name + ipaq_category + exercise:ai + ai:seq_num + exercise:seq_num + (1 | part_id),479.729696,540.063990
factor(conciseness_both) ~ exercise + ai + seq_num + project_name + ipaq_category + exercise:ipaq_category + ai:seq_num + exercise:seq_num + (1 | part_id),477.555314,541.438684
factor(conciseness_both) ~ exercise + ai + seq_num + project_name + ipaq_category + exercise:ai + exercise:ipaq_category + ai:seq_num + exercise:seq_num + (1 | part_id),479.417112,546.849558
factor(conciseness_both) ~ exercise + ai + seq_num + project_name + occupation + (1 | part_id),473.297508,533.631801
factor(conciseness_both) ~ exercise + ai + seq_num + project_name + occupation + exercise:ai + (1 | part_id),474.793793,538.677163
factor(conciseness_both) ~ exercise + ai + seq_num + project_name + occupation + ai:seq_num + (1 | part_id),474.082220,537.965590
factor(conciseness_both) ~ exercise + ai + seq_num + project_name + occupation + exercise:seq_num + (1 | part_id),473.683681,537.567051
factor(conciseness_both) ~ exercise + ai + seq_num + project_name + occupation + exercise:ai + ai:seq_num + (1 | part_id),475.651719,543.084164
factor(conciseness_both) ~ exercise + ai + seq_num + project_name + occupation + exercise:ai + exercise:seq_num + (1 | part_id),475.180137,542.612583
factor(conciseness_both) ~ exercise + ai + seq_num + project_name + occupation + ai:seq_num + exercise:seq_num + (1 | part_id),474.297471,541.729916
factor(conciseness_both) ~ exercise + ai + seq_num + project_name + occupation + exercise:ai + ai:seq_num + exercise:seq_num + (1 | part_id),475.775881,546.757403
factor(conciseness_both) ~ exercise + ai + seq_num + project_name + order_group + (1 | part_id),475.735849,521.873838
factor(conciseness_both) ~ exercise + ai + seq_num + project_name + order_group + exercise:ai + (1 | part_id),477.539357,527.226422
factor(conciseness_both) ~ exercise + ai + seq_num + project_name + order_group + ai:seq_num + (1 | part_id),476.669551,526.356616
factor(conciseness_both) ~ exercise + ai + seq_num + project_name + order_group + exercise:seq_num + (1 | part_id),475.491336,525.178401
factor(conciseness_both) ~ exercise + ai + seq_num + project_name + order_group + exercise:order_group + (1 | part_id),474.284933,523.971998
factor(conciseness_both) ~ exercise + ai + seq_num + project_name + order_group + exercise:ai + ai:seq_num + (1 | part_id),478.482222,531.718363
factor(conciseness_both) ~ exercise + ai + seq_num + project_name + order_group + exercise:ai + exercise:seq_num + (1 | part_id),477.309855,530.545996
factor(conciseness_both) ~ exercise + ai + seq_num + project_name + order_group + exercise:ai + exercise:order_group + (1 | part_id),476.031488,529.267629
factor(conciseness_both) ~ exercise + ai + seq_num + project_name + order_group + ai:seq_num + exercise:seq_num + (1 | part_id),476.132223,529.368364
factor(conciseness_both) ~ exercise + ai + seq_num + project_name + order_group + ai:seq_num + exercise:order_group + (1 | part_id),475.436154,528.672295
factor(conciseness_both) ~ exercise + ai + seq_num + project_name + order_group + exercise:seq_num + exercise:order_group + (1 | part_id),474.529441,527.765582
factor(conciseness_both) ~ exercise + ai + seq_num + project_name + order_group + exercise:ai + ai:seq_num + exercise:seq_num + (1 | part_id),477.916037,534.701254
factor(conciseness_both) ~ exercise + ai + seq_num + project_name + order_group + exercise:ai + ai:seq_num + exercise:order_group + (1 | part_id),477.192414,533.977632
factor(conciseness_both) ~ exercise + ai + seq_num + project_name + order_group + exercise:ai + exercise:seq_num + exercise:order_group + (1 | part_id),476.306905,533.092123
factor(conciseness_both) ~ exercise + ai + seq_num + project_name + order_group + ai:seq_num + exercise:seq_num + exercise:order_group + (1 | part_id),475.430367,532.215584
factor(conciseness_both) ~ exercise + ai + seq_num + project_name + order_group + exercise:ai + ai:seq_num + exercise:seq_num + exercise:order_group + (1 | part_id),477.182804,537.517097
factor(conciseness_both) ~ exercise + ai + seq_num + ipaq_category + occupation + (1 | part_id),479.352720,543.236090
factor(conciseness_both) ~ exercise + ai + seq_num + ipaq_category + occupation + exercise:ai + (1 | part_id),480.988537,548.420983
factor(conciseness_both) ~ exercise + ai + seq_num + ipaq_category + occupation + exercise:ipaq_category + (1 | part_id),478.640212,549.621733
factor(conciseness_both) ~ exercise + ai + seq_num + ipaq_category + occupation + ai:seq_num + (1 | part_id),480.113637,547.546082
factor(conciseness_both) ~ exercise + ai + seq_num + ipaq_category + occupation + exercise:seq_num + (1 | part_id),479.520345,546.952790
factor(conciseness_both) ~ exercise + ai + seq_num + ipaq_category + occupation + exercise:ai + exercise:ipaq_category + (1 | part_id),479.997483,554.528081
factor(conciseness_both) ~ exercise + ai + seq_num + ipaq_category + occupation + exercise:ai + ai:seq_num + (1 | part_id),481.862374,552.843896
factor(conciseness_both) ~ exercise + ai + seq_num + ipaq_category + occupation + exercise:ai + exercise:seq_num + (1 | part_id),481.082602,552.064124
factor(conciseness_both) ~ exercise + ai + seq_num + ipaq_category + occupation + exercise:ipaq_category + ai:seq_num + (1 | part_id),479.336155,553.866753
factor(conciseness_both) ~ exercise + ai + seq_num + ipaq_category + occupation + exercise:ipaq_category + exercise:seq_num + (1 | part_id),478.089923,552.620521
factor(conciseness_both) ~ exercise + ai + seq_num + ipaq_category + occupation + ai:seq_num + exercise:seq_num + (1 | part_id),480.081734,551.063256
factor(conciseness_both) ~ exercise + ai + seq_num + ipaq_category + occupation + exercise:ai + exercise:ipaq_category + ai:seq_num + (1 | part_id),480.813975,558.893649
factor(conciseness_both) ~ exercise + ai + seq_num + ipaq_category + occupation + exercise:ai + exercise:ipaq_category + exercise:seq_num + (1 | part_id),479.296720,557.376394
factor(conciseness_both) ~ exercise + ai + seq_num + ipaq_category + occupation + exercise:ai + ai:seq_num + exercise:seq_num + (1 | part_id),481.686572,556.217170
factor(conciseness_both) ~ exercise + ai + seq_num + ipaq_category + occupation + exercise:ipaq_category + ai:seq_num + exercise:seq_num + (1 | part_id),478.519261,556.598935
factor(conciseness_both) ~ exercise + ai + seq_num + ipaq_category + occupation + exercise:ai + exercise:ipaq_category + ai:seq_num + exercise:seq_num + (1 | part_id),479.758130,561.386879
factor(conciseness_both) ~ exercise + ai + seq_num + ipaq_category + order_group + (1 | part_id),480.796049,530.483115
factor(conciseness_both) ~ exercise + ai + seq_num + ipaq_category + order_group + exercise:ai + (1 | part_id),482.756252,535.992393
factor(conciseness_both) ~ exercise + ai + seq_num + ipaq_category + order_group + exercise:ipaq_category + (1 | part_id),480.237144,537.022362
factor(conciseness_both) ~ exercise + ai + seq_num + ipaq_category + order_group + ai:seq_num + (1 | part_id),481.351504,534.587646
factor(conciseness_both) ~ exercise + ai + seq_num + ipaq_category + order_group + exercise:seq_num + (1 | part_id),480.191527,533.427668
factor(conciseness_both) ~ exercise + ai + seq_num + ipaq_category + order_group + exercise:order_group + (1 | part_id),478.321558,531.557699
factor(conciseness_both) ~ exercise + ai + seq_num + ipaq_category + order_group + exercise:ai + exercise:ipaq_category + (1 | part_id),482.132423,542.466717
factor(conciseness_both) ~ exercise + ai + seq_num + ipaq_category + order_group + exercise:ai + ai:seq_num + (1 | part_id),483.333493,540.118710
factor(conciseness_both) ~ exercise + ai + seq_num + ipaq_category + order_group + exercise:ai + exercise:seq_num + (1 | part_id),482.159483,538.944700
factor(conciseness_both) ~ exercise + ai + seq_num + ipaq_category + order_group + exercise:ai + exercise:order_group + (1 | part_id),480.248405,537.033622
factor(conciseness_both) ~ exercise + ai + seq_num + ipaq_category + order_group + exercise:ipaq_category + ai:seq_num + (1 | part_id),480.816047,541.150341
factor(conciseness_both) ~ exercise + ai + seq_num + ipaq_category + order_group + exercise:ipaq_category + exercise:seq_num + (1 | part_id),479.132195,539.466488
factor(conciseness_both) ~ exercise + ai + seq_num + ipaq_category + order_group + exercise:ipaq_category + exercise:order_group + (1 | part_id),476.741904,537.076198
factor(conciseness_both) ~ exercise + ai + seq_num + ipaq_category + order_group + ai:seq_num + exercise:seq_num + (1 | part_id),480.335128,537.120345
factor(conciseness_both) ~ exercise + ai + seq_num + ipaq_category + order_group + ai:seq_num + exercise:order_group + (1 | part_id),479.148305,535.933523
factor(conciseness_both) ~ exercise + ai + seq_num + ipaq_category + order_group + exercise:seq_num + exercise:order_group + (1 | part_id),478.390895,535.176112
factor(conciseness_both) ~ exercise + ai + seq_num + ipaq_category + order_group + exercise:ai + exercise:ipaq_category + ai:seq_num + (1 | part_id),482.747985,546.631355
factor(conciseness_both) ~ exercise + ai + seq_num + ipaq_category + order_group + exercise:ai + exercise:ipaq_category + exercise:seq_num + (1 | part_id),481.036524,544.919894
factor(conciseness_both) ~ exercise + ai + seq_num + ipaq_category + order_group + exercise:ai + exercise:ipaq_category + exercise:order_group + (1 | part_id),478.532968,542.416337
factor(conciseness_both) ~ exercise + ai + seq_num + ipaq_category + order_group + exercise:ai + ai:seq_num + exercise:seq_num + (1 | part_id),482.302782,542.637075
factor(conciseness_both) ~ exercise + ai + seq_num + ipaq_category + order_group + exercise:ai + ai:seq_num + exercise:order_group + (1 | part_id),481.103370,541.437663
factor(conciseness_both) ~ exercise + ai + seq_num + ipaq_category + order_group + exercise:ai + exercise:seq_num + exercise:order_group + (1 | part_id),480.335741,540.670035
factor(conciseness_both) ~ exercise + ai + seq_num + ipaq_category + order_group + exercise:ipaq_category + ai:seq_num + exercise:seq_num + (1 | part_id),479.228445,543.111815
factor(conciseness_both) ~ exercise + ai + seq_num + ipaq_category + order_group + exercise:ipaq_category + ai:seq_num + exercise:order_group + (1 | part_id),477.625007,541.508376
factor(conciseness_both) ~ exercise + ai + seq_num + ipaq_category + order_group + exercise:ipaq_category + exercise:seq_num + exercise:order_group + (1 | part_id),476.315541,540.198911
factor(conciseness_both) ~ exercise + ai + seq_num + ipaq_category + order_group + ai:seq_num + exercise:seq_num + exercise:order_group + (1 | part_id),478.877266,539.211559
factor(conciseness_both) ~ exercise + ai + seq_num + ipaq_category + order_group + exercise:ai + exercise:ipaq_category + ai:seq_num + exercise:seq_num + (1 | part_id),481.139081,548.571527
factor(conciseness_both) ~ exercise + ai + seq_num + ipaq_category + order_group + exercise:ai + exercise:ipaq_category + ai:seq_num + exercise:order_group + (1 | part_id),479.460690,546.893135
factor(conciseness_both) ~ exercise + ai + seq_num + ipaq_category + order_group + exercise:ai + exercise:ipaq_category + exercise:seq_num + exercise:order_group + (1 | part_id),478.137851,545.570297
factor(conciseness_both) ~ exercise + ai + seq_num + ipaq_category + order_group + exercise:ai + ai:seq_num + exercise:seq_num + exercise:order_group + (1 | part_id),480.829423,544.712793
factor(conciseness_both) ~ exercise + ai + seq_num + ipaq_category + order_group + exercise:ipaq_category + ai:seq_num + exercise:seq_num + exercise:order_group + (1 | part_id),476.795855,544.228300
factor(conciseness_both) ~ exercise + ai + seq_num + ipaq_category + order_group + exercise:ai + exercise:ipaq_category + ai:seq_num + exercise:seq_num + exercise:order_group + (1 | part_id),478.632604,549.614125
factor(conciseness_both) ~ exercise + ai + seq_num + occupation + order_group + (1 | part_id),477.299617,537.633910
factor(conciseness_both) ~ exercise + ai + seq_num + occupation + order_group + exercise:ai + (1 | part_id),478.920080,542.803450
factor(conciseness_both) ~ exercise + ai + seq_num + occupation + order_group + ai:seq_num + (1 | part_id),478.055322,541.938692
factor(conciseness_both) ~ exercise + ai + seq_num + occupation + order_group + exercise:seq_num + (1 | part_id),476.491877,540.375246
factor(conciseness_both) ~ exercise + ai + seq_num + occupation + order_group + exercise:order_group + (1 | part_id),474.855601,538.738971
factor(conciseness_both) ~ exercise + ai + seq_num + occupation + order_group + exercise:ai + ai:seq_num + (1 | part_id),479.722747,547.155192
factor(conciseness_both) ~ exercise + ai + seq_num + occupation + order_group + exercise:ai + exercise:seq_num + (1 | part_id),478.157634,545.590079
factor(conciseness_both) ~ exercise + ai + seq_num + occupation + order_group + exercise:ai + exercise:order_group + (1 | part_id),476.332985,543.765431
factor(conciseness_both) ~ exercise + ai + seq_num + occupation + order_group + ai:seq_num + exercise:seq_num + (1 | part_id),476.973653,544.406099
factor(conciseness_both) ~ exercise + ai + seq_num + occupation + order_group + ai:seq_num + exercise:order_group + (1 | part_id),475.887299,543.319744
factor(conciseness_both) ~ exercise + ai + seq_num + occupation + order_group + exercise:seq_num + exercise:order_group + (1 | part_id),474.763169,542.195615
factor(conciseness_both) ~ exercise + ai + seq_num + occupation + order_group + exercise:ai + ai:seq_num + exercise:seq_num + (1 | part_id),478.631009,549.612531
factor(conciseness_both) ~ exercise + ai + seq_num + occupation + order_group + exercise:ai + ai:seq_num + exercise:order_group + (1 | part_id),477.413761,548.395283
factor(conciseness_both) ~ exercise + ai + seq_num + occupation + order_group + exercise:ai + exercise:seq_num + exercise:order_group + (1 | part_id),476.323369,547.304890
factor(conciseness_both) ~ exercise + ai + seq_num + occupation + order_group + ai:seq_num + exercise:seq_num + exercise:order_group + (1 | part_id),475.564554,546.546076
factor(conciseness_both) ~ exercise + ai + seq_num + occupation + order_group + exercise:ai + ai:seq_num + exercise:seq_num + exercise:order_group + (1 | part_id),477.127234,551.657832
factor(conciseness_both) ~ exercise + ai + seq_num + project_name + ipaq_category + occupation + (1 | part_id),477.241898,544.674344
factor(conciseness_both) ~ exercise + ai + seq_num + project_name + ipaq_category + occupation + exercise:ai + (1 | part_id),478.665235,549.646757
factor(conciseness_both) ~ exercise + ai + seq_num + project_name + ipaq_category + occupation + exercise:ipaq_category + (1 | part_id),477.573643,552.104241
factor(conciseness_both) ~ exercise + ai + seq_num + project_name + ipaq_category + occupation + ai:seq_num + (1 | part_id),478.077600,549.059122
factor(conciseness_both) ~ exercise + ai + seq_num + project_name + ipaq_category + occupation + exercise:seq_num + (1 | part_id),477.584623,548.566145
factor(conciseness_both) ~ exercise + ai + seq_num + project_name + ipaq_category + occupation + exercise:ai + exercise:ipaq_category + (1 | part_id),478.764806,556.844479
factor(conciseness_both) ~ exercise + ai + seq_num + project_name + ipaq_category + occupation + exercise:ai + ai:seq_num + (1 | part_id),479.623880,554.154478
factor(conciseness_both) ~ exercise + ai + seq_num + project_name + ipaq_category + occupation + exercise:ai + exercise:seq_num + (1 | part_id),478.933440,553.464038
factor(conciseness_both) ~ exercise + ai + seq_num + project_name + ipaq_category + occupation + exercise:ipaq_category + ai:seq_num + (1 | part_id),478.313713,556.393387
factor(conciseness_both) ~ exercise + ai + seq_num + project_name + ipaq_category + occupation + exercise:ipaq_category + exercise:seq_num + (1 | part_id),477.247475,555.327149
factor(conciseness_both) ~ exercise + ai + seq_num + project_name + ipaq_category + occupation + ai:seq_num + exercise:seq_num + (1 | part_id),478.259571,552.790169
factor(conciseness_both) ~ exercise + ai + seq_num + project_name + ipaq_category + occupation + exercise:ai + exercise:ipaq_category + ai:seq_num + (1 | part_id),479.620390,561.249140
factor(conciseness_both) ~ exercise + ai + seq_num + project_name + ipaq_category + occupation + exercise:ai + exercise:ipaq_category + exercise:seq_num + (1 | part_id),478.295367,559.924117
factor(conciseness_both) ~ exercise + ai + seq_num + project_name + ipaq_category + occupation + exercise:ai + ai:seq_num + exercise:seq_num + (1 | part_id),479.644915,557.724589
factor(conciseness_both) ~ exercise + ai + seq_num + project_name + ipaq_category + occupation + exercise:ipaq_category + ai:seq_num + exercise:seq_num + (1 | part_id),477.763061,559.391811
factor(conciseness_both) ~ exercise + ai + seq_num + project_name + ipaq_category + occupation + exercise:ai + exercise:ipaq_category + ai:seq_num + exercise:seq_num + (1 | part_id),478.827956,564.005782
factor(conciseness_both) ~ exercise + ai + seq_num + project_name + ipaq_category + order_group + (1 | part_id),479.286986,532.523127
factor(conciseness_both) ~ exercise + ai + seq_num + project_name + ipaq_category + order_group + exercise:ai + (1 | part_id),481.189278,537.974495
factor(conciseness_both) ~ exercise + ai + seq_num + project_name + ipaq_category + order_group + exercise:ipaq_category + (1 | part_id),479.601601,539.935894
factor(conciseness_both) ~ exercise + ai + seq_num + project_name + ipaq_category + order_group + ai:seq_num + (1 | part_id),479.990678,536.775895
factor(conciseness_both) ~ exercise + ai + seq_num + project_name + ipaq_category + order_group + exercise:seq_num + (1 | part_id),478.991757,535.776974
factor(conciseness_both) ~ exercise + ai + seq_num + project_name + ipaq_category + order_group + exercise:order_group + (1 | part_id),477.698155,534.483373
factor(conciseness_both) ~ exercise + ai + seq_num + project_name + ipaq_category + order_group + exercise:ai + exercise:ipaq_category + (1 | part_id),481.439068,545.322438
factor(conciseness_both) ~ exercise + ai + seq_num + project_name + ipaq_category + order_group + exercise:ai + ai:seq_num + (1 | part_id),481.924116,542.258409
factor(conciseness_both) ~ exercise + ai + seq_num + project_name + ipaq_category + order_group + exercise:ai + exercise:seq_num + (1 | part_id),480.910472,541.244766
factor(conciseness_both) ~ exercise + ai + seq_num + project_name + ipaq_category + order_group + exercise:ai + exercise:order_group + (1 | part_id),479.572521,539.906815
factor(conciseness_both) ~ exercise + ai + seq_num + project_name + ipaq_category + order_group + exercise:ipaq_category + ai:seq_num + (1 | part_id),480.275718,544.159088
factor(conciseness_both) ~ exercise + ai + seq_num + project_name + ipaq_category + order_group + exercise:ipaq_category + exercise:seq_num + (1 | part_id),478.804662,542.688031
factor(conciseness_both) ~ exercise + ai + seq_num + project_name + ipaq_category + order_group + exercise:ipaq_category + exercise:order_group + (1 | part_id),476.861581,540.744950
factor(conciseness_both) ~ exercise + ai + seq_num + project_name + ipaq_category + order_group + ai:seq_num + exercise:seq_num + (1 | part_id),479.337824,539.672117
factor(conciseness_both) ~ exercise + ai + seq_num + project_name + ipaq_category + order_group + ai:seq_num + exercise:order_group + (1 | part_id),478.619666,538.953960
factor(conciseness_both) ~ exercise + ai + seq_num + project_name + ipaq_category + order_group + exercise:seq_num + exercise:order_group + (1 | part_id),477.917139,538.251433
factor(conciseness_both) ~ exercise + ai + seq_num + project_name + ipaq_category + order_group + exercise:ai + exercise:ipaq_category + ai:seq_num + (1 | part_id),482.155188,549.587634
factor(conciseness_both) ~ exercise + ai + seq_num + project_name + ipaq_category + order_group + exercise:ai + exercise:ipaq_category + exercise:seq_num + (1 | part_id),480.659962,548.092407
factor(conciseness_both) ~ exercise + ai + seq_num + project_name + ipaq_category + order_group + exercise:ai + exercise:ipaq_category + exercise:order_group + (1 | part_id),478.609114,546.041560
factor(conciseness_both) ~ exercise + ai + seq_num + project_name + ipaq_category + order_group + exercise:ai + ai:seq_num + exercise:seq_num + (1 | part_id),481.259582,545.142951
factor(conciseness_both) ~ exercise + ai + seq_num + project_name + ipaq_category + order_group + exercise:ai + ai:seq_num + exercise:order_group + (1 | part_id),480.526705,544.410075
factor(conciseness_both) ~ exercise + ai + seq_num + project_name + ipaq_category + order_group + exercise:ai + exercise:seq_num + exercise:order_group + (1 | part_id),479.816705,543.700075
factor(conciseness_both) ~ exercise + ai + seq_num + project_name + ipaq_category + order_group + exercise:ipaq_category + ai:seq_num + exercise:seq_num + (1 | part_id),479.055446,546.487892
factor(conciseness_both) ~ exercise + ai + seq_num + project_name + ipaq_category + order_group + exercise:ipaq_category + ai:seq_num + exercise:order_group + (1 | part_id),477.808815,545.241261
factor(conciseness_both) ~ exercise + ai + seq_num + project_name + ipaq_category + order_group + exercise:ipaq_category + exercise:seq_num + exercise:order_group + (1 | part_id),476.585659,544.018104
factor(conciseness_both) ~ exercise + ai + seq_num + project_name + ipaq_category + order_group + ai:seq_num + exercise:seq_num + exercise:order_group + (1 | part_id),478.536435,542.419805
factor(conciseness_both) ~ exercise + ai + seq_num + project_name + ipaq_category + order_group + exercise:ai + exercise:ipaq_category + ai:seq_num + exercise:seq_num + (1 | part_id),480.913346,551.894868
factor(conciseness_both) ~ exercise + ai + seq_num + project_name + ipaq_category + order_group + exercise:ai + exercise:ipaq_category + ai:seq_num + exercise:order_group + (1 | part_id),479.603404,550.584926
factor(conciseness_both) ~ exercise + ai + seq_num + project_name + ipaq_category + order_group + exercise:ai + exercise:ipaq_category + exercise:seq_num + exercise:order_group + (1 | part_id),478.373657,549.355179
factor(conciseness_both) ~ exercise + ai + seq_num + project_name + ipaq_category + order_group + exercise:ai + ai:seq_num + exercise:seq_num + exercise:order_group + (1 | part_id),480.444462,547.876908
factor(conciseness_both) ~ exercise + ai + seq_num + project_name + ipaq_category + order_group + exercise:ipaq_category + ai:seq_num + exercise:seq_num + exercise:order_group + (1 | part_id),477.172042,548.153564
factor(conciseness_both) ~ exercise + ai + seq_num + project_name + ipaq_category + order_group + exercise:ai + exercise:ipaq_category + ai:seq_num + exercise:seq_num + exercise:order_group + (1 | part_id),478.968272,553.498870
factor(conciseness_both) ~ exercise + ai + seq_num + project_name + occupation + order_group + (1 | part_id),475.235374,539.118743
factor(conciseness_both) ~ exercise + ai + seq_num + project_name + occupation + order_group + exercise:ai + (1 | part_id),476.722144,544.154590
factor(conciseness_both) ~ exercise + ai + seq_num + project_name + occupation + order_group + ai:seq_num + (1 | part_id),476.000132,543.432577
factor(conciseness_both) ~ exercise + ai + seq_num + project_name + occupation + order_group + exercise:seq_num + (1 | part_id),474.766378,542.198823
factor(conciseness_both) ~ exercise + ai + seq_num + project_name + occupation + order_group + exercise:order_group + (1 | part_id),473.765670,541.198116
factor(conciseness_both) ~ exercise + ai + seq_num + project_name + occupation + order_group + exercise:ai + ai:seq_num + (1 | part_id),477.526353,548.507875
factor(conciseness_both) ~ exercise + ai + seq_num + project_name + occupation + order_group + exercise:ai + exercise:seq_num + (1 | part_id),476.307860,547.289381
factor(conciseness_both) ~ exercise + ai + seq_num + project_name + occupation + order_group + exercise:ai + exercise:order_group + (1 | part_id),475.140199,546.121721
factor(conciseness_both) ~ exercise + ai + seq_num + project_name + occupation + order_group + ai:seq_num + exercise:seq_num + (1 | part_id),475.303077,546.284599
factor(conciseness_both) ~ exercise + ai + seq_num + project_name + occupation + order_group + ai:seq_num + exercise:order_group + (1 | part_id),474.776741,545.758262
factor(conciseness_both) ~ exercise + ai + seq_num + project_name + occupation + order_group + exercise:seq_num + exercise:order_group + (1 | part_id),473.832882,544.814403
factor(conciseness_both) ~ exercise + ai + seq_num + project_name + occupation + order_group + exercise:ai + ai:seq_num + exercise:seq_num + (1 | part_id),476.823032,551.353630
factor(conciseness_both) ~ exercise + ai + seq_num + project_name + occupation + order_group + exercise:ai + ai:seq_num + exercise:order_group + (1 | part_id),476.191083,550.721681
factor(conciseness_both) ~ exercise + ai + seq_num + project_name + occupation + order_group + exercise:ai + exercise:seq_num + exercise:order_group + (1 | part_id),475.290958,549.821555
factor(conciseness_both) ~ exercise + ai + seq_num + project_name + occupation + order_group + ai:seq_num + exercise:seq_num + exercise:order_group + (1 | part_id),474.642351,549.172949
factor(conciseness_both) ~ exercise + ai + seq_num + project_name + occupation + order_group + exercise:ai + ai:seq_num + exercise:seq_num + exercise:order_group + (1 | part_id),476.088995,554.168669
factor(conciseness_both) ~ exercise + ai + seq_num + ipaq_category + occupation + order_group + (1 | part_id),481.285062,548.717508
factor(conciseness_both) ~ exercise + ai + seq_num + ipaq_category + occupation + order_group + exercise:ai + (1 | part_id),482.890443,553.871965
factor(conciseness_both) ~ exercise + ai + seq_num + ipaq_category + occupation + order_group + exercise:ipaq_category + (1 | part_id),480.447418,554.978016
factor(conciseness_both) ~ exercise + ai + seq_num + ipaq_category + occupation + order_group + ai:seq_num + (1 | part_id),482.028671,553.010193
factor(conciseness_both) ~ exercise + ai + seq_num + ipaq_category + occupation + order_group + exercise:seq_num + (1 | part_id),480.482294,551.463816
factor(conciseness_both) ~ exercise + ai + seq_num + ipaq_category + occupation + order_group + exercise:order_group + (1 | part_id),478.842067,549.823589
factor(conciseness_both) ~ exercise + ai + seq_num + ipaq_category + occupation + order_group + exercise:ai + exercise:ipaq_category + (1 | part_id),481.723821,559.803495
factor(conciseness_both) ~ exercise + ai + seq_num + ipaq_category + occupation + order_group + exercise:ai + ai:seq_num + (1 | part_id),483.721444,558.252042
factor(conciseness_both) ~ exercise + ai + seq_num + ipaq_category + occupation + order_group + exercise:ai + exercise:seq_num + (1 | part_id),482.139576,556.670174
factor(conciseness_both) ~ exercise + ai + seq_num + ipaq_category + occupation + order_group + exercise:ai + exercise:order_group + (1 | part_id),480.324216,554.854814
factor(conciseness_both) ~ exercise + ai + seq_num + ipaq_category + occupation + order_group + exercise:ipaq_category + ai:seq_num + (1 | part_id),481.105552,559.185226
factor(conciseness_both) ~ exercise + ai + seq_num + ipaq_category + occupation + order_group + exercise:ipaq_category + exercise:seq_num + (1 | part_id),479.145306,557.224980
factor(conciseness_both) ~ exercise + ai + seq_num + ipaq_category + occupation + order_group + exercise:ipaq_category + exercise:order_group + (1 | part_id),477.027676,555.107349
factor(conciseness_both) ~ exercise + ai + seq_num + ipaq_category + occupation + order_group + ai:seq_num + exercise:seq_num + (1 | part_id),480.929224,555.459822
factor(conciseness_both) ~ exercise + ai + seq_num + ipaq_category + occupation + order_group + ai:seq_num + exercise:order_group + (1 | part_id),479.833004,554.363602
factor(conciseness_both) ~ exercise + ai + seq_num + ipaq_category + occupation + order_group + exercise:seq_num + exercise:order_group + (1 | part_id),478.751078,553.281676
factor(conciseness_both) ~ exercise + ai + seq_num + ipaq_category + occupation + order_group + exercise:ai + exercise:ipaq_category + ai:seq_num + (1 | part_id),482.487390,564.116140
factor(conciseness_both) ~ exercise + ai + seq_num + ipaq_category + occupation + order_group + exercise:ai + exercise:ipaq_category + exercise:seq_num + (1 | part_id),480.486862,562.115612
factor(conciseness_both) ~ exercise + ai + seq_num + ipaq_category + occupation + order_group + exercise:ai + exercise:ipaq_category + exercise:order_group + (1 | part_id),477.980880,559.609630
factor(conciseness_both) ~ exercise + ai + seq_num + ipaq_category + occupation + order_group + exercise:ai + ai:seq_num + exercise:seq_num + (1 | part_id),482.621984,560.701658
factor(conciseness_both) ~ exercise + ai + seq_num + ipaq_category + occupation + order_group + exercise:ai + ai:seq_num + exercise:order_group + (1 | part_id),481.405781,559.485455
factor(conciseness_both) ~ exercise + ai + seq_num + ipaq_category + occupation + order_group + exercise:ai + exercise:seq_num + exercise:order_group + (1 | part_id),480.317272,558.396945
factor(conciseness_both) ~ exercise + ai + seq_num + ipaq_category + occupation + order_group + exercise:ipaq_category + ai:seq_num + exercise:seq_num + (1 | part_id),479.470480,561.099230
factor(conciseness_both) ~ exercise + ai + seq_num + ipaq_category + occupation + order_group + exercise:ipaq_category + ai:seq_num + exercise:order_group + (1 | part_id),477.972059,559.600809
factor(conciseness_both) ~ exercise + ai + seq_num + ipaq_category + occupation + order_group + exercise:ipaq_category + exercise:seq_num + exercise:order_group + (1 | part_id),476.431831,558.060581
factor(conciseness_both) ~ exercise + ai + seq_num + ipaq_category + occupation + order_group + ai:seq_num + exercise:seq_num + exercise:order_group + (1 | part_id),479.499070,557.578744
factor(conciseness_both) ~ exercise + ai + seq_num + ipaq_category + occupation + order_group + exercise:ai + exercise:ipaq_category + ai:seq_num + exercise:seq_num + (1 | part_id),480.840280,566.018106
factor(conciseness_both) ~ exercise + ai + seq_num + ipaq_category + occupation + order_group + exercise:ai + exercise:ipaq_category + ai:seq_num + exercise:order_group + (1 | part_id),479.033211,564.211037
factor(conciseness_both) ~ exercise + ai + seq_num + ipaq_category + occupation + order_group + exercise:ai + exercise:ipaq_category + exercise:seq_num + exercise:order_group + (1 | part_id),477.511229,562.689055
factor(conciseness_both) ~ exercise + ai + seq_num + ipaq_category + occupation + order_group + exercise:ai + ai:seq_num + exercise:seq_num + exercise:order_group + (1 | part_id),481.111609,562.740359
factor(conciseness_both) ~ exercise + ai + seq_num + ipaq_category + occupation + order_group + exercise:ipaq_category + ai:seq_num + exercise:seq_num + exercise:order_group + (1 | part_id),477.096004,562.273831
factor(conciseness_both) ~ exercise + ai + seq_num + ipaq_category + occupation + order_group + exercise:ai + exercise:ipaq_category + ai:seq_num + exercise:seq_num + exercise:order_group + (1 | part_id),478.216188,566.943090
factor(conciseness_both) ~ exercise + ai + seq_num + project_name + ipaq_category + occupation + order_group + (1 | part_id),479.175826,550.157347
factor(conciseness_both) ~ exercise + ai + seq_num + project_name + ipaq_category + occupation + order_group + exercise:ai + (1 | part_id),480.561194,555.091791
factor(conciseness_both) ~ exercise + ai + seq_num + project_name + ipaq_category + occupation + order_group + exercise:ipaq_category + (1 | part_id),479.394298,557.473972
factor(conciseness_both) ~ exercise + ai + seq_num + project_name + ipaq_category + occupation + order_group + ai:seq_num + (1 | part_id),479.997452,554.528050
factor(conciseness_both) ~ exercise + ai + seq_num + project_name + ipaq_category + occupation + order_group + exercise:seq_num + (1 | part_id),478.727320,553.257917
factor(conciseness_both) ~ exercise + ai + seq_num + project_name + ipaq_category + occupation + order_group + exercise:order_group + (1 | part_id),477.746170,552.276768
factor(conciseness_both) ~ exercise + ai + seq_num + project_name + ipaq_category + occupation + order_group + exercise:ai + exercise:ipaq_category + (1 | part_id),480.499246,562.127996
factor(conciseness_both) ~ exercise + ai + seq_num + project_name + ipaq_category + occupation + order_group + exercise:ai + ai:seq_num + (1 | part_id),481.474294,559.553968
factor(conciseness_both) ~ exercise + ai + seq_num + project_name + ipaq_category + occupation + order_group + exercise:ai + exercise:seq_num + (1 | part_id),480.185635,558.265309
factor(conciseness_both) ~ exercise + ai + seq_num + project_name + ipaq_category + occupation + order_group + exercise:ai + exercise:order_group + (1 | part_id),479.050080,557.129754
factor(conciseness_both) ~ exercise + ai + seq_num + project_name + ipaq_category + occupation + order_group + exercise:ipaq_category + ai:seq_num + (1 | part_id),480.102120,561.730870
factor(conciseness_both) ~ exercise + ai + seq_num + project_name + ipaq_category + occupation + order_group + exercise:ipaq_category + exercise:seq_num + (1 | part_id),478.438760,560.067510
factor(conciseness_both) ~ exercise + ai + seq_num + project_name + ipaq_category + occupation + order_group + exercise:ipaq_category + exercise:order_group + (1 | part_id),476.849405,558.478155
factor(conciseness_both) ~ exercise + ai + seq_num + project_name + ipaq_category + occupation + order_group + ai:seq_num + exercise:seq_num + (1 | part_id),479.302575,557.382249
factor(conciseness_both) ~ exercise + ai + seq_num + project_name + ipaq_category + occupation + order_group + ai:seq_num + exercise:order_group + (1 | part_id),478.774894,556.854568
factor(conciseness_both) ~ exercise + ai + seq_num + project_name + ipaq_category + occupation + order_group + exercise:seq_num + exercise:order_group + (1 | part_id),477.819294,555.898968
factor(conciseness_both) ~ exercise + ai + seq_num + project_name + ipaq_category + occupation + order_group + exercise:ai + exercise:ipaq_category + ai:seq_num + (1 | part_id),481.303311,566.481137
factor(conciseness_both) ~ exercise + ai + seq_num + project_name + ipaq_category + occupation + order_group + exercise:ai + exercise:ipaq_category + exercise:seq_num + (1 | part_id),479.624675,564.802501
factor(conciseness_both) ~ exercise + ai + seq_num + project_name + ipaq_category + occupation + order_group + exercise:ai + exercise:ipaq_category + exercise:order_group + (1 | part_id),477.695714,562.873540
factor(conciseness_both) ~ exercise + ai + seq_num + project_name + ipaq_category + occupation + order_group + exercise:ai + ai:seq_num + exercise:seq_num + (1 | part_id),480.793372,562.422122
factor(conciseness_both) ~ exercise + ai + seq_num + project_name + ipaq_category + occupation + order_group + exercise:ai + ai:seq_num + exercise:order_group + (1 | part_id),480.167662,561.796412
factor(conciseness_both) ~ exercise + ai + seq_num + project_name + ipaq_category + occupation + order_group + exercise:ai + exercise:seq_num + exercise:order_group + (1 | part_id),479.217200,560.845950
factor(conciseness_both) ~ exercise + ai + seq_num + project_name + ipaq_category + occupation + order_group + exercise:ipaq_category + ai:seq_num + exercise:seq_num + (1 | part_id),478.861335,564.039161
factor(conciseness_both) ~ exercise + ai + seq_num + project_name + ipaq_category + occupation + order_group + exercise:ipaq_category + ai:seq_num + exercise:order_group + (1 | part_id),477.819805,562.997631
factor(conciseness_both) ~ exercise + ai + seq_num + project_name + ipaq_category + occupation + order_group + exercise:ipaq_category + exercise:seq_num + exercise:order_group + (1 | part_id),476.417983,561.595809
factor(conciseness_both) ~ exercise + ai + seq_num + project_name + ipaq_category + occupation + order_group + ai:seq_num + exercise:seq_num + exercise:order_group + (1 | part_id),478.635927,560.264677
factor(conciseness_both) ~ exercise + ai + seq_num + project_name + ipaq_category + occupation + order_group + exercise:ai + exercise:ipaq_category + ai:seq_num + exercise:seq_num + (1 | part_id),480.063625,568.790527
factor(conciseness_both) ~ exercise + ai + seq_num + project_name + ipaq_category + occupation + order_group + exercise:ai + exercise:ipaq_category + ai:seq_num + exercise:order_group + (1 | part_id),478.760524,567.487426
factor(conciseness_both) ~ exercise + ai + seq_num + project_name + ipaq_category + occupation + order_group + exercise:ai + exercise:ipaq_category + exercise:seq_num + exercise:order_group + (1 | part_id),477.391603,566.118505
factor(conciseness_both) ~ exercise + ai + seq_num + project_name + ipaq_category + occupation + order_group + exercise:ai + ai:seq_num + exercise:seq_num + exercise:order_group + (1 | part_id),480.073721,565.251547
factor(conciseness_both) ~ exercise + ai + seq_num + project_name + ipaq_category + occupation + order_group + exercise:ipaq_category + ai:seq_num + exercise:seq_num + exercise:order_group + (1 | part_id),477.140689,565.867591
factor(conciseness_both) ~ exercise + ai + seq_num + project_name + ipaq_category + occupation + order_group + exercise:ai + exercise:ipaq_category + ai:seq_num + exercise:seq_num + exercise:order_group + (1 | part_id),478.139563,570.415541
