formula,AIC,BIC
sqrt(duration) ~ exercise + ai + seq_num + (1 | part_id),298.949527,310.993526
sqrt(duration) ~ exercise + ai + seq_num + (1 | stim_src_id),314.758287,326.802286
sqrt(duration) ~ exercise + ai + seq_num + (1 + ai | part_id),301.342361,317.401026
sqrt(duration) ~ exercise + ai + seq_num + (1 + exercise | part_id),301.170624,317.229290
sqrt(duration) ~ exercise + ai + seq_num + (1 | part_id) + (1 | stim_src_id),296.379807,310.431139
sqrt(duration) ~ exercise + ai + seq_num + (1 | stim_src_id) + (1 + ai | part_id),299.090574,317.156573
sqrt(duration) ~ exercise + ai + seq_num + (1 | stim_src_id) + (1 + exercise | part_id),299.958653,318.024652
sqrt(duration) ~ exercise + ai + seq_num + exercise:ai + (1 | part_id),300.946666,314.997998
sqrt(duration) ~ exercise + ai + seq_num + exercise:ai + (1 | stim_src_id),316.558037,330.609369
sqrt(duration) ~ exercise + ai + seq_num + exercise:ai + (1 + ai | part_id),303.192719,321.258718
sqrt(duration) ~ exercise + ai + seq_num + exercise:ai + (1 + exercise | part_id),302.818647,320.884646
sqrt(duration) ~ exercise + ai + seq_num + exercise:ai + (1 | part_id) + (1 | stim_src_id),298.293066,314.351732
sqrt(duration) ~ exercise + ai + seq_num + exercise:ai + (1 | stim_src_id) + (1 + ai | part_id),301.061020,321.134352
sqrt(duration) ~ exercise + ai + seq_num + exercise:ai + (1 | stim_src_id) + (1 + exercise | part_id),301.918110,321.991442
sqrt(duration) ~ exercise + ai + seq_num + ai:seq_num + (1 | part_id),298.133024,312.184356
sqrt(duration) ~ exercise + ai + seq_num + ai:seq_num + (1 | stim_src_id),316.638643,330.689976
sqrt(duration) ~ exercise + ai + seq_num + ai:seq_num + (1 + ai | part_id),300.307068,318.373067
sqrt(duration) ~ exercise + ai + seq_num + ai:seq_num + (1 + exercise | part_id),300.742486,318.808484
sqrt(duration) ~ exercise + ai + seq_num + ai:seq_num + (1 | part_id) + (1 | stim_src_id),296.956736,313.015402
sqrt(duration) ~ exercise + ai + seq_num + ai:seq_num + (1 | stim_src_id) + (1 + ai | part_id),299.810590,319.883922
sqrt(duration) ~ exercise + ai + seq_num + ai:seq_num + (1 | stim_src_id) + (1 + exercise | part_id),300.768147,320.841479
sqrt(duration) ~ exercise + ai + seq_num + exercise:seq_num + (1 | part_id),300.925078,314.976411
sqrt(duration) ~ exercise + ai + seq_num + exercise:seq_num + (1 | stim_src_id),315.585661,329.636993
sqrt(duration) ~ exercise + ai + seq_num + exercise:seq_num + (1 + ai | part_id),303.342135,321.408134
sqrt(duration) ~ exercise + ai + seq_num + exercise:seq_num + (1 + exercise | part_id),303.153010,321.219009
sqrt(duration) ~ exercise + ai + seq_num + exercise:seq_num + (1 | part_id) + (1 | stim_src_id),298.366624,314.425289
sqrt(duration) ~ exercise + ai + seq_num + exercise:seq_num + (1 | stim_src_id) + (1 + ai | part_id),301.080995,321.154326
sqrt(duration) ~ exercise + ai + seq_num + exercise:seq_num + (1 | stim_src_id) + (1 + exercise | part_id),301.924015,321.997347
sqrt(duration) ~ exercise + ai + seq_num + exercise:ai + ai:seq_num + (1 | part_id),300.078243,316.136909
sqrt(duration) ~ exercise + ai + seq_num + exercise:ai + ai:seq_num + (1 | stim_src_id),318.371313,334.429978
sqrt(duration) ~ exercise + ai + seq_num + exercise:ai + ai:seq_num + (1 + ai | part_id),302.298158,322.371490
sqrt(duration) ~ exercise + ai + seq_num + exercise:ai + ai:seq_num + (1 + exercise | part_id),302.719813,322.793145
sqrt(duration) ~ exercise + ai + seq_num + exercise:ai + ai:seq_num + (1 | part_id) + (1 | stim_src_id),298.789193,316.855192
sqrt(duration) ~ exercise + ai + seq_num + exercise:ai + ai:seq_num + (1 | stim_src_id) + (1 + ai | part_id),301.727579,323.808244
sqrt(duration) ~ exercise + ai + seq_num + exercise:ai + ai:seq_num + (1 | stim_src_id) + (1 + exercise | part_id),302.647121,324.727786
sqrt(duration) ~ exercise + ai + seq_num + exercise:ai + exercise:seq_num + (1 | part_id),302.923583,318.982248
sqrt(duration) ~ exercise + ai + seq_num + exercise:ai + exercise:seq_num + (1 | stim_src_id),316.867474,332.926139
sqrt(duration) ~ exercise + ai + seq_num + exercise:ai + exercise:seq_num + (1 + ai | part_id),305.185685,325.259017
sqrt(duration) ~ exercise + ai + seq_num + exercise:ai + exercise:seq_num + (1 + exercise | part_id),304.816226,324.889558
sqrt(duration) ~ exercise + ai + seq_num + exercise:ai + exercise:seq_num + (1 | part_id) + (1 | stim_src_id),300.274501,318.340500
sqrt(duration) ~ exercise + ai + seq_num + exercise:ai + exercise:seq_num + (1 | stim_src_id) + (1 + ai | part_id),303.047684,325.128349
sqrt(duration) ~ exercise + ai + seq_num + exercise:ai + exercise:seq_num + (1 | stim_src_id) + (1 + exercise | part_id),303.878295,325.958960
sqrt(duration) ~ exercise + ai + seq_num + ai:seq_num + exercise:seq_num + (1 | part_id),299.848599,315.907264
sqrt(duration) ~ exercise + ai + seq_num + ai:seq_num + exercise:seq_num + (1 | stim_src_id),317.277335,333.336001
sqrt(duration) ~ exercise + ai + seq_num + ai:seq_num + exercise:seq_num + (1 + ai | part_id),302.138323,322.211655
sqrt(duration) ~ exercise + ai + seq_num + ai:seq_num + exercise:seq_num + (1 + exercise | part_id),302.506487,322.579819
sqrt(duration) ~ exercise + ai + seq_num + ai:seq_num + exercise:seq_num + (1 | part_id) + (1 | stim_src_id),298.803494,316.869493
sqrt(duration) ~ exercise + ai + seq_num + ai:seq_num + exercise:seq_num + (1 | stim_src_id) + (1 + ai | part_id),301.696312,323.776977
sqrt(duration) ~ exercise + ai + seq_num + ai:seq_num + exercise:seq_num + (1 | stim_src_id) + (1 + exercise | part_id),302.601437,324.682102
sqrt(duration) ~ exercise + ai + seq_num + exercise:ai + ai:seq_num + exercise:seq_num + (1 | part_id),301.763270,319.829268
sqrt(duration) ~ exercise + ai + seq_num + exercise:ai + ai:seq_num + exercise:seq_num + (1 | stim_src_id),318.228776,336.294775
sqrt(duration) ~ exercise + ai + seq_num + exercise:ai + ai:seq_num + exercise:seq_num + (1 + ai | part_id),304.138300,326.218965
sqrt(duration) ~ exercise + ai + seq_num + exercise:ai + ai:seq_num + exercise:seq_num + (1 + exercise | part_id),304.501570,326.582235
sqrt(duration) ~ exercise + ai + seq_num + exercise:ai + ai:seq_num + exercise:seq_num + (1 | part_id) + (1 | stim_src_id),300.609034,320.682366
sqrt(duration) ~ exercise + ai + seq_num + exercise:ai + ai:seq_num + exercise:seq_num + (1 | stim_src_id) + (1 + ai | part_id),303.590185,327.678183
sqrt(duration) ~ exercise + ai + seq_num + exercise:ai + ai:seq_num + exercise:seq_num + (1 | stim_src_id) + (1 + exercise | part_id),304.457000,328.544998
sqrt(duration) ~ exercise + ai + seq_num + project_name + (1 | part_id),300.691258,314.742590
sqrt(duration) ~ exercise + ai + seq_num + project_name + (1 | stim_src_id),316.740313,330.791645
sqrt(duration) ~ exercise + ai + seq_num + project_name + (1 + ai | part_id),303.286218,321.352217
sqrt(duration) ~ exercise + ai + seq_num + project_name + (1 + exercise | part_id),303.027244,321.093243
sqrt(duration) ~ exercise + ai + seq_num + project_name + (1 | part_id) + (1 | stim_src_id),298.146224,314.204890
sqrt(duration) ~ exercise + ai + seq_num + project_name + (1 | stim_src_id) + (1 + ai | part_id),300.889147,320.962479
sqrt(duration) ~ exercise + ai + seq_num + project_name + (1 | stim_src_id) + (1 + exercise | part_id),301.860106,321.933437
sqrt(duration) ~ exercise + ai + seq_num + project_name + exercise:ai + (1 | part_id),302.687801,318.746466
sqrt(duration) ~ exercise + ai + seq_num + project_name + exercise:ai + (1 | stim_src_id),318.537036,334.595701
sqrt(duration) ~ exercise + ai + seq_num + project_name + exercise:ai + (1 + ai | part_id),305.166700,325.240032
sqrt(duration) ~ exercise + ai + seq_num + project_name + exercise:ai + (1 + exercise | part_id),304.557421,324.630753
sqrt(duration) ~ exercise + ai + seq_num + project_name + exercise:ai + (1 | part_id) + (1 | stim_src_id),300.056069,318.122067
sqrt(duration) ~ exercise + ai + seq_num + project_name + exercise:ai + (1 | stim_src_id) + (1 + ai | part_id),302.856651,324.937316
sqrt(duration) ~ exercise + ai + seq_num + project_name + exercise:ai + (1 | stim_src_id) + (1 + exercise | part_id),303.812144,325.892809
sqrt(duration) ~ exercise + ai + seq_num + project_name + ai:seq_num + (1 | part_id),299.580569,315.639235
sqrt(duration) ~ exercise + ai + seq_num + project_name + ai:seq_num + (1 | stim_src_id),318.628787,334.687452
sqrt(duration) ~ exercise + ai + seq_num + project_name + ai:seq_num + (1 + ai | part_id),302.092483,322.165815
sqrt(duration) ~ exercise + ai + seq_num + project_name + ai:seq_num + (1 + exercise | part_id),302.740182,322.813514
sqrt(duration) ~ exercise + ai + seq_num + project_name + ai:seq_num + (1 | part_id) + (1 | stim_src_id),298.493425,316.559424
sqrt(duration) ~ exercise + ai + seq_num + project_name + ai:seq_num + (1 | stim_src_id) + (1 + ai | part_id),301.398078,323.478743
sqrt(duration) ~ exercise + ai + seq_num + project_name + ai:seq_num + (1 | stim_src_id) + (1 + exercise | part_id),302.445624,324.526289
sqrt(duration) ~ exercise + ai + seq_num + project_name + exercise:seq_num + (1 | part_id),302.691192,318.749858
sqrt(duration) ~ exercise + ai + seq_num + project_name + exercise:seq_num + (1 | stim_src_id),317.534372,333.593037
sqrt(duration) ~ exercise + ai + seq_num + project_name + exercise:seq_num + (1 + ai | part_id),305.284425,325.357757
sqrt(duration) ~ exercise + ai + seq_num + project_name + exercise:seq_num + (1 + exercise | part_id),304.938018,325.011349
sqrt(duration) ~ exercise + ai + seq_num + project_name + exercise:seq_num + (1 | part_id) + (1 | stim_src_id),300.146139,318.212138
sqrt(duration) ~ exercise + ai + seq_num + project_name + exercise:seq_num + (1 | stim_src_id) + (1 + ai | part_id),302.888692,324.969357
sqrt(duration) ~ exercise + ai + seq_num + project_name + exercise:seq_num + (1 | stim_src_id) + (1 + exercise | part_id),303.850773,325.931438
sqrt(duration) ~ exercise + ai + seq_num + project_name + exercise:ai + ai:seq_num + (1 | part_id),301.519142,319.585141
sqrt(duration) ~ exercise + ai + seq_num + project_name + exercise:ai + ai:seq_num + (1 | stim_src_id),320.361255,338.427254
sqrt(duration) ~ exercise + ai + seq_num + project_name + exercise:ai + ai:seq_num + (1 + ai | part_id),304.092213,326.172878
sqrt(duration) ~ exercise + ai + seq_num + project_name + exercise:ai + ai:seq_num + (1 + exercise | part_id),304.719807,326.800472
sqrt(duration) ~ exercise + ai + seq_num + project_name + exercise:ai + ai:seq_num + (1 | part_id) + (1 | stim_src_id),300.311039,320.384371
sqrt(duration) ~ exercise + ai + seq_num + project_name + exercise:ai + ai:seq_num + (1 | stim_src_id) + (1 + ai | part_id),303.301839,327.389837
sqrt(duration) ~ exercise + ai + seq_num + project_name + exercise:ai + ai:seq_num + (1 | stim_src_id) + (1 + exercise | part_id),304.288513,328.376511
sqrt(duration) ~ exercise + ai + seq_num + project_name + exercise:ai + exercise:seq_num + (1 | part_id),304.687797,322.753796
sqrt(duration) ~ exercise + ai + seq_num + project_name + exercise:ai + exercise:seq_num + (1 | stim_src_id),318.788505,336.854504
sqrt(duration) ~ exercise + ai + seq_num + project_name + exercise:ai + exercise:seq_num + (1 + ai | part_id),307.154003,329.234668
sqrt(duration) ~ exercise + ai + seq_num + project_name + exercise:ai + exercise:seq_num + (1 + exercise | part_id),306.496019,328.576684
sqrt(duration) ~ exercise + ai + seq_num + project_name + exercise:ai + exercise:seq_num + (1 | part_id) + (1 | stim_src_id),302.055913,322.129245
sqrt(duration) ~ exercise + ai + seq_num + project_name + exercise:ai + exercise:seq_num + (1 | stim_src_id) + (1 + ai | part_id),304.856638,328.944636
sqrt(duration) ~ exercise + ai + seq_num + project_name + exercise:ai + exercise:seq_num + (1 | stim_src_id) + (1 + exercise | part_id),305.800570,329.888568
sqrt(duration) ~ exercise + ai + seq_num + project_name + ai:seq_num + exercise:seq_num + (1 | part_id),301.463155,319.529154
sqrt(duration) ~ exercise + ai + seq_num + project_name + ai:seq_num + exercise:seq_num + (1 | stim_src_id),319.247501,337.313500
sqrt(duration) ~ exercise + ai + seq_num + project_name + ai:seq_num + exercise:seq_num + (1 + ai | part_id),303.998984,326.079649
sqrt(duration) ~ exercise + ai + seq_num + project_name + ai:seq_num + exercise:seq_num + (1 + exercise | part_id),304.492983,326.573648
sqrt(duration) ~ exercise + ai + seq_num + project_name + ai:seq_num + exercise:seq_num + (1 | part_id) + (1 | stim_src_id),300.439275,320.512607
sqrt(duration) ~ exercise + ai + seq_num + project_name + ai:seq_num + exercise:seq_num + (1 | stim_src_id) + (1 + ai | part_id),303.364783,327.452782
sqrt(duration) ~ exercise + ai + seq_num + project_name + ai:seq_num + exercise:seq_num + (1 | stim_src_id) + (1 + exercise | part_id),304.376208,328.464207
sqrt(duration) ~ exercise + ai + seq_num + project_name + exercise:ai + ai:seq_num + exercise:seq_num + (1 | part_id),303.381714,323.455045
sqrt(duration) ~ exercise + ai + seq_num + project_name + exercise:ai + ai:seq_num + exercise:seq_num + (1 | stim_src_id),320.187589,340.260921
sqrt(duration) ~ exercise + ai + seq_num + project_name + exercise:ai + ai:seq_num + exercise:seq_num + (1 + ai | part_id),305.997754,330.085753
sqrt(duration) ~ exercise + ai + seq_num + project_name + exercise:ai + ai:seq_num + exercise:seq_num + (1 + exercise | part_id),306.482223,330.570221
sqrt(duration) ~ exercise + ai + seq_num + project_name + exercise:ai + ai:seq_num + exercise:seq_num + (1 | part_id) + (1 | stim_src_id),302.241002,324.321667
sqrt(duration) ~ exercise + ai + seq_num + project_name + exercise:ai + ai:seq_num + exercise:seq_num + (1 | stim_src_id) + (1 + ai | part_id),305.255875,331.351206
sqrt(duration) ~ exercise + ai + seq_num + project_name + exercise:ai + ai:seq_num + exercise:seq_num + (1 | stim_src_id) + (1 + exercise | part_id),306.207072,332.302404
sqrt(duration) ~ exercise + ai + seq_num + ipaq_category + (1 | part_id),299.681781,315.740446
sqrt(duration) ~ exercise + ai + seq_num + ipaq_category + (1 | stim_src_id),314.136346,330.195012
sqrt(duration) ~ exercise + ai + seq_num + ipaq_category + (1 + ai | part_id),302.308071,322.381403
sqrt(duration) ~ exercise + ai + seq_num + ipaq_category + (1 + exercise | part_id),302.122648,322.195980
sqrt(duration) ~ exercise + ai + seq_num + ipaq_category + (1 | part_id) + (1 | stim_src_id),297.326808,315.392807
sqrt(duration) ~ exercise + ai + seq_num + ipaq_category + (1 | stim_src_id) + (1 + ai | part_id),300.190499,322.271164
sqrt(duration) ~ exercise + ai + seq_num + ipaq_category + (1 | stim_src_id) + (1 + exercise | part_id),301.130024,323.210689
sqrt(duration) ~ exercise + ai + seq_num + ipaq_category + exercise:ai + (1 | part_id),301.537556,319.603554
sqrt(duration) ~ exercise + ai + seq_num + ipaq_category + exercise:ai + (1 | stim_src_id),316.134097,334.200096
sqrt(duration) ~ exercise + ai + seq_num + ipaq_category + exercise:ai + (1 + ai | part_id),304.290620,326.371285
sqrt(duration) ~ exercise + ai + seq_num + ipaq_category + exercise:ai + (1 + exercise | part_id),304.114882,326.195547
sqrt(duration) ~ exercise + ai + seq_num + ipaq_category + exercise:ai + (1 | part_id) + (1 | stim_src_id),298.926880,319.000212
sqrt(duration) ~ exercise + ai + seq_num + ipaq_category + exercise:ai + (1 | stim_src_id) + (1 + ai | part_id),301.905090,325.993088
sqrt(duration) ~ exercise + ai + seq_num + ipaq_category + exercise:ai + (1 | stim_src_id) + (1 + exercise | part_id),302.814706,326.902705
sqrt(duration) ~ exercise + ai + seq_num + ipaq_category + exercise:ipaq_category + (1 | part_id),303.574875,323.648207
sqrt(duration) ~ exercise + ai + seq_num + ipaq_category + exercise:ipaq_category + (1 | stim_src_id),317.162431,337.235763
sqrt(duration) ~ exercise + ai + seq_num + ipaq_category + exercise:ipaq_category + (1 + ai | part_id),306.151050,330.239048
sqrt(duration) ~ exercise + ai + seq_num + ipaq_category + exercise:ipaq_category + (1 + exercise | part_id),305.931446,330.019444
sqrt(duration) ~ exercise + ai + seq_num + ipaq_category + exercise:ipaq_category + (1 | part_id) + (1 | stim_src_id),301.250661,323.331326
sqrt(duration) ~ exercise + ai + seq_num + ipaq_category + exercise:ipaq_category + (1 | stim_src_id) + (1 + ai | part_id),304.087701,330.183033
sqrt(duration) ~ exercise + ai + seq_num + ipaq_category + exercise:ipaq_category + (1 | stim_src_id) + (1 + exercise | part_id),305.010321,331.105653
sqrt(duration) ~ exercise + ai + seq_num + ipaq_category + ai:seq_num + (1 | part_id),299.657288,317.723287
sqrt(duration) ~ exercise + ai + seq_num + ipaq_category + ai:seq_num + (1 | stim_src_id),315.766989,333.832988
sqrt(duration) ~ exercise + ai + seq_num + ipaq_category + ai:seq_num + (1 + ai | part_id),302.047159,324.127824
sqrt(duration) ~ exercise + ai + seq_num + ipaq_category + ai:seq_num + (1 + exercise | part_id),302.531260,324.611925
sqrt(duration) ~ exercise + ai + seq_num + ipaq_category + ai:seq_num + (1 | part_id) + (1 | stim_src_id),298.448034,318.521366
sqrt(duration) ~ exercise + ai + seq_num + ipaq_category + ai:seq_num + (1 | stim_src_id) + (1 + ai | part_id),301.451643,325.539642
sqrt(duration) ~ exercise + ai + seq_num + ipaq_category + ai:seq_num + (1 | stim_src_id) + (1 + exercise | part_id),302.402548,326.490546
sqrt(duration) ~ exercise + ai + seq_num + ipaq_category + exercise:seq_num + (1 | part_id),301.524638,319.590637
sqrt(duration) ~ exercise + ai + seq_num + ipaq_category + exercise:seq_num + (1 | stim_src_id),312.696885,330.762884
sqrt(duration) ~ exercise + ai + seq_num + ipaq_category + exercise:seq_num + (1 + ai | part_id),304.033867,326.114532
sqrt(duration) ~ exercise + ai + seq_num + ipaq_category + exercise:seq_num + (1 + exercise | part_id),304.033496,326.114161
sqrt(duration) ~ exercise + ai + seq_num + ipaq_category + exercise:seq_num + (1 | part_id) + (1 | stim_src_id),299.137670,319.211002
sqrt(duration) ~ exercise + ai + seq_num + ipaq_category + exercise:seq_num + (1 | stim_src_id) + (1 + ai | part_id),301.897479,325.985477
sqrt(duration) ~ exercise + ai + seq_num + ipaq_category + exercise:seq_num + (1 | stim_src_id) + (1 + exercise | part_id),302.999446,327.087445
sqrt(duration) ~ exercise + ai + seq_num + ipaq_category + exercise:ai + exercise:ipaq_category + (1 | part_id),305.437303,327.517968
sqrt(duration) ~ exercise + ai + seq_num + ipaq_category + exercise:ai + exercise:ipaq_category + (1 | stim_src_id),319.160858,341.241523
sqrt(duration) ~ exercise + ai + seq_num + ipaq_category + exercise:ai + exercise:ipaq_category + (1 + ai | part_id),308.135831,334.231163
sqrt(duration) ~ exercise + ai + seq_num + ipaq_category + exercise:ai + exercise:ipaq_category + (1 + exercise | part_id),307.922851,334.018182
sqrt(duration) ~ exercise + ai + seq_num + ipaq_category + exercise:ai + exercise:ipaq_category + (1 | part_id) + (1 | stim_src_id),302.849341,326.937340
sqrt(duration) ~ exercise + ai + seq_num + ipaq_category + exercise:ai + exercise:ipaq_category + (1 | stim_src_id) + (1 + ai | part_id),305.792655,333.895320
sqrt(duration) ~ exercise + ai + seq_num + ipaq_category + exercise:ai + exercise:ipaq_category + (1 | stim_src_id) + (1 + exercise | part_id),306.698816,334.801481
sqrt(duration) ~ exercise + ai + seq_num + ipaq_category + exercise:ai + ai:seq_num + (1 | part_id),301.346907,321.420239
sqrt(duration) ~ exercise + ai + seq_num + ipaq_category + exercise:ai + ai:seq_num + (1 | stim_src_id),317.753089,337.826421
sqrt(duration) ~ exercise + ai + seq_num + ipaq_category + exercise:ai + ai:seq_num + (1 + ai | part_id),303.959429,328.047427
sqrt(duration) ~ exercise + ai + seq_num + ipaq_category + exercise:ai + ai:seq_num + (1 + exercise | part_id),304.475666,328.563664
sqrt(duration) ~ exercise + ai + seq_num + ipaq_category + exercise:ai + ai:seq_num + (1 | part_id) + (1 | stim_src_id),299.980401,322.061066
sqrt(duration) ~ exercise + ai + seq_num + ipaq_category + exercise:ai + ai:seq_num + (1 | stim_src_id) + (1 + ai | part_id),303.111600,329.206931
sqrt(duration) ~ exercise + ai + seq_num + ipaq_category + exercise:ai + ai:seq_num + (1 | stim_src_id) + (1 + exercise | part_id),303.971024,330.066356
sqrt(duration) ~ exercise + ai + seq_num + ipaq_category + exercise:ai + exercise:seq_num + (1 | part_id),303.411892,323.485223
sqrt(duration) ~ exercise + ai + seq_num + ipaq_category + exercise:ai + exercise:seq_num + (1 | stim_src_id),314.185366,334.258698
sqrt(duration) ~ exercise + ai + seq_num + ipaq_category + exercise:ai + exercise:seq_num + (1 + ai | part_id),306.033103,330.121101
sqrt(duration) ~ exercise + ai + seq_num + ipaq_category + exercise:ai + exercise:seq_num + (1 + exercise | part_id),306.019379,330.107377
sqrt(duration) ~ exercise + ai + seq_num + ipaq_category + exercise:ai + exercise:seq_num + (1 | part_id) + (1 | stim_src_id),300.785917,322.866582
sqrt(duration) ~ exercise + ai + seq_num + ipaq_category + exercise:ai + exercise:seq_num + (1 | stim_src_id) + (1 + ai | part_id),303.684199,329.779530
sqrt(duration) ~ exercise + ai + seq_num + ipaq_category + exercise:ai + exercise:seq_num + (1 | stim_src_id) + (1 + exercise | part_id),304.709427,330.804759
sqrt(duration) ~ exercise + ai + seq_num + ipaq_category + exercise:ipaq_category + ai:seq_num + (1 | part_id),303.320292,325.400957
sqrt(duration) ~ exercise + ai + seq_num + ipaq_category + exercise:ipaq_category + ai:seq_num + (1 | stim_src_id),319.036837,341.117502
sqrt(duration) ~ exercise + ai + seq_num + ipaq_category + exercise:ipaq_category + ai:seq_num + (1 + ai | part_id),305.748643,331.843975
sqrt(duration) ~ exercise + ai + seq_num + ipaq_category + exercise:ipaq_category + ai:seq_num + (1 + exercise | part_id),306.310379,332.405710
sqrt(duration) ~ exercise + ai + seq_num + ipaq_category + exercise:ipaq_category + ai:seq_num + (1 | part_id) + (1 | stim_src_id),302.176206,326.264204
sqrt(duration) ~ exercise + ai + seq_num + ipaq_category + exercise:ipaq_category + ai:seq_num + (1 | stim_src_id) + (1 + ai | part_id),305.195066,333.297730
sqrt(duration) ~ exercise + ai + seq_num + ipaq_category + exercise:ipaq_category + ai:seq_num + (1 | stim_src_id) + (1 + exercise | part_id),306.102055,334.204720
sqrt(duration) ~ exercise + ai + seq_num + ipaq_category + exercise:ipaq_category + exercise:seq_num + (1 | part_id),305.445723,327.526388
sqrt(duration) ~ exercise + ai + seq_num + ipaq_category + exercise:ipaq_category + exercise:seq_num + (1 | stim_src_id),314.770300,336.850965
sqrt(duration) ~ exercise + ai + seq_num + ipaq_category + exercise:ipaq_category + exercise:seq_num + (1 + ai | part_id),307.920802,334.016133
sqrt(duration) ~ exercise + ai + seq_num + ipaq_category + exercise:ipaq_category + exercise:seq_num + (1 + exercise | part_id),307.884273,333.979605
sqrt(duration) ~ exercise + ai + seq_num + ipaq_category + exercise:ipaq_category + exercise:seq_num + (1 | part_id) + (1 | stim_src_id),303.046471,327.134470
sqrt(duration) ~ exercise + ai + seq_num + ipaq_category + exercise:ipaq_category + exercise:seq_num + (1 | stim_src_id) + (1 + ai | part_id),305.792649,333.895314
sqrt(duration) ~ exercise + ai + seq_num + ipaq_category + exercise:ipaq_category + exercise:seq_num + (1 | stim_src_id) + (1 + exercise | part_id),306.851630,334.954295
sqrt(duration) ~ exercise + ai + seq_num + ipaq_category + ai:seq_num + exercise:seq_num + (1 | part_id),301.657282,321.730613
sqrt(duration) ~ exercise + ai + seq_num + ipaq_category + ai:seq_num + exercise:seq_num + (1 | stim_src_id),313.531294,333.604626
sqrt(duration) ~ exercise + ai + seq_num + ipaq_category + ai:seq_num + exercise:seq_num + (1 + ai | part_id),304.033513,328.121511
sqrt(duration) ~ exercise + ai + seq_num + ipaq_category + ai:seq_num + exercise:seq_num + (1 + exercise | part_id),304.529419,328.617418
sqrt(duration) ~ exercise + ai + seq_num + ipaq_category + ai:seq_num + exercise:seq_num + (1 | part_id) + (1 | stim_src_id),300.424319,322.504984
sqrt(duration) ~ exercise + ai + seq_num + ipaq_category + ai:seq_num + exercise:seq_num + (1 | stim_src_id) + (1 + ai | part_id),303.369832,329.465164
sqrt(duration) ~ exercise + ai + seq_num + ipaq_category + ai:seq_num + exercise:seq_num + (1 | stim_src_id) + (1 + exercise | part_id),304.385074,330.480406
sqrt(duration) ~ exercise + ai + seq_num + ipaq_category + exercise:ai + exercise:ipaq_category + ai:seq_num + (1 | part_id),304.988716,329.076714
sqrt(duration) ~ exercise + ai + seq_num + ipaq_category + exercise:ai + exercise:ipaq_category + ai:seq_num + (1 | stim_src_id),321.029755,345.117753
sqrt(duration) ~ exercise + ai + seq_num + ipaq_category + exercise:ai + exercise:ipaq_category + ai:seq_num + (1 + ai | part_id),307.629327,335.731991
sqrt(duration) ~ exercise + ai + seq_num + ipaq_category + exercise:ai + exercise:ipaq_category + ai:seq_num + (1 + exercise | part_id),308.234306,336.336970
sqrt(duration) ~ exercise + ai + seq_num + ipaq_category + exercise:ai + exercise:ipaq_category + ai:seq_num + (1 | part_id) + (1 | stim_src_id),303.683971,329.779303
sqrt(duration) ~ exercise + ai + seq_num + ipaq_category + exercise:ai + exercise:ipaq_category + ai:seq_num + (1 | stim_src_id) + (1 + ai | part_id),306.815321,336.925318
sqrt(duration) ~ exercise + ai + seq_num + ipaq_category + exercise:ai + exercise:ipaq_category + ai:seq_num + (1 | stim_src_id) + (1 + exercise | part_id),307.657943,337.767941
sqrt(duration) ~ exercise + ai + seq_num + ipaq_category + exercise:ai + exercise:ipaq_category + exercise:seq_num + (1 | part_id),307.335442,331.423441
sqrt(duration) ~ exercise + ai + seq_num + ipaq_category + exercise:ai + exercise:ipaq_category + exercise:seq_num + (1 | stim_src_id),316.158461,340.246459
sqrt(duration) ~ exercise + ai + seq_num + ipaq_category + exercise:ai + exercise:ipaq_category + exercise:seq_num + (1 + ai | part_id),309.919843,338.022508
sqrt(duration) ~ exercise + ai + seq_num + ipaq_category + exercise:ai + exercise:ipaq_category + exercise:seq_num + (1 + exercise | part_id),309.871117,337.973782
sqrt(duration) ~ exercise + ai + seq_num + ipaq_category + exercise:ai + exercise:ipaq_category + exercise:seq_num + (1 | part_id) + (1 | stim_src_id),304.691978,330.787309
sqrt(duration) ~ exercise + ai + seq_num + ipaq_category + exercise:ai + exercise:ipaq_category + exercise:seq_num + (1 | stim_src_id) + (1 + ai | part_id),307.567228,337.677226
sqrt(duration) ~ exercise + ai + seq_num + ipaq_category + exercise:ai + exercise:ipaq_category + exercise:seq_num + (1 | stim_src_id) + (1 + exercise | part_id),308.571643,338.681641
sqrt(duration) ~ exercise + ai + seq_num + ipaq_category + exercise:ai + ai:seq_num + exercise:seq_num + (1 | part_id),303.341908,325.422573
sqrt(duration) ~ exercise + ai + seq_num + ipaq_category + exercise:ai + ai:seq_num + exercise:seq_num + (1 | stim_src_id),314.644560,336.725225
sqrt(duration) ~ exercise + ai + seq_num + ipaq_category + exercise:ai + ai:seq_num + exercise:seq_num + (1 + ai | part_id),305.955917,332.051248
sqrt(duration) ~ exercise + ai + seq_num + ipaq_category + exercise:ai + ai:seq_num + exercise:seq_num + (1 + exercise | part_id),306.469492,332.564824
sqrt(duration) ~ exercise + ai + seq_num + ipaq_category + exercise:ai + ai:seq_num + exercise:seq_num + (1 | part_id) + (1 | stim_src_id),301.973066,326.061064
sqrt(duration) ~ exercise + ai + seq_num + ipaq_category + exercise:ai + ai:seq_num + exercise:seq_num + (1 | stim_src_id) + (1 + ai | part_id),305.071332,333.173996
sqrt(duration) ~ exercise + ai + seq_num + ipaq_category + exercise:ai + ai:seq_num + exercise:seq_num + (1 | stim_src_id) + (1 + exercise | part_id),305.965167,334.067831
sqrt(duration) ~ exercise + ai + seq_num + ipaq_category + exercise:ipaq_category + ai:seq_num + exercise:seq_num + (1 | part_id),305.316280,329.404278
sqrt(duration) ~ exercise + ai + seq_num + ipaq_category + exercise:ipaq_category + ai:seq_num + exercise:seq_num + (1 | stim_src_id),316.102675,340.190674
sqrt(duration) ~ exercise + ai + seq_num + ipaq_category + exercise:ipaq_category + ai:seq_num + exercise:seq_num + (1 + ai | part_id),307.742848,335.845513
sqrt(duration) ~ exercise + ai + seq_num + ipaq_category + exercise:ipaq_category + ai:seq_num + exercise:seq_num + (1 + exercise | part_id),308.305764,336.408428
sqrt(duration) ~ exercise + ai + seq_num + ipaq_category + exercise:ipaq_category + ai:seq_num + exercise:seq_num + (1 | part_id) + (1 | stim_src_id),304.151071,330.246402
sqrt(duration) ~ exercise + ai + seq_num + ipaq_category + exercise:ipaq_category + ai:seq_num + exercise:seq_num + (1 | stim_src_id) + (1 + ai | part_id),307.115657,337.225655
sqrt(duration) ~ exercise + ai + seq_num + ipaq_category + exercise:ipaq_category + ai:seq_num + exercise:seq_num + (1 | stim_src_id) + (1 + exercise | part_id),308.080326,338.190324
sqrt(duration) ~ exercise + ai + seq_num + ipaq_category + exercise:ai + exercise:ipaq_category + ai:seq_num + exercise:seq_num + (1 | part_id),306.970811,333.066142
sqrt(duration) ~ exercise + ai + seq_num + ipaq_category + exercise:ai + exercise:ipaq_category + ai:seq_num + exercise:seq_num + (1 | stim_src_id),317.198753,343.294084
sqrt(duration) ~ exercise + ai + seq_num + ipaq_category + exercise:ai + exercise:ipaq_category + ai:seq_num + exercise:seq_num + (1 + ai | part_id),309.629272,339.739270
sqrt(duration) ~ exercise + ai + seq_num + ipaq_category + exercise:ai + exercise:ipaq_category + ai:seq_num + exercise:seq_num + (1 + exercise | part_id),310.222223,340.332220
sqrt(duration) ~ exercise + ai + seq_num + ipaq_category + exercise:ai + exercise:ipaq_category + ai:seq_num + exercise:seq_num + (1 | part_id) + (1 | stim_src_id),305.675344,333.778009
sqrt(duration) ~ exercise + ai + seq_num + ipaq_category + exercise:ai + exercise:ipaq_category + ai:seq_num + exercise:seq_num + (1 | stim_src_id) + (1 + ai | part_id),308.776934,340.894265
sqrt(duration) ~ exercise + ai + seq_num + ipaq_category + exercise:ai + exercise:ipaq_category + ai:seq_num + exercise:seq_num + (1 | stim_src_id) + (1 + exercise | part_id),309.650448,341.767779
sqrt(duration) ~ exercise + ai + seq_num + occupation + (1 | part_id),301.978608,322.051940
sqrt(duration) ~ exercise + ai + seq_num + occupation + (1 | stim_src_id),319.264841,339.338172
sqrt(duration) ~ exercise + ai + seq_num + occupation + (1 + ai | part_id),305.660161,329.748159
sqrt(duration) ~ exercise + ai + seq_num + occupation + (1 + exercise | part_id),305.907075,329.995073
sqrt(duration) ~ exercise + ai + seq_num + occupation + (1 | part_id) + (1 | stim_src_id),299.766994,321.847659
sqrt(duration) ~ exercise + ai + seq_num + occupation + (1 | stim_src_id) + (1 + ai | part_id),303.230200,329.325531
sqrt(duration) ~ exercise + ai + seq_num + occupation + (1 | stim_src_id) + (1 + exercise | part_id),303.756661,329.851992
sqrt(duration) ~ exercise + ai + seq_num + occupation + exercise:ai + (1 | part_id),303.355366,325.436031
sqrt(duration) ~ exercise + ai + seq_num + occupation + exercise:ai + (1 | stim_src_id),320.261741,342.342406
sqrt(duration) ~ exercise + ai + seq_num + occupation + exercise:ai + (1 + ai | part_id),307.095182,333.190513
sqrt(duration) ~ exercise + ai + seq_num + occupation + exercise:ai + (1 + exercise | part_id),307.159209,333.254541
sqrt(duration) ~ exercise + ai + seq_num + occupation + exercise:ai + (1 | part_id) + (1 | stim_src_id),301.641949,325.729947
sqrt(duration) ~ exercise + ai + seq_num + occupation + exercise:ai + (1 | stim_src_id) + (1 + ai | part_id),305.130862,333.233526
sqrt(duration) ~ exercise + ai + seq_num + occupation + exercise:ai + (1 | stim_src_id) + (1 + exercise | part_id),305.627867,333.730532
sqrt(duration) ~ exercise + ai + seq_num + occupation + ai:seq_num + (1 | part_id),300.472664,322.553329
sqrt(duration) ~ exercise + ai + seq_num + occupation + ai:seq_num + (1 | stim_src_id),321.250820,343.331485
sqrt(duration) ~ exercise + ai + seq_num + occupation + ai:seq_num + (1 + ai | part_id),304.084849,330.180181
sqrt(duration) ~ exercise + ai + seq_num + occupation + ai:seq_num + (1 + exercise | part_id),304.372022,330.467353
sqrt(duration) ~ exercise + ai + seq_num + occupation + ai:seq_num + (1 | part_id) + (1 | stim_src_id),300.058796,324.146794
sqrt(duration) ~ exercise + ai + seq_num + occupation + ai:seq_num + (1 | stim_src_id) + (1 + ai | part_id),303.542863,331.645528
sqrt(duration) ~ exercise + ai + seq_num + occupation + ai:seq_num + (1 | stim_src_id) + (1 + exercise | part_id),304.057042,332.159707
sqrt(duration) ~ exercise + ai + seq_num + occupation + exercise:seq_num + (1 | part_id),303.939399,326.020064
sqrt(duration) ~ exercise + ai + seq_num + occupation + exercise:seq_num + (1 | stim_src_id),319.397296,341.477961
sqrt(duration) ~ exercise + ai + seq_num + occupation + exercise:seq_num + (1 + ai | part_id),307.638186,333.733517
sqrt(duration) ~ exercise + ai + seq_num + occupation + exercise:seq_num + (1 + exercise | part_id),307.877130,333.972461
sqrt(duration) ~ exercise + ai + seq_num + occupation + exercise:seq_num + (1 | part_id) + (1 | stim_src_id),301.712578,325.800576
sqrt(duration) ~ exercise + ai + seq_num + occupation + exercise:seq_num + (1 | stim_src_id) + (1 + ai | part_id),305.202164,333.304829
sqrt(duration) ~ exercise + ai + seq_num + occupation + exercise:seq_num + (1 | stim_src_id) + (1 + exercise | part_id),305.709861,333.812526
sqrt(duration) ~ exercise + ai + seq_num + occupation + exercise:ai + ai:seq_num + (1 | part_id),302.119004,326.207002
sqrt(duration) ~ exercise + ai + seq_num + occupation + exercise:ai + ai:seq_num + (1 | stim_src_id),322.260277,346.348275
sqrt(duration) ~ exercise + ai + seq_num + occupation + exercise:ai + ai:seq_num + (1 + ai | part_id),305.764407,333.867072
sqrt(duration) ~ exercise + ai + seq_num + occupation + exercise:ai + ai:seq_num + (1 + exercise | part_id),305.974593,334.077257
sqrt(duration) ~ exercise + ai + seq_num + occupation + exercise:ai + ai:seq_num + (1 | part_id) + (1 | stim_src_id),301.958809,328.054140
sqrt(duration) ~ exercise + ai + seq_num + occupation + exercise:ai + ai:seq_num + (1 | stim_src_id) + (1 + ai | part_id),305.458290,335.568288
sqrt(duration) ~ exercise + ai + seq_num + occupation + exercise:ai + ai:seq_num + (1 | stim_src_id) + (1 + exercise | part_id),305.955441,336.065438
sqrt(duration) ~ exercise + ai + seq_num + occupation + exercise:ai + exercise:seq_num + (1 | part_id),305.287808,329.375806
sqrt(duration) ~ exercise + ai + seq_num + occupation + exercise:ai + exercise:seq_num + (1 | stim_src_id),319.492066,343.580065
sqrt(duration) ~ exercise + ai + seq_num + occupation + exercise:ai + exercise:seq_num + (1 + ai | part_id),309.042227,337.144892
sqrt(duration) ~ exercise + ai + seq_num + occupation + exercise:ai + exercise:seq_num + (1 + exercise | part_id),309.107253,337.209918
sqrt(duration) ~ exercise + ai + seq_num + occupation + exercise:ai + exercise:seq_num + (1 | part_id) + (1 | stim_src_id),303.577766,329.673097
sqrt(duration) ~ exercise + ai + seq_num + occupation + exercise:ai + exercise:seq_num + (1 | stim_src_id) + (1 + ai | part_id),307.095174,337.205172
sqrt(duration) ~ exercise + ai + seq_num + occupation + exercise:ai + exercise:seq_num + (1 | stim_src_id) + (1 + exercise | part_id),307.573520,337.683518
sqrt(duration) ~ exercise + ai + seq_num + occupation + ai:seq_num + exercise:seq_num + (1 | part_id),302.430454,326.518452
sqrt(duration) ~ exercise + ai + seq_num + occupation + ai:seq_num + exercise:seq_num + (1 | stim_src_id),321.368808,345.456806
sqrt(duration) ~ exercise + ai + seq_num + occupation + ai:seq_num + exercise:seq_num + (1 + ai | part_id),305.996929,334.099594
sqrt(duration) ~ exercise + ai + seq_num + occupation + ai:seq_num + exercise:seq_num + (1 + exercise | part_id),306.315072,334.417737
sqrt(duration) ~ exercise + ai + seq_num + occupation + ai:seq_num + exercise:seq_num + (1 | part_id) + (1 | stim_src_id),302.053200,328.148531
sqrt(duration) ~ exercise + ai + seq_num + occupation + ai:seq_num + exercise:seq_num + (1 | stim_src_id) + (1 + ai | part_id),305.523577,335.633575
sqrt(duration) ~ exercise + ai + seq_num + occupation + ai:seq_num + exercise:seq_num + (1 | stim_src_id) + (1 + exercise | part_id),306.050200,336.160198
sqrt(duration) ~ exercise + ai + seq_num + occupation + exercise:ai + ai:seq_num + exercise:seq_num + (1 | part_id),304.094466,330.189798
sqrt(duration) ~ exercise + ai + seq_num + occupation + exercise:ai + ai:seq_num + exercise:seq_num + (1 | stim_src_id),321.347593,347.442924
sqrt(duration) ~ exercise + ai + seq_num + occupation + exercise:ai + ai:seq_num + exercise:seq_num + (1 + ai | part_id),307.708596,337.818594
sqrt(duration) ~ exercise + ai + seq_num + occupation + exercise:ai + ai:seq_num + exercise:seq_num + (1 + exercise | part_id),307.937452,338.047450
sqrt(duration) ~ exercise + ai + seq_num + occupation + exercise:ai + ai:seq_num + exercise:seq_num + (1 | part_id) + (1 | stim_src_id),303.955415,332.058079
sqrt(duration) ~ exercise + ai + seq_num + occupation + exercise:ai + ai:seq_num + exercise:seq_num + (1 | stim_src_id) + (1 + ai | part_id),307.443374,339.560705
sqrt(duration) ~ exercise + ai + seq_num + occupation + exercise:ai + ai:seq_num + exercise:seq_num + (1 | stim_src_id) + (1 + exercise | part_id),307.950704,340.068035
sqrt(duration) ~ exercise + ai + seq_num + project_name + ipaq_category + (1 | part_id),301.633082,319.699081
sqrt(duration) ~ exercise + ai + seq_num + project_name + ipaq_category + (1 | stim_src_id),316.018349,334.084348
sqrt(duration) ~ exercise + ai + seq_num + project_name + ipaq_category + (1 + ai | part_id),304.303576,326.384241
sqrt(duration) ~ exercise + ai + seq_num + project_name + ipaq_category + (1 + exercise | part_id),303.644738,325.725403
sqrt(duration) ~ exercise + ai + seq_num + project_name + ipaq_category + (1 | part_id) + (1 | stim_src_id),299.244556,319.317887
sqrt(duration) ~ exercise + ai + seq_num + project_name + ipaq_category + (1 | stim_src_id) + (1 + ai | part_id),302.144113,326.232111
sqrt(duration) ~ exercise + ai + seq_num + project_name + ipaq_category + (1 | stim_src_id) + (1 + exercise | part_id),303.095660,327.183658
sqrt(duration) ~ exercise + ai + seq_num + project_name + ipaq_category + exercise:ai + (1 | part_id),303.494812,323.568144
sqrt(duration) ~ exercise + ai + seq_num + project_name + ipaq_category + exercise:ai + (1 | stim_src_id),318.016876,338.090208
sqrt(duration) ~ exercise + ai + seq_num + project_name + ipaq_category + exercise:ai + (1 + ai | part_id),306.287777,330.375776
sqrt(duration) ~ exercise + ai + seq_num + project_name + ipaq_category + exercise:ai + (1 + exercise | part_id),305.599289,329.687288
sqrt(duration) ~ exercise + ai + seq_num + project_name + ipaq_category + exercise:ai + (1 | part_id) + (1 | stim_src_id),300.846441,322.927107
sqrt(duration) ~ exercise + ai + seq_num + project_name + ipaq_category + exercise:ai + (1 | stim_src_id) + (1 + ai | part_id),303.857026,329.952358
sqrt(duration) ~ exercise + ai + seq_num + project_name + ipaq_category + exercise:ai + (1 | stim_src_id) + (1 + exercise | part_id),304.771027,330.866359
sqrt(duration) ~ exercise + ai + seq_num + project_name + ipaq_category + exercise:ipaq_category + (1 | part_id),305.521218,327.601883
sqrt(duration) ~ exercise + ai + seq_num + project_name + ipaq_category + exercise:ipaq_category + (1 | stim_src_id),318.997384,341.078049
sqrt(duration) ~ exercise + ai + seq_num + project_name + ipaq_category + exercise:ipaq_category + (1 + ai | part_id),308.144989,334.240321
sqrt(duration) ~ exercise + ai + seq_num + project_name + ipaq_category + exercise:ipaq_category + (1 + exercise | part_id),307.413366,333.508698
sqrt(duration) ~ exercise + ai + seq_num + project_name + ipaq_category + exercise:ipaq_category + (1 | part_id) + (1 | stim_src_id),303.174875,327.262873
sqrt(duration) ~ exercise + ai + seq_num + project_name + ipaq_category + exercise:ipaq_category + (1 | stim_src_id) + (1 + ai | part_id),306.042955,334.145619
sqrt(duration) ~ exercise + ai + seq_num + project_name + ipaq_category + exercise:ipaq_category + (1 | stim_src_id) + (1 + exercise | part_id),306.988121,335.090786
sqrt(duration) ~ exercise + ai + seq_num + project_name + ipaq_category + ai:seq_num + (1 | part_id),301.439636,321.512968
sqrt(duration) ~ exercise + ai + seq_num + project_name + ipaq_category + ai:seq_num + (1 | stim_src_id),317.619841,337.693173
sqrt(duration) ~ exercise + ai + seq_num + project_name + ipaq_category + ai:seq_num + (1 + ai | part_id),304.015551,328.103549
sqrt(duration) ~ exercise + ai + seq_num + project_name + ipaq_category + ai:seq_num + (1 + exercise | part_id),304.453173,328.541172
sqrt(duration) ~ exercise + ai + seq_num + project_name + ipaq_category + ai:seq_num + (1 | part_id) + (1 | stim_src_id),300.230812,322.311477
sqrt(duration) ~ exercise + ai + seq_num + project_name + ipaq_category + ai:seq_num + (1 | stim_src_id) + (1 + ai | part_id),303.299090,329.394422
sqrt(duration) ~ exercise + ai + seq_num + project_name + ipaq_category + ai:seq_num + (1 | stim_src_id) + (1 + exercise | part_id),304.225654,330.320986
sqrt(duration) ~ exercise + ai + seq_num + project_name + ipaq_category + exercise:seq_num + (1 | part_id),303.419241,323.492573
sqrt(duration) ~ exercise + ai + seq_num + project_name + ipaq_category + exercise:seq_num + (1 | stim_src_id),314.592620,334.665952
sqrt(duration) ~ exercise + ai + seq_num + project_name + ipaq_category + exercise:seq_num + (1 + ai | part_id),306.030831,330.118829
sqrt(duration) ~ exercise + ai + seq_num + project_name + ipaq_category + exercise:seq_num + (1 + exercise | part_id),305.643888,329.731886
sqrt(duration) ~ exercise + ai + seq_num + project_name + ipaq_category + exercise:seq_num + (1 | part_id) + (1 | stim_src_id),300.987202,323.067867
sqrt(duration) ~ exercise + ai + seq_num + project_name + ipaq_category + exercise:seq_num + (1 | stim_src_id) + (1 + ai | part_id),303.788649,329.883981
sqrt(duration) ~ exercise + ai + seq_num + project_name + ipaq_category + exercise:seq_num + (1 | stim_src_id) + (1 + exercise | part_id),304.912993,331.008325
sqrt(duration) ~ exercise + ai + seq_num + project_name + ipaq_category + exercise:ai + exercise:ipaq_category + (1 | part_id),307.390061,331.478059
sqrt(duration) ~ exercise + ai + seq_num + project_name + ipaq_category + exercise:ai + exercise:ipaq_category + (1 | stim_src_id),320.996486,345.084485
sqrt(duration) ~ exercise + ai + seq_num + project_name + ipaq_category + exercise:ai + exercise:ipaq_category + (1 + ai | part_id),310.131887,338.234552
sqrt(duration) ~ exercise + ai + seq_num + project_name + ipaq_category + exercise:ai + exercise:ipaq_category + (1 + exercise | part_id),309.371117,337.473781
sqrt(duration) ~ exercise + ai + seq_num + project_name + ipaq_category + exercise:ai + exercise:ipaq_category + (1 | part_id) + (1 | stim_src_id),304.777190,330.872521
sqrt(duration) ~ exercise + ai + seq_num + project_name + ipaq_category + exercise:ai + exercise:ipaq_category + (1 | stim_src_id) + (1 + ai | part_id),307.747887,337.857885
sqrt(duration) ~ exercise + ai + seq_num + project_name + ipaq_category + exercise:ai + exercise:ipaq_category + (1 | stim_src_id) + (1 + exercise | part_id),308.669480,338.779478
sqrt(duration) ~ exercise + ai + seq_num + project_name + ipaq_category + exercise:ai + ai:seq_num + (1 | part_id),303.136937,325.217602
sqrt(duration) ~ exercise + ai + seq_num + project_name + ipaq_category + exercise:ai + ai:seq_num + (1 | stim_src_id),319.607140,341.687805
sqrt(duration) ~ exercise + ai + seq_num + project_name + ipaq_category + exercise:ai + ai:seq_num + (1 + ai | part_id),305.916941,332.012272
sqrt(duration) ~ exercise + ai + seq_num + project_name + ipaq_category + exercise:ai + ai:seq_num + (1 + exercise | part_id),306.426861,332.522192
sqrt(duration) ~ exercise + ai + seq_num + project_name + ipaq_category + exercise:ai + ai:seq_num + (1 | part_id) + (1 | stim_src_id),301.761882,325.849880
sqrt(duration) ~ exercise + ai + seq_num + project_name + ipaq_category + exercise:ai + ai:seq_num + (1 | stim_src_id) + (1 + ai | part_id),304.951642,333.054306
sqrt(duration) ~ exercise + ai + seq_num + project_name + ipaq_category + exercise:ai + ai:seq_num + (1 | stim_src_id) + (1 + exercise | part_id),305.759430,333.862095
sqrt(duration) ~ exercise + ai + seq_num + project_name + ipaq_category + exercise:ai + exercise:seq_num + (1 | part_id),305.320361,327.401026
sqrt(duration) ~ exercise + ai + seq_num + project_name + ipaq_category + exercise:ai + exercise:seq_num + (1 | stim_src_id),316.094700,338.175365
sqrt(duration) ~ exercise + ai + seq_num + project_name + ipaq_category + exercise:ai + exercise:seq_num + (1 + ai | part_id),308.029805,334.125137
sqrt(duration) ~ exercise + ai + seq_num + project_name + ipaq_category + exercise:ai + exercise:seq_num + (1 + exercise | part_id),307.597761,333.693092
sqrt(duration) ~ exercise + ai + seq_num + project_name + ipaq_category + exercise:ai + exercise:seq_num + (1 | part_id) + (1 | stim_src_id),302.647179,326.735177
sqrt(duration) ~ exercise + ai + seq_num + project_name + ipaq_category + exercise:ai + exercise:seq_num + (1 | stim_src_id) + (1 + ai | part_id),305.580995,333.683660
sqrt(duration) ~ exercise + ai + seq_num + project_name + ipaq_category + exercise:ai + exercise:seq_num + (1 | stim_src_id) + (1 + exercise | part_id),306.615286,334.717951
sqrt(duration) ~ exercise + ai + seq_num + project_name + ipaq_category + exercise:ipaq_category + ai:seq_num + (1 | part_id),305.093426,329.181425
sqrt(duration) ~ exercise + ai + seq_num + project_name + ipaq_category + exercise:ipaq_category + ai:seq_num + (1 | stim_src_id),320.858406,344.946404
sqrt(duration) ~ exercise + ai + seq_num + project_name + ipaq_category + exercise:ipaq_category + ai:seq_num + (1 + ai | part_id),307.689978,335.792643
sqrt(duration) ~ exercise + ai + seq_num + project_name + ipaq_category + exercise:ipaq_category + ai:seq_num + (1 + exercise | part_id),308.258263,336.360928
sqrt(duration) ~ exercise + ai + seq_num + project_name + ipaq_category + exercise:ipaq_category + ai:seq_num + (1 | part_id) + (1 | stim_src_id),303.976158,330.071489
sqrt(duration) ~ exercise + ai + seq_num + project_name + ipaq_category + exercise:ipaq_category + ai:seq_num + (1 | stim_src_id) + (1 + ai | part_id),307.046428,337.156426
sqrt(duration) ~ exercise + ai + seq_num + project_name + ipaq_category + exercise:ipaq_category + ai:seq_num + (1 | stim_src_id) + (1 + exercise | part_id),307.957607,338.067604
sqrt(duration) ~ exercise + ai + seq_num + project_name + ipaq_category + exercise:ipaq_category + exercise:seq_num + (1 | part_id),307.340520,331.428518
sqrt(duration) ~ exercise + ai + seq_num + project_name + ipaq_category + exercise:ipaq_category + exercise:seq_num + (1 | stim_src_id),316.588459,340.676457
sqrt(duration) ~ exercise + ai + seq_num + project_name + ipaq_category + exercise:ipaq_category + exercise:seq_num + (1 + ai | part_id),309.918997,338.021661
sqrt(duration) ~ exercise + ai + seq_num + project_name + ipaq_category + exercise:ipaq_category + exercise:seq_num + (1 + exercise | part_id),309.402320,337.504985
sqrt(duration) ~ exercise + ai + seq_num + project_name + ipaq_category + exercise:ipaq_category + exercise:seq_num + (1 | part_id) + (1 | stim_src_id),304.912010,331.007342
sqrt(duration) ~ exercise + ai + seq_num + project_name + ipaq_category + exercise:ipaq_category + exercise:seq_num + (1 | stim_src_id) + (1 + ai | part_id),307.692991,337.802989
sqrt(duration) ~ exercise + ai + seq_num + project_name + ipaq_category + exercise:ipaq_category + exercise:seq_num + (1 | stim_src_id) + (1 + exercise | part_id),308.791506,338.901504
sqrt(duration) ~ exercise + ai + seq_num + project_name + ipaq_category + ai:seq_num + exercise:seq_num + (1 | part_id),303.429779,325.510444
sqrt(duration) ~ exercise + ai + seq_num + project_name + ipaq_category + ai:seq_num + exercise:seq_num + (1 | stim_src_id),315.383536,337.464201
sqrt(duration) ~ exercise + ai + seq_num + project_name + ipaq_category + ai:seq_num + exercise:seq_num + (1 + ai | part_id),305.990926,332.086257
sqrt(duration) ~ exercise + ai + seq_num + project_name + ipaq_category + ai:seq_num + exercise:seq_num + (1 + exercise | part_id),306.432966,332.528298
sqrt(duration) ~ exercise + ai + seq_num + project_name + ipaq_category + ai:seq_num + exercise:seq_num + (1 | part_id) + (1 | stim_src_id),302.170637,326.258635
sqrt(duration) ~ exercise + ai + seq_num + project_name + ipaq_category + ai:seq_num + exercise:seq_num + (1 | stim_src_id) + (1 + ai | part_id),305.171679,333.274344
sqrt(duration) ~ exercise + ai + seq_num + project_name + ipaq_category + ai:seq_num + exercise:seq_num + (1 | stim_src_id) + (1 + exercise | part_id),306.169700,334.272364
sqrt(duration) ~ exercise + ai + seq_num + project_name + ipaq_category + exercise:ai + exercise:ipaq_category + ai:seq_num + (1 | part_id),306.770522,332.865853
sqrt(duration) ~ exercise + ai + seq_num + project_name + ipaq_category + exercise:ai + exercise:ipaq_category + ai:seq_num + (1 | stim_src_id),322.852444,348.947775
sqrt(duration) ~ exercise + ai + seq_num + project_name + ipaq_category + exercise:ai + exercise:ipaq_category + ai:seq_num + (1 + ai | part_id),309.552352,339.662350
sqrt(duration) ~ exercise + ai + seq_num + project_name + ipaq_category + exercise:ai + exercise:ipaq_category + ai:seq_num + (1 + exercise | part_id),310.212864,340.322862
sqrt(duration) ~ exercise + ai + seq_num + project_name + ipaq_category + exercise:ai + exercise:ipaq_category + ai:seq_num + (1 | part_id) + (1 | stim_src_id),305.485857,333.588522
sqrt(duration) ~ exercise + ai + seq_num + project_name + ipaq_category + exercise:ai + exercise:ipaq_category + ai:seq_num + (1 | stim_src_id) + (1 + ai | part_id),308.662089,340.779420
sqrt(duration) ~ exercise + ai + seq_num + project_name + ipaq_category + exercise:ai + exercise:ipaq_category + ai:seq_num + (1 | stim_src_id) + (1 + exercise | part_id),309.485358,341.602689
sqrt(duration) ~ exercise + ai + seq_num + project_name + ipaq_category + exercise:ai + exercise:ipaq_category + exercise:seq_num + (1 | part_id),309.244011,335.339342
sqrt(duration) ~ exercise + ai + seq_num + project_name + ipaq_category + exercise:ai + exercise:ipaq_category + exercise:seq_num + (1 | stim_src_id),317.986356,344.081688
sqrt(duration) ~ exercise + ai + seq_num + project_name + ipaq_category + exercise:ai + exercise:ipaq_category + exercise:seq_num + (1 + ai | part_id),311.917772,342.027770
sqrt(duration) ~ exercise + ai + seq_num + project_name + ipaq_category + exercise:ai + exercise:ipaq_category + exercise:seq_num + (1 + exercise | part_id),311.362719,341.472717
sqrt(duration) ~ exercise + ai + seq_num + project_name + ipaq_category + exercise:ai + exercise:ipaq_category + exercise:seq_num + (1 | part_id) + (1 | stim_src_id),306.569435,334.672100
sqrt(duration) ~ exercise + ai + seq_num + project_name + ipaq_category + exercise:ai + exercise:ipaq_category + exercise:seq_num + (1 | stim_src_id) + (1 + ai | part_id),309.474227,341.591558
sqrt(duration) ~ exercise + ai + seq_num + project_name + ipaq_category + exercise:ai + exercise:ipaq_category + exercise:seq_num + (1 | stim_src_id) + (1 + exercise | part_id),310.504799,342.622130
sqrt(duration) ~ exercise + ai + seq_num + project_name + ipaq_category + exercise:ai + ai:seq_num + exercise:seq_num + (1 | part_id),305.136055,329.224053
sqrt(duration) ~ exercise + ai + seq_num + project_name + ipaq_category + exercise:ai + ai:seq_num + exercise:seq_num + (1 | stim_src_id),316.503201,340.591200
sqrt(duration) ~ exercise + ai + seq_num + project_name + ipaq_category + exercise:ai + ai:seq_num + exercise:seq_num + (1 + ai | part_id),307.906386,336.009051
sqrt(duration) ~ exercise + ai + seq_num + project_name + ipaq_category + exercise:ai + ai:seq_num + exercise:seq_num + (1 + exercise | part_id),308.403468,336.506132
sqrt(duration) ~ exercise + ai + seq_num + project_name + ipaq_category + exercise:ai + ai:seq_num + exercise:seq_num + (1 | part_id) + (1 | stim_src_id),303.730331,329.825663
sqrt(duration) ~ exercise + ai + seq_num + project_name + ipaq_category + exercise:ai + ai:seq_num + exercise:seq_num + (1 | stim_src_id) + (1 + ai | part_id),306.876394,336.986392
sqrt(duration) ~ exercise + ai + seq_num + project_name + ipaq_category + exercise:ai + ai:seq_num + exercise:seq_num + (1 | stim_src_id) + (1 + exercise | part_id),307.724045,337.834043
sqrt(duration) ~ exercise + ai + seq_num + project_name + ipaq_category + exercise:ipaq_category + ai:seq_num + exercise:seq_num + (1 | part_id),307.091973,333.187304
sqrt(duration) ~ exercise + ai + seq_num + project_name + ipaq_category + exercise:ipaq_category + ai:seq_num + exercise:seq_num + (1 | stim_src_id),317.894455,343.989786
sqrt(duration) ~ exercise + ai + seq_num + project_name + ipaq_category + exercise:ipaq_category + ai:seq_num + exercise:seq_num + (1 + ai | part_id),309.673763,339.783761
sqrt(duration) ~ exercise + ai + seq_num + project_name + ipaq_category + exercise:ipaq_category + ai:seq_num + exercise:seq_num + (1 + exercise | part_id),310.232914,340.342912
sqrt(duration) ~ exercise + ai + seq_num + project_name + ipaq_category + exercise:ipaq_category + ai:seq_num + exercise:seq_num + (1 | part_id) + (1 | stim_src_id),305.918721,334.021386
sqrt(duration) ~ exercise + ai + seq_num + project_name + ipaq_category + exercise:ipaq_category + ai:seq_num + exercise:seq_num + (1 | stim_src_id) + (1 + ai | part_id),308.924778,341.042109
sqrt(duration) ~ exercise + ai + seq_num + project_name + ipaq_category + exercise:ipaq_category + ai:seq_num + exercise:seq_num + (1 | stim_src_id) + (1 + exercise | part_id),309.906351,342.023682
sqrt(duration) ~ exercise + ai + seq_num + project_name + ipaq_category + exercise:ai + exercise:ipaq_category + ai:seq_num + exercise:seq_num + (1 | part_id),308.769362,336.872026
sqrt(duration) ~ exercise + ai + seq_num + project_name + ipaq_category + exercise:ai + exercise:ipaq_category + ai:seq_num + exercise:seq_num + (1 | stim_src_id),318.993597,347.096262
sqrt(duration) ~ exercise + ai + seq_num + project_name + ipaq_category + exercise:ai + exercise:ipaq_category + ai:seq_num + exercise:seq_num + (1 + ai | part_id),311.548421,343.665752
sqrt(duration) ~ exercise + ai + seq_num + project_name + ipaq_category + exercise:ai + exercise:ipaq_category + ai:seq_num + exercise:seq_num + (1 + exercise | part_id),312.185343,344.302674
sqrt(duration) ~ exercise + ai + seq_num + project_name + ipaq_category + exercise:ai + exercise:ipaq_category + ai:seq_num + exercise:seq_num + (1 | part_id) + (1 | stim_src_id),307.455573,337.565571
sqrt(duration) ~ exercise + ai + seq_num + project_name + ipaq_category + exercise:ai + exercise:ipaq_category + ai:seq_num + exercise:seq_num + (1 | stim_src_id) + (1 + ai | part_id),310.591831,344.716495
sqrt(duration) ~ exercise + ai + seq_num + project_name + ipaq_category + exercise:ai + exercise:ipaq_category + ai:seq_num + exercise:seq_num + (1 | stim_src_id) + (1 + exercise | part_id),311.455556,345.580220
sqrt(duration) ~ exercise + ai + seq_num + project_name + occupation + (1 | part_id),303.778169,325.858834
sqrt(duration) ~ exercise + ai + seq_num + project_name + occupation + (1 | stim_src_id),321.142094,343.222759
sqrt(duration) ~ exercise + ai + seq_num + project_name + occupation + (1 + ai | part_id),307.461165,333.556496
sqrt(duration) ~ exercise + ai + seq_num + project_name + occupation + (1 + exercise | part_id),307.773543,333.868874
sqrt(duration) ~ exercise + ai + seq_num + project_name + occupation + (1 | part_id) + (1 | stim_src_id),301.465934,325.553932
sqrt(duration) ~ exercise + ai + seq_num + project_name + occupation + (1 | stim_src_id) + (1 + ai | part_id),304.961549,333.064214
sqrt(duration) ~ exercise + ai + seq_num + project_name + occupation + (1 | stim_src_id) + (1 + exercise | part_id),305.464671,333.567335
sqrt(duration) ~ exercise + ai + seq_num + project_name + occupation + exercise:ai + (1 | part_id),305.160557,329.248555
sqrt(duration) ~ exercise + ai + seq_num + project_name + occupation + exercise:ai + (1 | stim_src_id),322.128432,346.216430
sqrt(duration) ~ exercise + ai + seq_num + project_name + occupation + exercise:ai + (1 + ai | part_id),308.927487,337.030152
sqrt(duration) ~ exercise + ai + seq_num + project_name + occupation + exercise:ai + (1 + exercise | part_id),309.134766,337.237430
sqrt(duration) ~ exercise + ai + seq_num + project_name + occupation + exercise:ai + (1 | part_id) + (1 | stim_src_id),303.350429,329.445760
sqrt(duration) ~ exercise + ai + seq_num + project_name + occupation + exercise:ai + (1 | stim_src_id) + (1 + ai | part_id),306.868763,336.978760
sqrt(duration) ~ exercise + ai + seq_num + project_name + occupation + exercise:ai + (1 | stim_src_id) + (1 + exercise | part_id),307.350218,337.460215
sqrt(duration) ~ exercise + ai + seq_num + project_name + occupation + ai:seq_num + (1 | part_id),301.870960,325.958958
sqrt(duration) ~ exercise + ai + seq_num + project_name + occupation + ai:seq_num + (1 | stim_src_id),323.095666,347.183665
sqrt(duration) ~ exercise + ai + seq_num + project_name + occupation + ai:seq_num + (1 + ai | part_id),305.493197,333.595862
sqrt(duration) ~ exercise + ai + seq_num + project_name + occupation + ai:seq_num + (1 + exercise | part_id),305.863652,333.966316
sqrt(duration) ~ exercise + ai + seq_num + project_name + occupation + ai:seq_num + (1 | part_id) + (1 | stim_src_id),301.434790,327.530122
sqrt(duration) ~ exercise + ai + seq_num + project_name + occupation + ai:seq_num + (1 | stim_src_id) + (1 + ai | part_id),304.956702,335.066700
sqrt(duration) ~ exercise + ai + seq_num + project_name + occupation + ai:seq_num + (1 | stim_src_id) + (1 + exercise | part_id),305.406575,335.516572
sqrt(duration) ~ exercise + ai + seq_num + project_name + occupation + exercise:seq_num + (1 | part_id),305.655311,329.743309
sqrt(duration) ~ exercise + ai + seq_num + project_name + occupation + exercise:seq_num + (1 | stim_src_id),321.061469,345.149467
sqrt(duration) ~ exercise + ai + seq_num + project_name + occupation + exercise:seq_num + (1 + ai | part_id),309.375233,337.477898
sqrt(duration) ~ exercise + ai + seq_num + project_name + occupation + exercise:seq_num + (1 + exercise | part_id),309.634834,337.737498
sqrt(duration) ~ exercise + ai + seq_num + project_name + occupation + exercise:seq_num + (1 | part_id) + (1 | stim_src_id),303.307062,329.402394
sqrt(duration) ~ exercise + ai + seq_num + project_name + occupation + exercise:seq_num + (1 | stim_src_id) + (1 + ai | part_id),306.857310,336.967308
sqrt(duration) ~ exercise + ai + seq_num + project_name + occupation + exercise:seq_num + (1 | stim_src_id) + (1 + exercise | part_id),307.280015,337.390012
sqrt(duration) ~ exercise + ai + seq_num + project_name + occupation + exercise:ai + ai:seq_num + (1 | part_id),303.545134,329.640466
sqrt(duration) ~ exercise + ai + seq_num + project_name + occupation + exercise:ai + ai:seq_num + (1 | stim_src_id),324.108655,350.203987
sqrt(duration) ~ exercise + ai + seq_num + project_name + occupation + exercise:ai + ai:seq_num + (1 + ai | part_id),307.221349,337.331347
sqrt(duration) ~ exercise + ai + seq_num + project_name + occupation + exercise:ai + ai:seq_num + (1 + exercise | part_id),307.544564,337.654562
sqrt(duration) ~ exercise + ai + seq_num + project_name + occupation + exercise:ai + ai:seq_num + (1 | part_id) + (1 | stim_src_id),303.349446,331.452110
sqrt(duration) ~ exercise + ai + seq_num + project_name + occupation + exercise:ai + ai:seq_num + (1 | stim_src_id) + (1 + ai | part_id),306.883152,339.000482
sqrt(duration) ~ exercise + ai + seq_num + project_name + occupation + exercise:ai + ai:seq_num + (1 | stim_src_id) + (1 + exercise | part_id),307.327482,339.444813
sqrt(duration) ~ exercise + ai + seq_num + project_name + occupation + exercise:ai + exercise:seq_num + (1 | part_id),306.989041,333.084373
sqrt(duration) ~ exercise + ai + seq_num + project_name + occupation + exercise:ai + exercise:seq_num + (1 | stim_src_id),321.048799,347.144131
sqrt(duration) ~ exercise + ai + seq_num + project_name + occupation + exercise:ai + exercise:seq_num + (1 + ai | part_id),310.791128,340.901125
sqrt(duration) ~ exercise + ai + seq_num + project_name + occupation + exercise:ai + exercise:seq_num + (1 + exercise | part_id),310.988575,341.098573
sqrt(duration) ~ exercise + ai + seq_num + project_name + occupation + exercise:ai + exercise:seq_num + (1 | part_id) + (1 | stim_src_id),305.176805,333.279469
sqrt(duration) ~ exercise + ai + seq_num + project_name + occupation + exercise:ai + exercise:seq_num + (1 | stim_src_id) + (1 + ai | part_id),308.751240,340.868571
sqrt(duration) ~ exercise + ai + seq_num + project_name + occupation + exercise:ai + exercise:seq_num + (1 | stim_src_id) + (1 + exercise | part_id),309.155036,341.272367
sqrt(duration) ~ exercise + ai + seq_num + project_name + occupation + ai:seq_num + exercise:seq_num + (1 | part_id),303.870828,329.966160
sqrt(duration) ~ exercise + ai + seq_num + project_name + occupation + ai:seq_num + exercise:seq_num + (1 | stim_src_id),323.060627,349.155958
sqrt(duration) ~ exercise + ai + seq_num + project_name + occupation + ai:seq_num + exercise:seq_num + (1 + ai | part_id),307.485367,337.595365
sqrt(duration) ~ exercise + ai + seq_num + project_name + occupation + ai:seq_num + exercise:seq_num + (1 + exercise | part_id),307.862919,337.972917
sqrt(duration) ~ exercise + ai + seq_num + project_name + occupation + ai:seq_num + exercise:seq_num + (1 | part_id) + (1 | stim_src_id),303.417160,331.519825
sqrt(duration) ~ exercise + ai + seq_num + project_name + occupation + ai:seq_num + exercise:seq_num + (1 | stim_src_id) + (1 + ai | part_id),306.953124,339.070455
sqrt(duration) ~ exercise + ai + seq_num + project_name + occupation + ai:seq_num + exercise:seq_num + (1 | stim_src_id) + (1 + exercise | part_id),307.374663,339.491994
sqrt(duration) ~ exercise + ai + seq_num + project_name + occupation + exercise:ai + ai:seq_num + exercise:seq_num + (1 | part_id),305.542057,333.644722
sqrt(duration) ~ exercise + ai + seq_num + project_name + occupation + exercise:ai + ai:seq_num + exercise:seq_num + (1 | stim_src_id),322.999742,351.102407
sqrt(duration) ~ exercise + ai + seq_num + project_name + occupation + exercise:ai + ai:seq_num + exercise:seq_num + (1 + ai | part_id),309.220051,341.337382
sqrt(duration) ~ exercise + ai + seq_num + project_name + occupation + exercise:ai + ai:seq_num + exercise:seq_num + (1 + exercise | part_id),309.540882,341.658213
sqrt(duration) ~ exercise + ai + seq_num + project_name + occupation + exercise:ai + ai:seq_num + exercise:seq_num + (1 | part_id) + (1 | stim_src_id),305.328024,335.438022
sqrt(duration) ~ exercise + ai + seq_num + project_name + occupation + exercise:ai + ai:seq_num + exercise:seq_num + (1 | stim_src_id) + (1 + ai | part_id),308.877672,343.002336
sqrt(duration) ~ exercise + ai + seq_num + project_name + occupation + exercise:ai + ai:seq_num + exercise:seq_num + (1 | stim_src_id) + (1 + exercise | part_id),309.292098,343.416762
sqrt(duration) ~ exercise + ai + seq_num + ipaq_category + occupation + (1 | part_id),304.279721,328.367719
sqrt(duration) ~ exercise + ai + seq_num + ipaq_category + occupation + (1 | stim_src_id),319.568020,343.656018
sqrt(duration) ~ exercise + ai + seq_num + ipaq_category + occupation + (1 + ai | part_id),307.874139,335.976803
sqrt(duration) ~ exercise + ai + seq_num + ipaq_category + occupation + (1 + exercise | part_id),308.227190,336.329855
sqrt(duration) ~ exercise + ai + seq_num + ipaq_category + occupation + (1 | part_id) + (1 | stim_src_id),302.222366,328.317698
sqrt(duration) ~ exercise + ai + seq_num + ipaq_category + occupation + (1 | stim_src_id) + (1 + ai | part_id),305.633939,335.743937
sqrt(duration) ~ exercise + ai + seq_num + ipaq_category + occupation + (1 | stim_src_id) + (1 + exercise | part_id),306.222359,336.332357
sqrt(duration) ~ exercise + ai + seq_num + ipaq_category + occupation + exercise:ai + (1 | part_id),306.141691,332.237022
sqrt(duration) ~ exercise + ai + seq_num + ipaq_category + occupation + exercise:ai + (1 | stim_src_id),321.136096,347.231428
sqrt(duration) ~ exercise + ai + seq_num + ipaq_category + occupation + exercise:ai + (1 + ai | part_id),309.775105,339.885103
sqrt(duration) ~ exercise + ai + seq_num + ipaq_category + occupation + exercise:ai + (1 + exercise | part_id),310.021711,340.131709
sqrt(duration) ~ exercise + ai + seq_num + ipaq_category + occupation + exercise:ai + (1 | part_id) + (1 | stim_src_id),304.222281,332.324945
sqrt(duration) ~ exercise + ai + seq_num + ipaq_category + occupation + exercise:ai + (1 | stim_src_id) + (1 + ai | part_id),307.632848,339.750179
sqrt(duration) ~ exercise + ai + seq_num + ipaq_category + occupation + exercise:ai + (1 | stim_src_id) + (1 + exercise | part_id),308.222266,340.339597
sqrt(duration) ~ exercise + ai + seq_num + ipaq_category + occupation + exercise:ipaq_category + (1 | part_id),306.279649,332.374980
sqrt(duration) ~ exercise + ai + seq_num + ipaq_category + occupation + exercise:ipaq_category + (1 | stim_src_id),320.765144,346.860476
sqrt(duration) ~ exercise + ai + seq_num + ipaq_category + occupation + exercise:ipaq_category + (1 + ai | part_id),309.853387,339.963385
sqrt(duration) ~ exercise + ai + seq_num + ipaq_category + occupation + exercise:ipaq_category + (1 + exercise | part_id),310.216263,340.326261
sqrt(duration) ~ exercise + ai + seq_num + ipaq_category + occupation + exercise:ipaq_category + (1 | part_id) + (1 | stim_src_id),304.148553,332.251218
sqrt(duration) ~ exercise + ai + seq_num + ipaq_category + occupation + exercise:ipaq_category + (1 | stim_src_id) + (1 + ai | part_id),307.619684,339.737015
sqrt(duration) ~ exercise + ai + seq_num + ipaq_category + occupation + exercise:ipaq_category + (1 | stim_src_id) + (1 + exercise | part_id),308.148508,340.265839
sqrt(duration) ~ exercise + ai + seq_num + ipaq_category + occupation + ai:seq_num + (1 | part_id),303.085464,329.180795
sqrt(duration) ~ exercise + ai + seq_num + ipaq_category + occupation + ai:seq_num + (1 | stim_src_id),321.562400,347.657731
sqrt(duration) ~ exercise + ai + seq_num + ipaq_category + occupation + ai:seq_num + (1 + ai | part_id),306.575385,336.685382
sqrt(duration) ~ exercise + ai + seq_num + ipaq_category + occupation + ai:seq_num + (1 + exercise | part_id),307.031688,337.141686
sqrt(duration) ~ exercise + ai + seq_num + ipaq_category + occupation + ai:seq_num + (1 | part_id) + (1 | stim_src_id),302.723732,330.826397
sqrt(duration) ~ exercise + ai + seq_num + ipaq_category + occupation + ai:seq_num + (1 | stim_src_id) + (1 + ai | part_id),306.167137,338.284468
sqrt(duration) ~ exercise + ai + seq_num + ipaq_category + occupation + ai:seq_num + (1 | stim_src_id) + (1 + exercise | part_id),306.706502,338.823833
sqrt(duration) ~ exercise + ai + seq_num + ipaq_category + occupation + exercise:seq_num + (1 | part_id),306.016374,332.111705
sqrt(duration) ~ exercise + ai + seq_num + ipaq_category + occupation + exercise:seq_num + (1 | stim_src_id),317.092371,343.187702
sqrt(duration) ~ exercise + ai + seq_num + ipaq_category + occupation + exercise:seq_num + (1 + ai | part_id),309.626333,339.736330
sqrt(duration) ~ exercise + ai + seq_num + ipaq_category + occupation + exercise:seq_num + (1 + exercise | part_id),309.987712,340.097710
sqrt(duration) ~ exercise + ai + seq_num + ipaq_category + occupation + exercise:seq_num + (1 | part_id) + (1 | stim_src_id),303.825449,331.928114
sqrt(duration) ~ exercise + ai + seq_num + ipaq_category + occupation + exercise:seq_num + (1 | stim_src_id) + (1 + ai | part_id),307.232540,339.349871
sqrt(duration) ~ exercise + ai + seq_num + ipaq_category + occupation + exercise:seq_num + (1 | stim_src_id) + (1 + exercise | part_id),307.789299,339.906630
sqrt(duration) ~ exercise + ai + seq_num + ipaq_category + occupation + exercise:ai + exercise:ipaq_category + (1 | part_id),308.141477,336.244142
sqrt(duration) ~ exercise + ai + seq_num + ipaq_category + occupation + exercise:ai + exercise:ipaq_category + (1 | stim_src_id),322.455494,350.558159
sqrt(duration) ~ exercise + ai + seq_num + ipaq_category + occupation + exercise:ai + exercise:ipaq_category + (1 + ai | part_id),311.750806,343.868137
sqrt(duration) ~ exercise + ai + seq_num + ipaq_category + occupation + exercise:ai + exercise:ipaq_category + (1 + exercise | part_id),311.995343,344.112674
sqrt(duration) ~ exercise + ai + seq_num + ipaq_category + occupation + exercise:ai + exercise:ipaq_category + (1 | part_id) + (1 | stim_src_id),306.148425,336.258423
sqrt(duration) ~ exercise + ai + seq_num + ipaq_category + occupation + exercise:ai + exercise:ipaq_category + (1 | stim_src_id) + (1 + ai | part_id),309.618444,343.743108
sqrt(duration) ~ exercise + ai + seq_num + ipaq_category + occupation + exercise:ai + exercise:ipaq_category + (1 | stim_src_id) + (1 + exercise | part_id),310.148361,344.273025
sqrt(duration) ~ exercise + ai + seq_num + ipaq_category + occupation + exercise:ai + ai:seq_num + (1 | part_id),305.035488,333.138153
sqrt(duration) ~ exercise + ai + seq_num + ipaq_category + occupation + exercise:ai + ai:seq_num + (1 | stim_src_id),323.131738,351.234402
sqrt(duration) ~ exercise + ai + seq_num + ipaq_category + occupation + exercise:ai + ai:seq_num + (1 + ai | part_id),308.543338,340.660669
sqrt(duration) ~ exercise + ai + seq_num + ipaq_category + occupation + exercise:ai + ai:seq_num + (1 + exercise | part_id),308.968367,341.085698
sqrt(duration) ~ exercise + ai + seq_num + ipaq_category + occupation + exercise:ai + ai:seq_num + (1 | part_id) + (1 | stim_src_id),304.723077,334.833074
sqrt(duration) ~ exercise + ai + seq_num + ipaq_category + occupation + exercise:ai + ai:seq_num + (1 | stim_src_id) + (1 + ai | part_id),308.165601,342.290265
sqrt(duration) ~ exercise + ai + seq_num + ipaq_category + occupation + exercise:ai + ai:seq_num + (1 | stim_src_id) + (1 + exercise | part_id),308.704775,342.829439
sqrt(duration) ~ exercise + ai + seq_num + ipaq_category + occupation + exercise:ai + exercise:seq_num + (1 | part_id),307.829815,335.932479
sqrt(duration) ~ exercise + ai + seq_num + ipaq_category + occupation + exercise:ai + exercise:seq_num + (1 | stim_src_id),317.203077,345.305742
sqrt(duration) ~ exercise + ai + seq_num + ipaq_category + occupation + exercise:ai + exercise:seq_num + (1 + ai | part_id),311.478999,343.596330
sqrt(duration) ~ exercise + ai + seq_num + ipaq_category + occupation + exercise:ai + exercise:seq_num + (1 + exercise | part_id),311.747200,343.864531
sqrt(duration) ~ exercise + ai + seq_num + ipaq_category + occupation + exercise:ai + exercise:seq_num + (1 | part_id) + (1 | stim_src_id),305.824056,335.934054
sqrt(duration) ~ exercise + ai + seq_num + ipaq_category + occupation + exercise:ai + exercise:seq_num + (1 | stim_src_id) + (1 + ai | part_id),309.231861,343.356525
sqrt(duration) ~ exercise + ai + seq_num + ipaq_category + occupation + exercise:ai + exercise:seq_num + (1 | stim_src_id) + (1 + exercise | part_id),309.788943,343.913607
sqrt(duration) ~ exercise + ai + seq_num + ipaq_category + occupation + exercise:ipaq_category + ai:seq_num + (1 | part_id),304.775804,332.878468
sqrt(duration) ~ exercise + ai + seq_num + ipaq_category + occupation + exercise:ipaq_category + ai:seq_num + (1 | stim_src_id),322.682057,350.784722
sqrt(duration) ~ exercise + ai + seq_num + ipaq_category + occupation + exercise:ipaq_category + ai:seq_num + (1 + ai | part_id),308.408670,340.526001
sqrt(duration) ~ exercise + ai + seq_num + ipaq_category + occupation + exercise:ipaq_category + ai:seq_num + (1 + exercise | part_id),308.753866,340.871197
sqrt(duration) ~ exercise + ai + seq_num + ipaq_category + occupation + exercise:ipaq_category + ai:seq_num + (1 | part_id) + (1 | stim_src_id),304.358008,334.468006
sqrt(duration) ~ exercise + ai + seq_num + ipaq_category + occupation + exercise:ipaq_category + ai:seq_num + (1 | stim_src_id) + (1 + ai | part_id),307.953672,342.078336
sqrt(duration) ~ exercise + ai + seq_num + ipaq_category + occupation + exercise:ipaq_category + ai:seq_num + (1 | stim_src_id) + (1 + exercise | part_id),308.318233,342.442897
sqrt(duration) ~ exercise + ai + seq_num + ipaq_category + occupation + exercise:ipaq_category + exercise:seq_num + (1 | part_id),308.013100,336.115765
sqrt(duration) ~ exercise + ai + seq_num + ipaq_category + occupation + exercise:ipaq_category + exercise:seq_num + (1 | stim_src_id),316.473427,344.576092
sqrt(duration) ~ exercise + ai + seq_num + ipaq_category + occupation + exercise:ipaq_category + exercise:seq_num + (1 + ai | part_id),311.620532,343.737863
sqrt(duration) ~ exercise + ai + seq_num + ipaq_category + occupation + exercise:ipaq_category + exercise:seq_num + (1 + exercise | part_id),311.987637,344.104968
sqrt(duration) ~ exercise + ai + seq_num + ipaq_category + occupation + exercise:ipaq_category + exercise:seq_num + (1 | part_id) + (1 | stim_src_id),305.626951,335.736949
sqrt(duration) ~ exercise + ai + seq_num + ipaq_category + occupation + exercise:ipaq_category + exercise:seq_num + (1 | stim_src_id) + (1 + ai | part_id),309.150799,343.275463
sqrt(duration) ~ exercise + ai + seq_num + ipaq_category + occupation + exercise:ipaq_category + exercise:seq_num + (1 | stim_src_id) + (1 + exercise | part_id),309.590941,343.715605
sqrt(duration) ~ exercise + ai + seq_num + ipaq_category + occupation + ai:seq_num + exercise:seq_num + (1 | part_id),305.077414,333.180079
sqrt(duration) ~ exercise + ai + seq_num + ipaq_category + occupation + ai:seq_num + exercise:seq_num + (1 | stim_src_id),318.946989,347.049654
sqrt(duration) ~ exercise + ai + seq_num + ipaq_category + occupation + ai:seq_num + exercise:seq_num + (1 + ai | part_id),308.574176,340.691507
sqrt(duration) ~ exercise + ai + seq_num + ipaq_category + occupation + ai:seq_num + exercise:seq_num + (1 + exercise | part_id),309.027515,341.144845
sqrt(duration) ~ exercise + ai + seq_num + ipaq_category + occupation + ai:seq_num + exercise:seq_num + (1 | part_id) + (1 | stim_src_id),304.642979,334.752977
sqrt(duration) ~ exercise + ai + seq_num + ipaq_category + occupation + ai:seq_num + exercise:seq_num + (1 | stim_src_id) + (1 + ai | part_id),308.090981,342.215645
sqrt(duration) ~ exercise + ai + seq_num + ipaq_category + occupation + ai:seq_num + exercise:seq_num + (1 | stim_src_id) + (1 + exercise | part_id),308.598483,342.723148
sqrt(duration) ~ exercise + ai + seq_num + ipaq_category + occupation + exercise:ai + exercise:ipaq_category + ai:seq_num + (1 | part_id),306.735504,336.845502
sqrt(duration) ~ exercise + ai + seq_num + ipaq_category + occupation + exercise:ai + exercise:ipaq_category + ai:seq_num + (1 | stim_src_id),324.387300,354.497298
sqrt(duration) ~ exercise + ai + seq_num + ipaq_category + occupation + exercise:ai + exercise:ipaq_category + ai:seq_num + (1 + ai | part_id),310.384256,344.508921
sqrt(duration) ~ exercise + ai + seq_num + ipaq_category + occupation + exercise:ai + exercise:ipaq_category + ai:seq_num + (1 + exercise | part_id),310.717812,344.842476
sqrt(duration) ~ exercise + ai + seq_num + ipaq_category + occupation + exercise:ai + exercise:ipaq_category + ai:seq_num + (1 | part_id) + (1 | stim_src_id),306.357009,338.474340
sqrt(duration) ~ exercise + ai + seq_num + ipaq_category + occupation + exercise:ai + exercise:ipaq_category + ai:seq_num + (1 | stim_src_id) + (1 + ai | part_id),309.951338,346.083335
sqrt(duration) ~ exercise + ai + seq_num + ipaq_category + occupation + exercise:ai + exercise:ipaq_category + ai:seq_num + (1 | stim_src_id) + (1 + exercise | part_id),310.315579,346.447576
sqrt(duration) ~ exercise + ai + seq_num + ipaq_category + occupation + exercise:ai + exercise:ipaq_category + exercise:seq_num + (1 | part_id),309.826451,339.936449
sqrt(duration) ~ exercise + ai + seq_num + ipaq_category + occupation + exercise:ai + exercise:ipaq_category + exercise:seq_num + (1 | stim_src_id),316.677245,346.787242
sqrt(duration) ~ exercise + ai + seq_num + ipaq_category + occupation + exercise:ai + exercise:ipaq_category + exercise:seq_num + (1 + ai | part_id),313.472236,347.596900
sqrt(duration) ~ exercise + ai + seq_num + ipaq_category + occupation + exercise:ai + exercise:ipaq_category + exercise:seq_num + (1 + exercise | part_id),313.745861,347.870525
sqrt(duration) ~ exercise + ai + seq_num + ipaq_category + occupation + exercise:ai + exercise:ipaq_category + exercise:seq_num + (1 | part_id) + (1 | stim_src_id),307.625100,339.742431
sqrt(duration) ~ exercise + ai + seq_num + ipaq_category + occupation + exercise:ai + exercise:ipaq_category + exercise:seq_num + (1 | stim_src_id) + (1 + ai | part_id),311.150069,347.282066
sqrt(duration) ~ exercise + ai + seq_num + ipaq_category + occupation + exercise:ai + exercise:ipaq_category + exercise:seq_num + (1 | stim_src_id) + (1 + exercise | part_id),311.590190,347.722188
sqrt(duration) ~ exercise + ai + seq_num + ipaq_category + occupation + exercise:ai + ai:seq_num + exercise:seq_num + (1 | part_id),307.022304,337.132301
sqrt(duration) ~ exercise + ai + seq_num + ipaq_category + occupation + exercise:ai + ai:seq_num + exercise:seq_num + (1 | stim_src_id),318.976318,349.086316
sqrt(duration) ~ exercise + ai + seq_num + ipaq_category + occupation + exercise:ai + ai:seq_num + exercise:seq_num + (1 + ai | part_id),310.539912,344.664576
sqrt(duration) ~ exercise + ai + seq_num + ipaq_category + occupation + exercise:ai + ai:seq_num + exercise:seq_num + (1 + exercise | part_id),310.961216,345.085880
sqrt(duration) ~ exercise + ai + seq_num + ipaq_category + occupation + exercise:ai + ai:seq_num + exercise:seq_num + (1 | part_id) + (1 | stim_src_id),306.642943,338.760274
sqrt(duration) ~ exercise + ai + seq_num + ipaq_category + occupation + exercise:ai + ai:seq_num + exercise:seq_num + (1 | stim_src_id) + (1 + ai | part_id),310.090735,346.222732
sqrt(duration) ~ exercise + ai + seq_num + ipaq_category + occupation + exercise:ai + ai:seq_num + exercise:seq_num + (1 | stim_src_id) + (1 + exercise | part_id),310.597741,346.729738
sqrt(duration) ~ exercise + ai + seq_num + ipaq_category + occupation + exercise:ipaq_category + ai:seq_num + exercise:seq_num + (1 | part_id),306.764232,336.874229
sqrt(duration) ~ exercise + ai + seq_num + ipaq_category + occupation + exercise:ipaq_category + ai:seq_num + exercise:seq_num + (1 | stim_src_id),318.463749,348.573747
sqrt(duration) ~ exercise + ai + seq_num + ipaq_category + occupation + exercise:ipaq_category + ai:seq_num + exercise:seq_num + (1 + ai | part_id),310.405629,344.530293
sqrt(duration) ~ exercise + ai + seq_num + ipaq_category + occupation + exercise:ipaq_category + ai:seq_num + exercise:seq_num + (1 + exercise | part_id),310.739622,344.864287
sqrt(duration) ~ exercise + ai + seq_num + ipaq_category + occupation + exercise:ipaq_category + ai:seq_num + exercise:seq_num + (1 | part_id) + (1 | stim_src_id),306.211873,338.329204
sqrt(duration) ~ exercise + ai + seq_num + ipaq_category + occupation + exercise:ipaq_category + ai:seq_num + exercise:seq_num + (1 | stim_src_id) + (1 + ai | part_id),309.831055,345.963052
sqrt(duration) ~ exercise + ai + seq_num + ipaq_category + occupation + exercise:ipaq_category + ai:seq_num + exercise:seq_num + (1 | stim_src_id) + (1 + exercise | part_id),310.134979,346.266976
sqrt(duration) ~ exercise + ai + seq_num + ipaq_category + occupation + exercise:ai + exercise:ipaq_category + ai:seq_num + exercise:seq_num + (1 | part_id),308.718581,340.835912
sqrt(duration) ~ exercise + ai + seq_num + ipaq_category + occupation + exercise:ai + exercise:ipaq_category + ai:seq_num + exercise:seq_num + (1 | stim_src_id),318.633702,350.751033
sqrt(duration) ~ exercise + ai + seq_num + ipaq_category + occupation + exercise:ai + exercise:ipaq_category + ai:seq_num + exercise:seq_num + (1 + ai | part_id),312.378536,348.510533
sqrt(duration) ~ exercise + ai + seq_num + ipaq_category + occupation + exercise:ai + exercise:ipaq_category + ai:seq_num + exercise:seq_num + (1 + exercise | part_id),312.699644,348.831641
sqrt(duration) ~ exercise + ai + seq_num + ipaq_category + occupation + exercise:ai + exercise:ipaq_category + ai:seq_num + exercise:seq_num + (1 | part_id) + (1 | stim_src_id),308.211839,342.336503
sqrt(duration) ~ exercise + ai + seq_num + ipaq_category + occupation + exercise:ai + exercise:ipaq_category + ai:seq_num + exercise:seq_num + (1 | stim_src_id) + (1 + ai | part_id),311.830654,349.969984
sqrt(duration) ~ exercise + ai + seq_num + ipaq_category + occupation + exercise:ai + exercise:ipaq_category + ai:seq_num + exercise:seq_num + (1 | stim_src_id) + (1 + exercise | part_id),312.134226,350.273557
sqrt(duration) ~ exercise + ai + seq_num + project_name + ipaq_category + occupation + (1 | part_id),306.181252,332.276584
sqrt(duration) ~ exercise + ai + seq_num + project_name + ipaq_category + occupation + (1 | stim_src_id),321.568020,347.663351
sqrt(duration) ~ exercise + ai + seq_num + project_name + ipaq_category + occupation + (1 + ai | part_id),309.784419,339.894417
sqrt(duration) ~ exercise + ai + seq_num + project_name + ipaq_category + occupation + (1 + exercise | part_id),310.168751,340.278749
sqrt(duration) ~ exercise + ai + seq_num + project_name + ipaq_category + occupation + (1 | part_id) + (1 | stim_src_id),304.023582,332.126246
sqrt(duration) ~ exercise + ai + seq_num + project_name + ipaq_category + occupation + (1 | stim_src_id) + (1 + ai | part_id),307.480485,339.597816
sqrt(duration) ~ exercise + ai + seq_num + project_name + ipaq_category + occupation + (1 | stim_src_id) + (1 + exercise | part_id),308.012438,340.129769
sqrt(duration) ~ exercise + ai + seq_num + project_name + ipaq_category + occupation + exercise:ai + (1 | part_id),308.039164,336.141829
sqrt(duration) ~ exercise + ai + seq_num + project_name + ipaq_category + occupation + exercise:ai + (1 | stim_src_id),323.135408,351.238073
sqrt(duration) ~ exercise + ai + seq_num + project_name + ipaq_category + occupation + exercise:ai + (1 + ai | part_id),311.687443,343.804774
sqrt(duration) ~ exercise + ai + seq_num + project_name + ipaq_category + occupation + exercise:ai + (1 + exercise | part_id),312.020322,344.137653
sqrt(duration) ~ exercise + ai + seq_num + project_name + ipaq_category + occupation + exercise:ai + (1 | part_id) + (1 | stim_src_id),306.023446,336.133444
sqrt(duration) ~ exercise + ai + seq_num + project_name + ipaq_category + occupation + exercise:ai + (1 | stim_src_id) + (1 + ai | part_id),309.479275,343.603939
sqrt(duration) ~ exercise + ai + seq_num + project_name + ipaq_category + occupation + exercise:ai + (1 | stim_src_id) + (1 + exercise | part_id),310.011813,344.136477
sqrt(duration) ~ exercise + ai + seq_num + project_name + ipaq_category + occupation + exercise:ipaq_category + (1 | part_id),308.180503,336.283168
sqrt(duration) ~ exercise + ai + seq_num + project_name + ipaq_category + occupation + exercise:ipaq_category + (1 | stim_src_id),322.760366,350.863031
sqrt(duration) ~ exercise + ai + seq_num + project_name + ipaq_category + occupation + exercise:ipaq_category + (1 + ai | part_id),311.762206,343.879537
sqrt(duration) ~ exercise + ai + seq_num + project_name + ipaq_category + occupation + exercise:ipaq_category + (1 + exercise | part_id),312.168385,344.285716
sqrt(duration) ~ exercise + ai + seq_num + project_name + ipaq_category + occupation + exercise:ipaq_category + (1 | part_id) + (1 | stim_src_id),305.974656,336.084654
sqrt(duration) ~ exercise + ai + seq_num + project_name + ipaq_category + occupation + exercise:ipaq_category + (1 | stim_src_id) + (1 + ai | part_id),309.473468,343.598132
sqrt(duration) ~ exercise + ai + seq_num + project_name + ipaq_category + occupation + exercise:ipaq_category + (1 | stim_src_id) + (1 + exercise | part_id),309.963947,344.088611
sqrt(duration) ~ exercise + ai + seq_num + project_name + ipaq_category + occupation + ai:seq_num + (1 | part_id),304.672997,332.775662
sqrt(duration) ~ exercise + ai + seq_num + project_name + ipaq_category + occupation + ai:seq_num + (1 | stim_src_id),323.562110,351.664774
sqrt(duration) ~ exercise + ai + seq_num + project_name + ipaq_category + occupation + ai:seq_num + (1 + ai | part_id),308.188198,340.305529
sqrt(duration) ~ exercise + ai + seq_num + project_name + ipaq_category + occupation + ai:seq_num + (1 + exercise | part_id),308.618545,340.735876
sqrt(duration) ~ exercise + ai + seq_num + project_name + ipaq_category + occupation + ai:seq_num + (1 | part_id) + (1 | stim_src_id),304.259618,334.369615
sqrt(duration) ~ exercise + ai + seq_num + project_name + ipaq_category + occupation + ai:seq_num + (1 | stim_src_id) + (1 + ai | part_id),307.763410,341.888074
sqrt(duration) ~ exercise + ai + seq_num + project_name + ipaq_category + occupation + ai:seq_num + (1 | stim_src_id) + (1 + exercise | part_id),308.163954,342.288618
sqrt(duration) ~ exercise + ai + seq_num + project_name + ipaq_category + occupation + exercise:seq_num + (1 | part_id),307.789405,335.892070
sqrt(duration) ~ exercise + ai + seq_num + project_name + ipaq_category + occupation + exercise:seq_num + (1 | stim_src_id),319.035259,347.137923
sqrt(duration) ~ exercise + ai + seq_num + project_name + ipaq_category + occupation + exercise:seq_num + (1 + ai | part_id),311.424892,343.542223
sqrt(duration) ~ exercise + ai + seq_num + project_name + ipaq_category + occupation + exercise:seq_num + (1 + exercise | part_id),311.727613,343.844944
sqrt(duration) ~ exercise + ai + seq_num + project_name + ipaq_category + occupation + exercise:seq_num + (1 | part_id) + (1 | stim_src_id),305.433623,335.543621
sqrt(duration) ~ exercise + ai + seq_num + project_name + ipaq_category + occupation + exercise:seq_num + (1 | stim_src_id) + (1 + ai | part_id),308.916999,343.041664
sqrt(duration) ~ exercise + ai + seq_num + project_name + ipaq_category + occupation + exercise:seq_num + (1 | stim_src_id) + (1 + exercise | part_id),309.274218,343.398882
sqrt(duration) ~ exercise + ai + seq_num + project_name + ipaq_category + occupation + exercise:ai + exercise:ipaq_category + (1 | part_id),310.038011,340.148009
sqrt(duration) ~ exercise + ai + seq_num + project_name + ipaq_category + occupation + exercise:ai + exercise:ipaq_category + (1 | stim_src_id),324.453300,354.563298
sqrt(duration) ~ exercise + ai + seq_num + project_name + ipaq_category + occupation + exercise:ai + exercise:ipaq_category + (1 + ai | part_id),313.663159,347.787823
sqrt(duration) ~ exercise + ai + seq_num + project_name + ipaq_category + occupation + exercise:ai + exercise:ipaq_category + (1 + exercise | part_id),313.990959,348.115623
sqrt(duration) ~ exercise + ai + seq_num + project_name + ipaq_category + occupation + exercise:ai + exercise:ipaq_category + (1 | part_id) + (1 | stim_src_id),307.974488,340.091818
sqrt(duration) ~ exercise + ai + seq_num + project_name + ipaq_category + occupation + exercise:ai + exercise:ipaq_category + (1 | stim_src_id) + (1 + ai | part_id),311.472161,347.604159
sqrt(duration) ~ exercise + ai + seq_num + project_name + ipaq_category + occupation + exercise:ai + exercise:ipaq_category + (1 | stim_src_id) + (1 + exercise | part_id),311.963309,348.095306
sqrt(duration) ~ exercise + ai + seq_num + project_name + ipaq_category + occupation + exercise:ai + ai:seq_num + (1 | part_id),306.623622,336.733620
sqrt(duration) ~ exercise + ai + seq_num + project_name + ipaq_category + occupation + exercise:ai + ai:seq_num + (1 | stim_src_id),325.129932,355.239930
sqrt(duration) ~ exercise + ai + seq_num + project_name + ipaq_category + occupation + exercise:ai + ai:seq_num + (1 + ai | part_id),310.162215,344.286880
sqrt(duration) ~ exercise + ai + seq_num + project_name + ipaq_category + occupation + exercise:ai + ai:seq_num + (1 + exercise | part_id),310.585656,344.710320
sqrt(duration) ~ exercise + ai + seq_num + project_name + ipaq_category + occupation + exercise:ai + ai:seq_num + (1 | part_id) + (1 | stim_src_id),306.258652,338.375983
sqrt(duration) ~ exercise + ai + seq_num + project_name + ipaq_category + occupation + exercise:ai + ai:seq_num + (1 | stim_src_id) + (1 + ai | part_id),309.761492,345.893489
sqrt(duration) ~ exercise + ai + seq_num + project_name + ipaq_category + occupation + exercise:ai + ai:seq_num + (1 | stim_src_id) + (1 + exercise | part_id),310.158952,346.290950
sqrt(duration) ~ exercise + ai + seq_num + project_name + ipaq_category + occupation + exercise:ai + exercise:seq_num + (1 | part_id),309.580106,339.690103
sqrt(duration) ~ exercise + ai + seq_num + project_name + ipaq_category + occupation + exercise:ai + exercise:seq_num + (1 | stim_src_id),319.077712,349.187709
sqrt(duration) ~ exercise + ai + seq_num + project_name + ipaq_category + occupation + exercise:ai + exercise:seq_num + (1 + ai | part_id),313.263965,347.388629
sqrt(duration) ~ exercise + ai + seq_num + project_name + ipaq_category + occupation + exercise:ai + exercise:seq_num + (1 + exercise | part_id),313.556842,347.681506
sqrt(duration) ~ exercise + ai + seq_num + project_name + ipaq_category + occupation + exercise:ai + exercise:seq_num + (1 | part_id) + (1 | stim_src_id),307.431463,339.548794
sqrt(duration) ~ exercise + ai + seq_num + project_name + ipaq_category + occupation + exercise:ai + exercise:seq_num + (1 | stim_src_id) + (1 + ai | part_id),310.915764,347.047761
sqrt(duration) ~ exercise + ai + seq_num + project_name + ipaq_category + occupation + exercise:ai + exercise:seq_num + (1 | stim_src_id) + (1 + exercise | part_id),311.274134,347.406131
sqrt(duration) ~ exercise + ai + seq_num + project_name + ipaq_category + occupation + exercise:ipaq_category + ai:seq_num + (1 | part_id),306.368774,336.478771
sqrt(duration) ~ exercise + ai + seq_num + project_name + ipaq_category + occupation + exercise:ipaq_category + ai:seq_num + (1 | stim_src_id),324.681902,354.791899
sqrt(duration) ~ exercise + ai + seq_num + project_name + ipaq_category + occupation + exercise:ipaq_category + ai:seq_num + (1 + ai | part_id),310.001040,344.125704
sqrt(duration) ~ exercise + ai + seq_num + project_name + ipaq_category + occupation + exercise:ipaq_category + ai:seq_num + (1 + exercise | part_id),310.260304,344.384968
sqrt(duration) ~ exercise + ai + seq_num + project_name + ipaq_category + occupation + exercise:ipaq_category + ai:seq_num + (1 | part_id) + (1 | stim_src_id),305.946003,338.063334
sqrt(duration) ~ exercise + ai + seq_num + project_name + ipaq_category + occupation + exercise:ipaq_category + ai:seq_num + (1 | stim_src_id) + (1 + ai | part_id),309.573046,345.705044
sqrt(duration) ~ exercise + ai + seq_num + project_name + ipaq_category + occupation + exercise:ipaq_category + ai:seq_num + (1 | stim_src_id) + (1 + exercise | part_id),309.809878,345.941875
sqrt(duration) ~ exercise + ai + seq_num + project_name + ipaq_category + occupation + exercise:ipaq_category + exercise:seq_num + (1 | part_id),309.787355,339.897353
sqrt(duration) ~ exercise + ai + seq_num + project_name + ipaq_category + occupation + exercise:ipaq_category + exercise:seq_num + (1 | stim_src_id),318.447292,348.557290
sqrt(duration) ~ exercise + ai + seq_num + project_name + ipaq_category + occupation + exercise:ipaq_category + exercise:seq_num + (1 + ai | part_id),313.419973,347.544637
sqrt(duration) ~ exercise + ai + seq_num + project_name + ipaq_category + occupation + exercise:ipaq_category + exercise:seq_num + (1 + exercise | part_id),313.725010,347.849674
sqrt(duration) ~ exercise + ai + seq_num + project_name + ipaq_category + occupation + exercise:ipaq_category + exercise:seq_num + (1 | part_id) + (1 | stim_src_id),307.270907,339.388238
sqrt(duration) ~ exercise + ai + seq_num + project_name + ipaq_category + occupation + exercise:ipaq_category + exercise:seq_num + (1 | stim_src_id) + (1 + ai | part_id),310.847705,346.979703
sqrt(duration) ~ exercise + ai + seq_num + project_name + ipaq_category + occupation + exercise:ipaq_category + exercise:seq_num + (1 | stim_src_id) + (1 + exercise | part_id),311.125431,347.257429
sqrt(duration) ~ exercise + ai + seq_num + project_name + ipaq_category + occupation + ai:seq_num + exercise:seq_num + (1 | part_id),306.605001,336.714999
sqrt(duration) ~ exercise + ai + seq_num + project_name + ipaq_category + occupation + ai:seq_num + exercise:seq_num + (1 | stim_src_id),320.920921,351.030919
sqrt(duration) ~ exercise + ai + seq_num + project_name + ipaq_category + occupation + ai:seq_num + exercise:seq_num + (1 + ai | part_id),310.150229,344.274894
sqrt(duration) ~ exercise + ai + seq_num + project_name + ipaq_category + occupation + ai:seq_num + exercise:seq_num + (1 + exercise | part_id),310.512471,344.637135
sqrt(duration) ~ exercise + ai + seq_num + project_name + ipaq_category + occupation + ai:seq_num + exercise:seq_num + (1 | part_id) + (1 | stim_src_id),306.053564,338.170895
sqrt(duration) ~ exercise + ai + seq_num + project_name + ipaq_category + occupation + ai:seq_num + exercise:seq_num + (1 | stim_src_id) + (1 + ai | part_id),309.583611,345.715608
sqrt(duration) ~ exercise + ai + seq_num + project_name + ipaq_category + occupation + ai:seq_num + exercise:seq_num + (1 | stim_src_id) + (1 + exercise | part_id),309.824591,345.956588
sqrt(duration) ~ exercise + ai + seq_num + project_name + ipaq_category + occupation + exercise:ai + exercise:ipaq_category + ai:seq_num + (1 | part_id),308.328902,340.446233
sqrt(duration) ~ exercise + ai + seq_num + project_name + ipaq_category + occupation + exercise:ai + exercise:ipaq_category + ai:seq_num + (1 | stim_src_id),326.387275,358.504606
sqrt(duration) ~ exercise + ai + seq_num + project_name + ipaq_category + occupation + exercise:ai + exercise:ipaq_category + ai:seq_num + (1 + ai | part_id),311.980713,348.112710
sqrt(duration) ~ exercise + ai + seq_num + project_name + ipaq_category + occupation + exercise:ai + exercise:ipaq_category + ai:seq_num + (1 + exercise | part_id),312.238862,348.370859
sqrt(duration) ~ exercise + ai + seq_num + project_name + ipaq_category + occupation + exercise:ai + exercise:ipaq_category + ai:seq_num + (1 | part_id) + (1 | stim_src_id),307.944737,342.069401
sqrt(duration) ~ exercise + ai + seq_num + project_name + ipaq_category + occupation + exercise:ai + exercise:ipaq_category + ai:seq_num + (1 | stim_src_id) + (1 + ai | part_id),311.570397,349.709727
sqrt(duration) ~ exercise + ai + seq_num + project_name + ipaq_category + occupation + exercise:ai + exercise:ipaq_category + ai:seq_num + (1 | stim_src_id) + (1 + exercise | part_id),311.804284,349.943615
sqrt(duration) ~ exercise + ai + seq_num + project_name + ipaq_category + occupation + exercise:ai + exercise:ipaq_category + exercise:seq_num + (1 | part_id),311.577961,343.695292
sqrt(duration) ~ exercise + ai + seq_num + project_name + ipaq_category + occupation + exercise:ai + exercise:ipaq_category + exercise:seq_num + (1 | stim_src_id),318.614973,350.732304
sqrt(duration) ~ exercise + ai + seq_num + project_name + ipaq_category + occupation + exercise:ai + exercise:ipaq_category + exercise:seq_num + (1 + ai | part_id),315.259000,351.390997
sqrt(duration) ~ exercise + ai + seq_num + project_name + ipaq_category + occupation + exercise:ai + exercise:ipaq_category + exercise:seq_num + (1 + exercise | part_id),315.554106,351.686103
sqrt(duration) ~ exercise + ai + seq_num + project_name + ipaq_category + occupation + exercise:ai + exercise:ipaq_category + exercise:seq_num + (1 | part_id) + (1 | stim_src_id),309.268237,343.392901
sqrt(duration) ~ exercise + ai + seq_num + project_name + ipaq_category + occupation + exercise:ai + exercise:ipaq_category + exercise:seq_num + (1 | stim_src_id) + (1 + ai | part_id),312.846383,350.985714
sqrt(duration) ~ exercise + ai + seq_num + project_name + ipaq_category + occupation + exercise:ai + exercise:ipaq_category + exercise:seq_num + (1 | stim_src_id) + (1 + exercise | part_id),313.125004,351.264334
sqrt(duration) ~ exercise + ai + seq_num + project_name + ipaq_category + occupation + exercise:ai + ai:seq_num + exercise:seq_num + (1 | part_id),308.540957,340.658288
sqrt(duration) ~ exercise + ai + seq_num + project_name + ipaq_category + occupation + exercise:ai + ai:seq_num + exercise:seq_num + (1 | stim_src_id),320.910876,353.028207
sqrt(duration) ~ exercise + ai + seq_num + project_name + ipaq_category + occupation + exercise:ai + ai:seq_num + exercise:seq_num + (1 + ai | part_id),312.114478,348.246476
sqrt(duration) ~ exercise + ai + seq_num + project_name + ipaq_category + occupation + exercise:ai + ai:seq_num + exercise:seq_num + (1 + exercise | part_id),312.470312,348.602309
sqrt(duration) ~ exercise + ai + seq_num + project_name + ipaq_category + occupation + exercise:ai + ai:seq_num + exercise:seq_num + (1 | part_id) + (1 | stim_src_id),308.053564,342.178229
sqrt(duration) ~ exercise + ai + seq_num + project_name + ipaq_category + occupation + exercise:ai + ai:seq_num + exercise:seq_num + (1 | stim_src_id) + (1 + ai | part_id),311.583536,349.722866
sqrt(duration) ~ exercise + ai + seq_num + project_name + ipaq_category + occupation + exercise:ai + ai:seq_num + exercise:seq_num + (1 | stim_src_id) + (1 + exercise | part_id),311.822359,349.961690
sqrt(duration) ~ exercise + ai + seq_num + project_name + ipaq_category + occupation + exercise:ipaq_category + ai:seq_num + exercise:seq_num + (1 | part_id),308.291574,340.408905
sqrt(duration) ~ exercise + ai + seq_num + project_name + ipaq_category + occupation + exercise:ipaq_category + ai:seq_num + exercise:seq_num + (1 | stim_src_id),320.442382,352.559713
sqrt(duration) ~ exercise + ai + seq_num + project_name + ipaq_category + occupation + exercise:ipaq_category + ai:seq_num + exercise:seq_num + (1 + ai | part_id),311.953942,348.085939
sqrt(duration) ~ exercise + ai + seq_num + project_name + ipaq_category + occupation + exercise:ipaq_category + ai:seq_num + exercise:seq_num + (1 + exercise | part_id),312.142579,348.274577
sqrt(duration) ~ exercise + ai + seq_num + project_name + ipaq_category + occupation + exercise:ipaq_category + ai:seq_num + exercise:seq_num + (1 | part_id) + (1 | stim_src_id),307.661725,341.786389
sqrt(duration) ~ exercise + ai + seq_num + project_name + ipaq_category + occupation + exercise:ipaq_category + ai:seq_num + exercise:seq_num + (1 | stim_src_id) + (1 + ai | part_id),311.332584,349.471914
sqrt(duration) ~ exercise + ai + seq_num + project_name + ipaq_category + occupation + exercise:ipaq_category + ai:seq_num + exercise:seq_num + (1 | stim_src_id) + (1 + exercise | part_id),311.392076,349.531407
sqrt(duration) ~ exercise + ai + seq_num + project_name + ipaq_category + occupation + exercise:ai + exercise:ipaq_category + ai:seq_num + exercise:seq_num + (1 | part_id),310.237683,344.362347
sqrt(duration) ~ exercise + ai + seq_num + project_name + ipaq_category + occupation + exercise:ai + exercise:ipaq_category + ai:seq_num + exercise:seq_num + (1 | stim_src_id),320.587355,354.712019
sqrt(duration) ~ exercise + ai + seq_num + project_name + ipaq_category + occupation + exercise:ai + exercise:ipaq_category + ai:seq_num + exercise:seq_num + (1 + ai | part_id),313.924162,352.063492
sqrt(duration) ~ exercise + ai + seq_num + project_name + ipaq_category + occupation + exercise:ai + exercise:ipaq_category + ai:seq_num + exercise:seq_num + (1 + exercise | part_id),314.111005,352.250336
sqrt(duration) ~ exercise + ai + seq_num + project_name + ipaq_category + occupation + exercise:ai + exercise:ipaq_category + ai:seq_num + exercise:seq_num + (1 | part_id) + (1 | stim_src_id),309.661725,345.793722
sqrt(duration) ~ exercise + ai + seq_num + project_name + ipaq_category + occupation + exercise:ai + exercise:ipaq_category + ai:seq_num + exercise:seq_num + (1 | stim_src_id) + (1 + ai | part_id),313.332429,353.479093
sqrt(duration) ~ exercise + ai + seq_num + project_name + ipaq_category + occupation + exercise:ai + exercise:ipaq_category + ai:seq_num + exercise:seq_num + (1 | stim_src_id) + (1 + exercise | part_id),313.390528,353.537191
