formula,AIC,BIC
sqrt(duration) ~ (1|part_id),394.677084,401.246048
sqrt(duration) ~ (1|stim_src_id),396.940159,403.509123
sqrt(duration) ~ (1|part_id:exercise),366.086693,372.655657
sqrt(duration) ~ (1|part_id:ipaq_category),394.677084,401.246048
sqrt(duration) ~ (1|part_id:ai),366.086693,372.655657
sqrt(duration) ~ (1|part_id:ai:exercise),366.086693,372.655657
sqrt(duration) ~ (1|part_id) + (1|stim_src_id),395.101367,403.859986
sqrt(duration) ~ (1|part_id) + (1|part_id:exercise),368.085000,376.843619
sqrt(duration) ~ (1|part_id) + (1|part_id:ipaq_category),396.677084,405.435703
sqrt(duration) ~ (1|part_id) + (1|part_id:ai),368.085000,376.843619
sqrt(duration) ~ (1|part_id) + (1|part_id:ai:exercise),368.085000,376.843619
sqrt(duration) ~ (1|stim_src_id) + (1|part_id:exercise),368.086693,376.845312
sqrt(duration) ~ (1|stim_src_id) + (1|part_id:ipaq_category),395.101367,403.859986
sqrt(duration) ~ (1|stim_src_id) + (1|part_id:ai),368.086693,376.845312
sqrt(duration) ~ (1|stim_src_id) + (1|part_id:ai:exercise),368.086693,376.845312
sqrt(duration) ~ (1|part_id:exercise) + (1|part_id:ipaq_category),368.085000,376.843619
sqrt(duration) ~ (1|part_id:exercise) + (1|part_id:ai),368.086693,376.845312
sqrt(duration) ~ (1|part_id:exercise) + (1|part_id:ai:exercise),368.086693,376.845312
sqrt(duration) ~ (1|part_id:ipaq_category) + (1|part_id:ai),368.085000,376.843619
sqrt(duration) ~ (1|part_id:ipaq_category) + (1|part_id:ai:exercise),368.085000,376.843619
sqrt(duration) ~ (1|part_id:ai) + (1|part_id:ai:exercise),368.086693,376.845312
sqrt(duration) ~ (1|part_id) + (1|stim_src_id) + (1|part_id:exercise),370.085000,381.033274
sqrt(duration) ~ (1|part_id) + (1|stim_src_id) + (1|part_id:ipaq_category),397.101367,408.049641
sqrt(duration) ~ (1|part_id) + (1|stim_src_id) + (1|part_id:ai),370.085000,381.033274
sqrt(duration) ~ (1|part_id) + (1|stim_src_id) + (1|part_id:ai:exercise),370.085000,381.033274
sqrt(duration) ~ (1|part_id) + (1|part_id:exercise) + (1|part_id:ipaq_category),370.085000,381.033274
sqrt(duration) ~ (1|part_id) + (1|part_id:exercise) + (1|part_id:ai),370.085000,381.033274
sqrt(duration) ~ (1|part_id) + (1|part_id:exercise) + (1|part_id:ai:exercise),370.085000,381.033274
sqrt(duration) ~ (1|part_id) + (1|part_id:ipaq_category) + (1|part_id:ai),370.085000,381.033274
sqrt(duration) ~ (1|part_id) + (1|part_id:ipaq_category) + (1|part_id:ai:exercise),370.085000,381.033274
sqrt(duration) ~ (1|part_id) + (1|part_id:ai) + (1|part_id:ai:exercise),370.085000,381.033274
sqrt(duration) ~ (1|stim_src_id) + (1|part_id:exercise) + (1|part_id:ipaq_category),370.085000,381.033274
sqrt(duration) ~ (1|stim_src_id) + (1|part_id:exercise) + (1|part_id:ai),370.086693,381.034967
sqrt(duration) ~ (1|stim_src_id) + (1|part_id:exercise) + (1|part_id:ai:exercise),370.086693,381.034967
sqrt(duration) ~ (1|stim_src_id) + (1|part_id:ipaq_category) + (1|part_id:ai),370.085000,381.033274
sqrt(duration) ~ (1|stim_src_id) + (1|part_id:ipaq_category) + (1|part_id:ai:exercise),370.085000,381.033274
sqrt(duration) ~ (1|stim_src_id) + (1|part_id:ai) + (1|part_id:ai:exercise),370.086693,381.034967
sqrt(duration) ~ (1|part_id:exercise) + (1|part_id:ipaq_category) + (1|part_id:ai),370.085000,381.033274
sqrt(duration) ~ (1|part_id:exercise) + (1|part_id:ipaq_category) + (1|part_id:ai:exercise),370.085000,381.033274
sqrt(duration) ~ (1|part_id:exercise) + (1|part_id:ai) + (1|part_id:ai:exercise),370.086693,381.034967
sqrt(duration) ~ (1|part_id:ipaq_category) + (1|part_id:ai) + (1|part_id:ai:exercise),370.085000,381.033274
sqrt(duration) ~ (1|part_id) + (1|stim_src_id) + (1|part_id:exercise) + (1|part_id:ipaq_category),372.085000,385.222928
sqrt(duration) ~ (1|part_id) + (1|stim_src_id) + (1|part_id:exercise) + (1|part_id:ai),372.085000,385.222928
sqrt(duration) ~ (1|part_id) + (1|stim_src_id) + (1|part_id:exercise) + (1|part_id:ai:exercise),372.085000,385.222928
sqrt(duration) ~ (1|part_id) + (1|stim_src_id) + (1|part_id:ipaq_category) + (1|part_id:ai),372.085000,385.222928
sqrt(duration) ~ (1|part_id) + (1|stim_src_id) + (1|part_id:ipaq_category) + (1|part_id:ai:exercise),372.085000,385.222928
sqrt(duration) ~ (1|part_id) + (1|stim_src_id) + (1|part_id:ai) + (1|part_id:ai:exercise),372.085000,385.222928
sqrt(duration) ~ (1|part_id) + (1|part_id:exercise) + (1|part_id:ipaq_category) + (1|part_id:ai),372.085000,385.222928
sqrt(duration) ~ (1|part_id) + (1|part_id:exercise) + (1|part_id:ipaq_category) + (1|part_id:ai:exercise),372.085000,385.222928
sqrt(duration) ~ (1|part_id) + (1|part_id:exercise) + (1|part_id:ai) + (1|part_id:ai:exercise),372.085000,385.222928
sqrt(duration) ~ (1|part_id) + (1|part_id:ipaq_category) + (1|part_id:ai) + (1|part_id:ai:exercise),372.085000,385.222928
sqrt(duration) ~ (1|stim_src_id) + (1|part_id:exercise) + (1|part_id:ipaq_category) + (1|part_id:ai),372.085000,385.222928
sqrt(duration) ~ (1|stim_src_id) + (1|part_id:exercise) + (1|part_id:ipaq_category) + (1|part_id:ai:exercise),372.085000,385.222928
sqrt(duration) ~ (1|stim_src_id) + (1|part_id:exercise) + (1|part_id:ai) + (1|part_id:ai:exercise),372.086693,385.224622
sqrt(duration) ~ (1|stim_src_id) + (1|part_id:ipaq_category) + (1|part_id:ai) + (1|part_id:ai:exercise),372.085000,385.222928
sqrt(duration) ~ (1|part_id:exercise) + (1|part_id:ipaq_category) + (1|part_id:ai) + (1|part_id:ai:exercise),372.085000,385.222928
sqrt(duration) ~ (1|part_id) + (1|stim_src_id) + (1|part_id:exercise) + (1|part_id:ipaq_category) + (1|part_id:ai),374.085000,389.412583
sqrt(duration) ~ (1|part_id) + (1|stim_src_id) + (1|part_id:exercise) + (1|part_id:ipaq_category) + (1|part_id:ai:exercise),374.085000,389.412583
sqrt(duration) ~ (1|part_id) + (1|stim_src_id) + (1|part_id:exercise) + (1|part_id:ai) + (1|part_id:ai:exercise),374.085000,389.412583
sqrt(duration) ~ (1|part_id) + (1|stim_src_id) + (1|part_id:ipaq_category) + (1|part_id:ai) + (1|part_id:ai:exercise),374.085000,389.412583
sqrt(duration) ~ (1|part_id) + (1|part_id:exercise) + (1|part_id:ipaq_category) + (1|part_id:ai) + (1|part_id:ai:exercise),374.085000,389.412583
sqrt(duration) ~ (1|stim_src_id) + (1|part_id:exercise) + (1|part_id:ipaq_category) + (1|part_id:ai) + (1|part_id:ai:exercise),374.085000,389.412583
sqrt(duration) ~ (1|part_id) + (1|stim_src_id) + (1|part_id:exercise) + (1|part_id:ipaq_category) + (1|part_id:ai) + (1|part_id:ai:exercise),376.085000,393.602238
sqrt(duration) ~ exercise + (1|part_id),394.294974,403.053593
sqrt(duration) ~ exercise + (1|stim_src_id),396.169009,404.927628
sqrt(duration) ~ exercise + (1|part_id:exercise),366.657624,375.416243
sqrt(duration) ~ exercise + (1|part_id:ipaq_category),394.294974,403.053593
sqrt(duration) ~ exercise + (1|part_id:ai),366.657624,375.416243
sqrt(duration) ~ exercise + (1|part_id:ai:exercise),366.657624,375.416243
sqrt(duration) ~ exercise + (1|part_id) + (1|stim_src_id),393.662816,404.611089
sqrt(duration) ~ exercise + (1|part_id) + (1|part_id:exercise),368.627557,379.575831
sqrt(duration) ~ exercise + (1|part_id) + (1|part_id:ipaq_category),396.294974,407.243248
sqrt(duration) ~ exercise + (1|part_id) + (1|part_id:ai),368.627557,379.575831
sqrt(duration) ~ exercise + (1|part_id) + (1|part_id:ai:exercise),368.627557,379.575831
sqrt(duration) ~ exercise + (1|stim_src_id) + (1|part_id:exercise),368.657624,379.605898
sqrt(duration) ~ exercise + (1|stim_src_id) + (1|part_id:ipaq_category),393.662816,404.611089
sqrt(duration) ~ exercise + (1|stim_src_id) + (1|part_id:ai),368.657624,379.605898
sqrt(duration) ~ exercise + (1|stim_src_id) + (1|part_id:ai:exercise),368.657624,379.605898
sqrt(duration) ~ exercise + (1|part_id:exercise) + (1|part_id:ipaq_category),368.627557,379.575831
sqrt(duration) ~ exercise + (1|part_id:exercise) + (1|part_id:ai),368.657624,379.605898
sqrt(duration) ~ exercise + (1|part_id:exercise) + (1|part_id:ai:exercise),368.657624,379.605898
sqrt(duration) ~ exercise + (1|part_id:ipaq_category) + (1|part_id:ai),368.627557,379.575831
sqrt(duration) ~ exercise + (1|part_id:ipaq_category) + (1|part_id:ai:exercise),368.627557,379.575831
sqrt(duration) ~ exercise + (1|part_id:ai) + (1|part_id:ai:exercise),368.657624,379.605898
sqrt(duration) ~ exercise + (1|part_id) + (1|stim_src_id) + (1|part_id:exercise),370.627557,383.765486
sqrt(duration) ~ exercise + (1|part_id) + (1|stim_src_id) + (1|part_id:ipaq_category),395.662816,408.800744
sqrt(duration) ~ exercise + (1|part_id) + (1|stim_src_id) + (1|part_id:ai),370.627557,383.765486
sqrt(duration) ~ exercise + (1|part_id) + (1|stim_src_id) + (1|part_id:ai:exercise),370.627557,383.765486
sqrt(duration) ~ exercise + (1|part_id) + (1|part_id:exercise) + (1|part_id:ipaq_category),370.627557,383.765486
sqrt(duration) ~ exercise + (1|part_id) + (1|part_id:exercise) + (1|part_id:ai),370.627557,383.765486
sqrt(duration) ~ exercise + (1|part_id) + (1|part_id:exercise) + (1|part_id:ai:exercise),370.627557,383.765486
sqrt(duration) ~ exercise + (1|part_id) + (1|part_id:ipaq_category) + (1|part_id:ai),370.627557,383.765486
sqrt(duration) ~ exercise + (1|part_id) + (1|part_id:ipaq_category) + (1|part_id:ai:exercise),370.627557,383.765486
sqrt(duration) ~ exercise + (1|part_id) + (1|part_id:ai) + (1|part_id:ai:exercise),370.627557,383.765486
sqrt(duration) ~ exercise + (1|stim_src_id) + (1|part_id:exercise) + (1|part_id:ipaq_category),370.627557,383.765486
sqrt(duration) ~ exercise + (1|stim_src_id) + (1|part_id:exercise) + (1|part_id:ai),370.657624,383.795553
sqrt(duration) ~ exercise + (1|stim_src_id) + (1|part_id:exercise) + (1|part_id:ai:exercise),370.657624,383.795553
sqrt(duration) ~ exercise + (1|stim_src_id) + (1|part_id:ipaq_category) + (1|part_id:ai),370.627557,383.765486
sqrt(duration) ~ exercise + (1|stim_src_id) + (1|part_id:ipaq_category) + (1|part_id:ai:exercise),370.627557,383.765486
sqrt(duration) ~ exercise + (1|stim_src_id) + (1|part_id:ai) + (1|part_id:ai:exercise),370.657624,383.795553
sqrt(duration) ~ exercise + (1|part_id:exercise) + (1|part_id:ipaq_category) + (1|part_id:ai),370.627557,383.765486
sqrt(duration) ~ exercise + (1|part_id:exercise) + (1|part_id:ipaq_category) + (1|part_id:ai:exercise),370.627557,383.765486
sqrt(duration) ~ exercise + (1|part_id:exercise) + (1|part_id:ai) + (1|part_id:ai:exercise),370.657624,383.795553
sqrt(duration) ~ exercise + (1|part_id:ipaq_category) + (1|part_id:ai) + (1|part_id:ai:exercise),370.627557,383.765486
sqrt(duration) ~ exercise + (1|part_id) + (1|stim_src_id) + (1|part_id:exercise) + (1|part_id:ipaq_category),372.627557,387.955140
sqrt(duration) ~ exercise + (1|part_id) + (1|stim_src_id) + (1|part_id:exercise) + (1|part_id:ai),372.627557,387.955140
sqrt(duration) ~ exercise + (1|part_id) + (1|stim_src_id) + (1|part_id:exercise) + (1|part_id:ai:exercise),372.627557,387.955140
sqrt(duration) ~ exercise + (1|part_id) + (1|stim_src_id) + (1|part_id:ipaq_category) + (1|part_id:ai),372.627557,387.955140
sqrt(duration) ~ exercise + (1|part_id) + (1|stim_src_id) + (1|part_id:ipaq_category) + (1|part_id:ai:exercise),372.627557,387.955140
sqrt(duration) ~ exercise + (1|part_id) + (1|stim_src_id) + (1|part_id:ai) + (1|part_id:ai:exercise),372.627557,387.955140
sqrt(duration) ~ exercise + (1|part_id) + (1|part_id:exercise) + (1|part_id:ipaq_category) + (1|part_id:ai),372.627557,387.955140
sqrt(duration) ~ exercise + (1|part_id) + (1|part_id:exercise) + (1|part_id:ipaq_category) + (1|part_id:ai:exercise),372.627557,387.955140
sqrt(duration) ~ exercise + (1|part_id) + (1|part_id:exercise) + (1|part_id:ai) + (1|part_id:ai:exercise),372.627557,387.955140
sqrt(duration) ~ exercise + (1|part_id) + (1|part_id:ipaq_category) + (1|part_id:ai) + (1|part_id:ai:exercise),372.627557,387.955140
sqrt(duration) ~ exercise + (1|stim_src_id) + (1|part_id:exercise) + (1|part_id:ipaq_category) + (1|part_id:ai),372.627557,387.955140
sqrt(duration) ~ exercise + (1|stim_src_id) + (1|part_id:exercise) + (1|part_id:ipaq_category) + (1|part_id:ai:exercise),372.627557,387.955140
sqrt(duration) ~ exercise + (1|stim_src_id) + (1|part_id:exercise) + (1|part_id:ai) + (1|part_id:ai:exercise),372.657624,387.985207
sqrt(duration) ~ exercise + (1|stim_src_id) + (1|part_id:ipaq_category) + (1|part_id:ai) + (1|part_id:ai:exercise),372.627557,387.955140
sqrt(duration) ~ exercise + (1|part_id:exercise) + (1|part_id:ipaq_category) + (1|part_id:ai) + (1|part_id:ai:exercise),372.627557,387.955140
sqrt(duration) ~ exercise + (1|part_id) + (1|stim_src_id) + (1|part_id:exercise) + (1|part_id:ipaq_category) + (1|part_id:ai),374.627557,392.144795
sqrt(duration) ~ exercise + (1|part_id) + (1|stim_src_id) + (1|part_id:exercise) + (1|part_id:ipaq_category) + (1|part_id:ai:exercise),374.627557,392.144795
sqrt(duration) ~ exercise + (1|part_id) + (1|stim_src_id) + (1|part_id:exercise) + (1|part_id:ai) + (1|part_id:ai:exercise),374.627557,392.144795
sqrt(duration) ~ exercise + (1|part_id) + (1|stim_src_id) + (1|part_id:ipaq_category) + (1|part_id:ai) + (1|part_id:ai:exercise),374.627557,392.144795
sqrt(duration) ~ exercise + (1|part_id) + (1|part_id:exercise) + (1|part_id:ipaq_category) + (1|part_id:ai) + (1|part_id:ai:exercise),374.627557,392.144795
sqrt(duration) ~ exercise + (1|stim_src_id) + (1|part_id:exercise) + (1|part_id:ipaq_category) + (1|part_id:ai) + (1|part_id:ai:exercise),374.627557,392.144795
sqrt(duration) ~ exercise + (1|part_id) + (1|stim_src_id) + (1|part_id:exercise) + (1|part_id:ipaq_category) + (1|part_id:ai) + (1|part_id:ai:exercise),376.627557,396.334450
sqrt(duration) ~ ai + (1|part_id),393.207972,401.966591
sqrt(duration) ~ ai + (1|stim_src_id),396.052027,404.810646
sqrt(duration) ~ ai + (1|part_id:exercise),367.465910,376.224528
sqrt(duration) ~ ai + (1|part_id:ipaq_category),393.207972,401.966591
sqrt(duration) ~ ai + (1|part_id:ai),367.465910,376.224528
sqrt(duration) ~ ai + (1|part_id:ai:exercise),367.465910,376.224528
sqrt(duration) ~ ai + (1|part_id) + (1|stim_src_id),393.068796,404.017070
sqrt(duration) ~ ai + (1|part_id) + (1|part_id:exercise),369.461270,380.409544
sqrt(duration) ~ ai + (1|part_id) + (1|part_id:ipaq_category),395.207972,406.156245
sqrt(duration) ~ ai + (1|part_id) + (1|part_id:ai),369.461270,380.409544
sqrt(duration) ~ ai + (1|part_id) + (1|part_id:ai:exercise),369.461270,380.409544
sqrt(duration) ~ ai + (1|stim_src_id) + (1|part_id:exercise),369.465910,380.414183
sqrt(duration) ~ ai + (1|stim_src_id) + (1|part_id:ipaq_category),393.068796,404.017070
sqrt(duration) ~ ai + (1|stim_src_id) + (1|part_id:ai),369.465910,380.414183
sqrt(duration) ~ ai + (1|stim_src_id) + (1|part_id:ai:exercise),369.465910,380.414183
sqrt(duration) ~ ai + (1|part_id:exercise) + (1|part_id:ipaq_category),369.461270,380.409544
sqrt(duration) ~ ai + (1|part_id:exercise) + (1|part_id:ai),369.465910,380.414183
sqrt(duration) ~ ai + (1|part_id:exercise) + (1|part_id:ai:exercise),369.465910,380.414183
sqrt(duration) ~ ai + (1|part_id:ipaq_category) + (1|part_id:ai),369.461270,380.409544
sqrt(duration) ~ ai + (1|part_id:ipaq_category) + (1|part_id:ai:exercise),369.461270,380.409544
sqrt(duration) ~ ai + (1|part_id:ai) + (1|part_id:ai:exercise),369.465910,380.414183
sqrt(duration) ~ ai + (1|part_id) + (1|stim_src_id) + (1|part_id:exercise),371.461270,384.599199
sqrt(duration) ~ ai + (1|part_id) + (1|stim_src_id) + (1|part_id:ipaq_category),395.068796,408.206725
sqrt(duration) ~ ai + (1|part_id) + (1|stim_src_id) + (1|part_id:ai),371.461270,384.599199
sqrt(duration) ~ ai + (1|part_id) + (1|stim_src_id) + (1|part_id:ai:exercise),371.461270,384.599199
sqrt(duration) ~ ai + (1|part_id) + (1|part_id:exercise) + (1|part_id:ipaq_category),371.461270,384.599199
sqrt(duration) ~ ai + (1|part_id) + (1|part_id:exercise) + (1|part_id:ai),371.461271,384.599199
sqrt(duration) ~ ai + (1|part_id) + (1|part_id:exercise) + (1|part_id:ai:exercise),371.461271,384.599199
sqrt(duration) ~ ai + (1|part_id) + (1|part_id:ipaq_category) + (1|part_id:ai),371.461270,384.599199
sqrt(duration) ~ ai + (1|part_id) + (1|part_id:ipaq_category) + (1|part_id:ai:exercise),371.461270,384.599199
sqrt(duration) ~ ai + (1|part_id) + (1|part_id:ai) + (1|part_id:ai:exercise),371.461271,384.599199
sqrt(duration) ~ ai + (1|stim_src_id) + (1|part_id:exercise) + (1|part_id:ipaq_category),371.461270,384.599199
sqrt(duration) ~ ai + (1|stim_src_id) + (1|part_id:exercise) + (1|part_id:ai),371.465910,384.603838
sqrt(duration) ~ ai + (1|stim_src_id) + (1|part_id:exercise) + (1|part_id:ai:exercise),371.465910,384.603838
sqrt(duration) ~ ai + (1|stim_src_id) + (1|part_id:ipaq_category) + (1|part_id:ai),371.461270,384.599199
sqrt(duration) ~ ai + (1|stim_src_id) + (1|part_id:ipaq_category) + (1|part_id:ai:exercise),371.461270,384.599199
sqrt(duration) ~ ai + (1|stim_src_id) + (1|part_id:ai) + (1|part_id:ai:exercise),371.465910,384.603838
sqrt(duration) ~ ai + (1|part_id:exercise) + (1|part_id:ipaq_category) + (1|part_id:ai),371.461271,384.599199
sqrt(duration) ~ ai + (1|part_id:exercise) + (1|part_id:ipaq_category) + (1|part_id:ai:exercise),371.461271,384.599199
sqrt(duration) ~ ai + (1|part_id:exercise) + (1|part_id:ai) + (1|part_id:ai:exercise),371.465910,384.603838
sqrt(duration) ~ ai + (1|part_id:ipaq_category) + (1|part_id:ai) + (1|part_id:ai:exercise),371.461271,384.599199
sqrt(duration) ~ ai + (1|part_id) + (1|stim_src_id) + (1|part_id:exercise) + (1|part_id:ipaq_category),373.461270,388.788853
sqrt(duration) ~ ai + (1|part_id) + (1|stim_src_id) + (1|part_id:exercise) + (1|part_id:ai),373.461270,388.788853
sqrt(duration) ~ ai + (1|part_id) + (1|stim_src_id) + (1|part_id:exercise) + (1|part_id:ai:exercise),373.461270,388.788853
sqrt(duration) ~ ai + (1|part_id) + (1|stim_src_id) + (1|part_id:ipaq_category) + (1|part_id:ai),373.461270,388.788853
sqrt(duration) ~ ai + (1|part_id) + (1|stim_src_id) + (1|part_id:ipaq_category) + (1|part_id:ai:exercise),373.461270,388.788853
sqrt(duration) ~ ai + (1|part_id) + (1|stim_src_id) + (1|part_id:ai) + (1|part_id:ai:exercise),373.461270,388.788853
sqrt(duration) ~ ai + (1|part_id) + (1|part_id:exercise) + (1|part_id:ipaq_category) + (1|part_id:ai),373.461270,388.788853
sqrt(duration) ~ ai + (1|part_id) + (1|part_id:exercise) + (1|part_id:ipaq_category) + (1|part_id:ai:exercise),373.461270,388.788853
sqrt(duration) ~ ai + (1|part_id) + (1|part_id:exercise) + (1|part_id:ai) + (1|part_id:ai:exercise),373.461270,388.788853
sqrt(duration) ~ ai + (1|part_id) + (1|part_id:ipaq_category) + (1|part_id:ai) + (1|part_id:ai:exercise),373.461270,388.788853
sqrt(duration) ~ ai + (1|stim_src_id) + (1|part_id:exercise) + (1|part_id:ipaq_category) + (1|part_id:ai),373.461270,388.788853
sqrt(duration) ~ ai + (1|stim_src_id) + (1|part_id:exercise) + (1|part_id:ipaq_category) + (1|part_id:ai:exercise),373.461270,388.788853
sqrt(duration) ~ ai + (1|stim_src_id) + (1|part_id:exercise) + (1|part_id:ai) + (1|part_id:ai:exercise),373.465910,388.793493
sqrt(duration) ~ ai + (1|stim_src_id) + (1|part_id:ipaq_category) + (1|part_id:ai) + (1|part_id:ai:exercise),373.461270,388.788853
sqrt(duration) ~ ai + (1|part_id:exercise) + (1|part_id:ipaq_category) + (1|part_id:ai) + (1|part_id:ai:exercise),373.461270,388.788853
sqrt(duration) ~ ai + (1|part_id) + (1|stim_src_id) + (1|part_id:exercise) + (1|part_id:ipaq_category) + (1|part_id:ai),375.461270,392.978508
sqrt(duration) ~ ai + (1|part_id) + (1|stim_src_id) + (1|part_id:exercise) + (1|part_id:ipaq_category) + (1|part_id:ai:exercise),375.461270,392.978508
sqrt(duration) ~ ai + (1|part_id) + (1|stim_src_id) + (1|part_id:exercise) + (1|part_id:ai) + (1|part_id:ai:exercise),375.461270,392.978508
sqrt(duration) ~ ai + (1|part_id) + (1|stim_src_id) + (1|part_id:ipaq_category) + (1|part_id:ai) + (1|part_id:ai:exercise),375.461270,392.978508
sqrt(duration) ~ ai + (1|part_id) + (1|part_id:exercise) + (1|part_id:ipaq_category) + (1|part_id:ai) + (1|part_id:ai:exercise),375.461270,392.978508
sqrt(duration) ~ ai + (1|stim_src_id) + (1|part_id:exercise) + (1|part_id:ipaq_category) + (1|part_id:ai) + (1|part_id:ai:exercise),375.461270,392.978508
sqrt(duration) ~ ai + (1|part_id) + (1|stim_src_id) + (1|part_id:exercise) + (1|part_id:ipaq_category) + (1|part_id:ai) + (1|part_id:ai:exercise),377.461270,397.168163
sqrt(duration) ~ project_name + (1|part_id),395.678958,404.437577
sqrt(duration) ~ project_name + (1|stim_src_id),398.792879,407.551498
sqrt(duration) ~ project_name + (1|part_id:exercise),365.786407,374.545026
sqrt(duration) ~ project_name + (1|part_id:ipaq_category),395.678958,404.437577
sqrt(duration) ~ project_name + (1|part_id:ai),365.786407,374.545026
sqrt(duration) ~ project_name + (1|part_id:ai:exercise),365.786407,374.545026
sqrt(duration) ~ project_name + (1|part_id) + (1|stim_src_id),396.689214,407.637488
sqrt(duration) ~ project_name + (1|part_id) + (1|part_id:exercise),367.786407,378.734680
sqrt(duration) ~ project_name + (1|part_id) + (1|part_id:ipaq_category),397.678958,408.627231
sqrt(duration) ~ project_name + (1|part_id) + (1|part_id:ai),367.786407,378.734680
sqrt(duration) ~ project_name + (1|part_id) + (1|part_id:ai:exercise),367.786407,378.734680
sqrt(duration) ~ project_name + (1|stim_src_id) + (1|part_id:exercise),367.786407,378.734680
sqrt(duration) ~ project_name + (1|stim_src_id) + (1|part_id:ipaq_category),396.689214,407.637488
sqrt(duration) ~ project_name + (1|stim_src_id) + (1|part_id:ai),367.786407,378.734680
sqrt(duration) ~ project_name + (1|stim_src_id) + (1|part_id:ai:exercise),367.786407,378.734680
sqrt(duration) ~ project_name + (1|part_id:exercise) + (1|part_id:ipaq_category),367.786407,378.734680
sqrt(duration) ~ project_name + (1|part_id:exercise) + (1|part_id:ai),367.786407,378.734680
sqrt(duration) ~ project_name + (1|part_id:exercise) + (1|part_id:ai:exercise),367.786407,378.734680
sqrt(duration) ~ project_name + (1|part_id:ipaq_category) + (1|part_id:ai),367.786407,378.734680
sqrt(duration) ~ project_name + (1|part_id:ipaq_category) + (1|part_id:ai:exercise),367.786407,378.734680
sqrt(duration) ~ project_name + (1|part_id:ai) + (1|part_id:ai:exercise),367.786407,378.734680
sqrt(duration) ~ project_name + (1|part_id) + (1|stim_src_id) + (1|part_id:exercise),369.786407,382.924335
sqrt(duration) ~ project_name + (1|part_id) + (1|stim_src_id) + (1|part_id:ipaq_category),398.689214,411.827143
sqrt(duration) ~ project_name + (1|part_id) + (1|stim_src_id) + (1|part_id:ai),369.786407,382.924335
sqrt(duration) ~ project_name + (1|part_id) + (1|stim_src_id) + (1|part_id:ai:exercise),369.786407,382.924335
sqrt(duration) ~ project_name + (1|part_id) + (1|part_id:exercise) + (1|part_id:ipaq_category),369.786407,382.924335
sqrt(duration) ~ project_name + (1|part_id) + (1|part_id:exercise) + (1|part_id:ai),369.786407,382.924335
sqrt(duration) ~ project_name + (1|part_id) + (1|part_id:exercise) + (1|part_id:ai:exercise),369.786407,382.924335
sqrt(duration) ~ project_name + (1|part_id) + (1|part_id:ipaq_category) + (1|part_id:ai),369.786407,382.924335
sqrt(duration) ~ project_name + (1|part_id) + (1|part_id:ipaq_category) + (1|part_id:ai:exercise),369.786407,382.924335
sqrt(duration) ~ project_name + (1|part_id) + (1|part_id:ai) + (1|part_id:ai:exercise),369.786407,382.924335
sqrt(duration) ~ project_name + (1|stim_src_id) + (1|part_id:exercise) + (1|part_id:ipaq_category),369.786407,382.924335
sqrt(duration) ~ project_name + (1|stim_src_id) + (1|part_id:exercise) + (1|part_id:ai),369.786407,382.924335
sqrt(duration) ~ project_name + (1|stim_src_id) + (1|part_id:exercise) + (1|part_id:ai:exercise),369.786407,382.924335
sqrt(duration) ~ project_name + (1|stim_src_id) + (1|part_id:ipaq_category) + (1|part_id:ai),369.786407,382.924335
sqrt(duration) ~ project_name + (1|stim_src_id) + (1|part_id:ipaq_category) + (1|part_id:ai:exercise),369.786407,382.924335
sqrt(duration) ~ project_name + (1|stim_src_id) + (1|part_id:ai) + (1|part_id:ai:exercise),369.786407,382.924335
sqrt(duration) ~ project_name + (1|part_id:exercise) + (1|part_id:ipaq_category) + (1|part_id:ai),369.786407,382.924335
sqrt(duration) ~ project_name + (1|part_id:exercise) + (1|part_id:ipaq_category) + (1|part_id:ai:exercise),369.786407,382.924335
sqrt(duration) ~ project_name + (1|part_id:exercise) + (1|part_id:ai) + (1|part_id:ai:exercise),369.786407,382.924335
sqrt(duration) ~ project_name + (1|part_id:ipaq_category) + (1|part_id:ai) + (1|part_id:ai:exercise),369.786407,382.924335
sqrt(duration) ~ project_name + (1|part_id) + (1|stim_src_id) + (1|part_id:exercise) + (1|part_id:ipaq_category),371.786407,387.113990
sqrt(duration) ~ project_name + (1|part_id) + (1|stim_src_id) + (1|part_id:exercise) + (1|part_id:ai),371.786519,387.114102
sqrt(duration) ~ project_name + (1|part_id) + (1|stim_src_id) + (1|part_id:exercise) + (1|part_id:ai:exercise),371.786519,387.114102
sqrt(duration) ~ project_name + (1|part_id) + (1|stim_src_id) + (1|part_id:ipaq_category) + (1|part_id:ai),371.786407,387.113990
sqrt(duration) ~ project_name + (1|part_id) + (1|stim_src_id) + (1|part_id:ipaq_category) + (1|part_id:ai:exercise),371.786407,387.113990
sqrt(duration) ~ project_name + (1|part_id) + (1|stim_src_id) + (1|part_id:ai) + (1|part_id:ai:exercise),371.786519,387.114102
sqrt(duration) ~ project_name + (1|part_id) + (1|part_id:exercise) + (1|part_id:ipaq_category) + (1|part_id:ai),371.786407,387.113990
sqrt(duration) ~ project_name + (1|part_id) + (1|part_id:exercise) + (1|part_id:ipaq_category) + (1|part_id:ai:exercise),371.786407,387.113990
sqrt(duration) ~ project_name + (1|part_id) + (1|part_id:exercise) + (1|part_id:ai) + (1|part_id:ai:exercise),371.786407,387.113990
sqrt(duration) ~ project_name + (1|part_id) + (1|part_id:ipaq_category) + (1|part_id:ai) + (1|part_id:ai:exercise),371.786407,387.113990
sqrt(duration) ~ project_name + (1|stim_src_id) + (1|part_id:exercise) + (1|part_id:ipaq_category) + (1|part_id:ai),371.786519,387.114102
sqrt(duration) ~ project_name + (1|stim_src_id) + (1|part_id:exercise) + (1|part_id:ipaq_category) + (1|part_id:ai:exercise),371.786519,387.114102
sqrt(duration) ~ project_name + (1|stim_src_id) + (1|part_id:exercise) + (1|part_id:ai) + (1|part_id:ai:exercise),371.786407,387.113990
sqrt(duration) ~ project_name + (1|stim_src_id) + (1|part_id:ipaq_category) + (1|part_id:ai) + (1|part_id:ai:exercise),371.786519,387.114102
sqrt(duration) ~ project_name + (1|part_id:exercise) + (1|part_id:ipaq_category) + (1|part_id:ai) + (1|part_id:ai:exercise),371.786407,387.113990
sqrt(duration) ~ project_name + (1|part_id) + (1|stim_src_id) + (1|part_id:exercise) + (1|part_id:ipaq_category) + (1|part_id:ai),373.786407,391.303645
sqrt(duration) ~ project_name + (1|part_id) + (1|stim_src_id) + (1|part_id:exercise) + (1|part_id:ipaq_category) + (1|part_id:ai:exercise),373.786407,391.303645
sqrt(duration) ~ project_name + (1|part_id) + (1|stim_src_id) + (1|part_id:exercise) + (1|part_id:ai) + (1|part_id:ai:exercise),373.786407,391.303645
sqrt(duration) ~ project_name + (1|part_id) + (1|stim_src_id) + (1|part_id:ipaq_category) + (1|part_id:ai) + (1|part_id:ai:exercise),373.786407,391.303645
sqrt(duration) ~ project_name + (1|part_id) + (1|part_id:exercise) + (1|part_id:ipaq_category) + (1|part_id:ai) + (1|part_id:ai:exercise),373.786407,391.303645
sqrt(duration) ~ project_name + (1|stim_src_id) + (1|part_id:exercise) + (1|part_id:ipaq_category) + (1|part_id:ai) + (1|part_id:ai:exercise),373.786407,391.303645
sqrt(duration) ~ project_name + (1|part_id) + (1|stim_src_id) + (1|part_id:exercise) + (1|part_id:ipaq_category) + (1|part_id:ai) + (1|part_id:ai:exercise),375.786407,395.493299
sqrt(duration) ~ ipaq_category + (1|part_id),395.617843,406.566117
sqrt(duration) ~ ipaq_category + (1|stim_src_id),398.334567,409.282840
sqrt(duration) ~ ipaq_category + (1|part_id:exercise),367.197268,378.145542
sqrt(duration) ~ ipaq_category + (1|part_id:ipaq_category),395.617843,406.566117
sqrt(duration) ~ ipaq_category + (1|part_id:ai),367.197268,378.145542
sqrt(duration) ~ ipaq_category + (1|part_id:ai:exercise),367.197268,378.145542
sqrt(duration) ~ ipaq_category + (1|part_id) + (1|stim_src_id),396.389668,409.527596
sqrt(duration) ~ ipaq_category + (1|part_id) + (1|part_id:exercise),369.194960,382.332889
sqrt(duration) ~ ipaq_category + (1|part_id) + (1|part_id:ipaq_category),397.617843,410.755772
sqrt(duration) ~ ipaq_category + (1|part_id) + (1|part_id:ai),369.194960,382.332889
sqrt(duration) ~ ipaq_category + (1|part_id) + (1|part_id:ai:exercise),369.194960,382.332889
sqrt(duration) ~ ipaq_category + (1|stim_src_id) + (1|part_id:exercise),369.197268,382.335197
sqrt(duration) ~ ipaq_category + (1|stim_src_id) + (1|part_id:ipaq_category),396.389668,409.527596
sqrt(duration) ~ ipaq_category + (1|stim_src_id) + (1|part_id:ai),369.197268,382.335197
sqrt(duration) ~ ipaq_category + (1|stim_src_id) + (1|part_id:ai:exercise),369.197268,382.335197
sqrt(duration) ~ ipaq_category + (1|part_id:exercise) + (1|part_id:ipaq_category),369.194960,382.332889
sqrt(duration) ~ ipaq_category + (1|part_id:exercise) + (1|part_id:ai),369.197268,382.335197
sqrt(duration) ~ ipaq_category + (1|part_id:exercise) + (1|part_id:ai:exercise),369.197268,382.335197
sqrt(duration) ~ ipaq_category + (1|part_id:ipaq_category) + (1|part_id:ai),369.194960,382.332889
sqrt(duration) ~ ipaq_category + (1|part_id:ipaq_category) + (1|part_id:ai:exercise),369.194960,382.332889
sqrt(duration) ~ ipaq_category + (1|part_id:ai) + (1|part_id:ai:exercise),369.197268,382.335197
sqrt(duration) ~ ipaq_category + (1|part_id) + (1|stim_src_id) + (1|part_id:exercise),371.194960,386.522544
sqrt(duration) ~ ipaq_category + (1|part_id) + (1|stim_src_id) + (1|part_id:ipaq_category),398.389668,413.717251
sqrt(duration) ~ ipaq_category + (1|part_id) + (1|stim_src_id) + (1|part_id:ai),371.194960,386.522544
sqrt(duration) ~ ipaq_category + (1|part_id) + (1|stim_src_id) + (1|part_id:ai:exercise),371.194960,386.522544
sqrt(duration) ~ ipaq_category + (1|part_id) + (1|part_id:exercise) + (1|part_id:ipaq_category),371.194960,386.522544
sqrt(duration) ~ ipaq_category + (1|part_id) + (1|part_id:exercise) + (1|part_id:ai),371.194960,386.522544
sqrt(duration) ~ ipaq_category + (1|part_id) + (1|part_id:exercise) + (1|part_id:ai:exercise),371.194960,386.522544
sqrt(duration) ~ ipaq_category + (1|part_id) + (1|part_id:ipaq_category) + (1|part_id:ai),371.194960,386.522544
sqrt(duration) ~ ipaq_category + (1|part_id) + (1|part_id:ipaq_category) + (1|part_id:ai:exercise),371.194960,386.522544
sqrt(duration) ~ ipaq_category + (1|part_id) + (1|part_id:ai) + (1|part_id:ai:exercise),371.194960,386.522544
sqrt(duration) ~ ipaq_category + (1|stim_src_id) + (1|part_id:exercise) + (1|part_id:ipaq_category),371.194960,386.522544
sqrt(duration) ~ ipaq_category + (1|stim_src_id) + (1|part_id:exercise) + (1|part_id:ai),371.197268,386.524852
sqrt(duration) ~ ipaq_category + (1|stim_src_id) + (1|part_id:exercise) + (1|part_id:ai:exercise),371.197268,386.524852
sqrt(duration) ~ ipaq_category + (1|stim_src_id) + (1|part_id:ipaq_category) + (1|part_id:ai),371.194960,386.522544
sqrt(duration) ~ ipaq_category + (1|stim_src_id) + (1|part_id:ipaq_category) + (1|part_id:ai:exercise),371.194960,386.522544
sqrt(duration) ~ ipaq_category + (1|stim_src_id) + (1|part_id:ai) + (1|part_id:ai:exercise),371.197268,386.524852
sqrt(duration) ~ ipaq_category + (1|part_id:exercise) + (1|part_id:ipaq_category) + (1|part_id:ai),371.194960,386.522544
sqrt(duration) ~ ipaq_category + (1|part_id:exercise) + (1|part_id:ipaq_category) + (1|part_id:ai:exercise),371.194960,386.522544
sqrt(duration) ~ ipaq_category + (1|part_id:exercise) + (1|part_id:ai) + (1|part_id:ai:exercise),371.197268,386.524852
sqrt(duration) ~ ipaq_category + (1|part_id:ipaq_category) + (1|part_id:ai) + (1|part_id:ai:exercise),371.194960,386.522544
sqrt(duration) ~ ipaq_category + (1|part_id) + (1|stim_src_id) + (1|part_id:exercise) + (1|part_id:ipaq_category),373.194960,390.712198
sqrt(duration) ~ ipaq_category + (1|part_id) + (1|stim_src_id) + (1|part_id:exercise) + (1|part_id:ai),373.194960,390.712198
sqrt(duration) ~ ipaq_category + (1|part_id) + (1|stim_src_id) + (1|part_id:exercise) + (1|part_id:ai:exercise),373.194960,390.712198
sqrt(duration) ~ ipaq_category + (1|part_id) + (1|stim_src_id) + (1|part_id:ipaq_category) + (1|part_id:ai),373.194960,390.712198
sqrt(duration) ~ ipaq_category + (1|part_id) + (1|stim_src_id) + (1|part_id:ipaq_category) + (1|part_id:ai:exercise),373.194960,390.712198
sqrt(duration) ~ ipaq_category + (1|part_id) + (1|stim_src_id) + (1|part_id:ai) + (1|part_id:ai:exercise),373.194960,390.712198
sqrt(duration) ~ ipaq_category + (1|part_id) + (1|part_id:exercise) + (1|part_id:ipaq_category) + (1|part_id:ai),373.194960,390.712198
sqrt(duration) ~ ipaq_category + (1|part_id) + (1|part_id:exercise) + (1|part_id:ipaq_category) + (1|part_id:ai:exercise),373.194960,390.712198
sqrt(duration) ~ ipaq_category + (1|part_id) + (1|part_id:exercise) + (1|part_id:ai) + (1|part_id:ai:exercise),373.194960,390.712198
sqrt(duration) ~ ipaq_category + (1|part_id) + (1|part_id:ipaq_category) + (1|part_id:ai) + (1|part_id:ai:exercise),373.194960,390.712198
sqrt(duration) ~ ipaq_category + (1|stim_src_id) + (1|part_id:exercise) + (1|part_id:ipaq_category) + (1|part_id:ai),373.194960,390.712198
sqrt(duration) ~ ipaq_category + (1|stim_src_id) + (1|part_id:exercise) + (1|part_id:ipaq_category) + (1|part_id:ai:exercise),373.194960,390.712198
sqrt(duration) ~ ipaq_category + (1|stim_src_id) + (1|part_id:exercise) + (1|part_id:ai) + (1|part_id:ai:exercise),373.197268,390.714506
sqrt(duration) ~ ipaq_category + (1|stim_src_id) + (1|part_id:ipaq_category) + (1|part_id:ai) + (1|part_id:ai:exercise),373.194960,390.712198
sqrt(duration) ~ ipaq_category + (1|part_id:exercise) + (1|part_id:ipaq_category) + (1|part_id:ai) + (1|part_id:ai:exercise),373.194960,390.712198
sqrt(duration) ~ ipaq_category + (1|part_id) + (1|stim_src_id) + (1|part_id:exercise) + (1|part_id:ipaq_category) + (1|part_id:ai),375.194960,394.901853
sqrt(duration) ~ ipaq_category + (1|part_id) + (1|stim_src_id) + (1|part_id:exercise) + (1|part_id:ipaq_category) + (1|part_id:ai:exercise),375.194960,394.901853
sqrt(duration) ~ ipaq_category + (1|part_id) + (1|stim_src_id) + (1|part_id:exercise) + (1|part_id:ai) + (1|part_id:ai:exercise),375.194961,394.901853
sqrt(duration) ~ ipaq_category + (1|part_id) + (1|stim_src_id) + (1|part_id:ipaq_category) + (1|part_id:ai) + (1|part_id:ai:exercise),375.194960,394.901853
sqrt(duration) ~ ipaq_category + (1|part_id) + (1|part_id:exercise) + (1|part_id:ipaq_category) + (1|part_id:ai) + (1|part_id:ai:exercise),375.194960,394.901853
sqrt(duration) ~ ipaq_category + (1|stim_src_id) + (1|part_id:exercise) + (1|part_id:ipaq_category) + (1|part_id:ai) + (1|part_id:ai:exercise),375.194961,394.901853
sqrt(duration) ~ ipaq_category + (1|part_id) + (1|stim_src_id) + (1|part_id:exercise) + (1|part_id:ipaq_category) + (1|part_id:ai) + (1|part_id:ai:exercise),377.194960,399.091508
sqrt(duration) ~ level_of_education + (1|part_id),399.554974,412.692902
sqrt(duration) ~ level_of_education + (1|stim_src_id),401.976873,415.114801
sqrt(duration) ~ level_of_education + (1|part_id:exercise),371.058632,384.196560
sqrt(duration) ~ level_of_education + (1|part_id:ipaq_category),399.554974,412.692902
sqrt(duration) ~ level_of_education + (1|part_id:ai),371.058632,384.196560
sqrt(duration) ~ level_of_education + (1|part_id:ai:exercise),371.058632,384.196560
sqrt(duration) ~ level_of_education + (1|part_id) + (1|stim_src_id),400.411823,415.739407
sqrt(duration) ~ level_of_education + (1|part_id) + (1|part_id:exercise),373.058632,388.386215
sqrt(duration) ~ level_of_education + (1|part_id) + (1|part_id:ipaq_category),401.554974,416.882557
sqrt(duration) ~ level_of_education + (1|part_id) + (1|part_id:ai),373.058632,388.386215
sqrt(duration) ~ level_of_education + (1|part_id) + (1|part_id:ai:exercise),373.058632,388.386215
sqrt(duration) ~ level_of_education + (1|stim_src_id) + (1|part_id:exercise),373.058632,388.386215
sqrt(duration) ~ level_of_education + (1|stim_src_id) + (1|part_id:ipaq_category),400.411823,415.739407
sqrt(duration) ~ level_of_education + (1|stim_src_id) + (1|part_id:ai),373.058632,388.386215
sqrt(duration) ~ level_of_education + (1|stim_src_id) + (1|part_id:ai:exercise),373.058632,388.386215
sqrt(duration) ~ level_of_education + (1|part_id:exercise) + (1|part_id:ipaq_category),373.058632,388.386215
sqrt(duration) ~ level_of_education + (1|part_id:exercise) + (1|part_id:ai),373.058632,388.386215
sqrt(duration) ~ level_of_education + (1|part_id:exercise) + (1|part_id:ai:exercise),373.058632,388.386215
sqrt(duration) ~ level_of_education + (1|part_id:ipaq_category) + (1|part_id:ai),373.058632,388.386215
sqrt(duration) ~ level_of_education + (1|part_id:ipaq_category) + (1|part_id:ai:exercise),373.058632,388.386215
sqrt(duration) ~ level_of_education + (1|part_id:ai) + (1|part_id:ai:exercise),373.058632,388.386215
sqrt(duration) ~ level_of_education + (1|part_id) + (1|stim_src_id) + (1|part_id:exercise),375.058632,392.575870
sqrt(duration) ~ level_of_education + (1|part_id) + (1|stim_src_id) + (1|part_id:ipaq_category),402.411823,419.929061
sqrt(duration) ~ level_of_education + (1|part_id) + (1|stim_src_id) + (1|part_id:ai),375.058632,392.575870
sqrt(duration) ~ level_of_education + (1|part_id) + (1|stim_src_id) + (1|part_id:ai:exercise),375.058632,392.575870
sqrt(duration) ~ level_of_education + (1|part_id) + (1|part_id:exercise) + (1|part_id:ipaq_category),375.058632,392.575870
sqrt(duration) ~ level_of_education + (1|part_id) + (1|part_id:exercise) + (1|part_id:ai),375.058632,392.575870
sqrt(duration) ~ level_of_education + (1|part_id) + (1|part_id:exercise) + (1|part_id:ai:exercise),375.058632,392.575870
sqrt(duration) ~ level_of_education + (1|part_id) + (1|part_id:ipaq_category) + (1|part_id:ai),375.058632,392.575870
sqrt(duration) ~ level_of_education + (1|part_id) + (1|part_id:ipaq_category) + (1|part_id:ai:exercise),375.058632,392.575870
sqrt(duration) ~ level_of_education + (1|part_id) + (1|part_id:ai) + (1|part_id:ai:exercise),375.058632,392.575870
sqrt(duration) ~ level_of_education + (1|stim_src_id) + (1|part_id:exercise) + (1|part_id:ipaq_category),375.058632,392.575870
sqrt(duration) ~ level_of_education + (1|stim_src_id) + (1|part_id:exercise) + (1|part_id:ai),375.058632,392.575870
sqrt(duration) ~ level_of_education + (1|stim_src_id) + (1|part_id:exercise) + (1|part_id:ai:exercise),375.058632,392.575870
sqrt(duration) ~ level_of_education + (1|stim_src_id) + (1|part_id:ipaq_category) + (1|part_id:ai),375.058632,392.575870
sqrt(duration) ~ level_of_education + (1|stim_src_id) + (1|part_id:ipaq_category) + (1|part_id:ai:exercise),375.058632,392.575870
sqrt(duration) ~ level_of_education + (1|stim_src_id) + (1|part_id:ai) + (1|part_id:ai:exercise),375.058632,392.575870
sqrt(duration) ~ level_of_education + (1|part_id:exercise) + (1|part_id:ipaq_category) + (1|part_id:ai),375.058632,392.575870
sqrt(duration) ~ level_of_education + (1|part_id:exercise) + (1|part_id:ipaq_category) + (1|part_id:ai:exercise),375.058632,392.575870
sqrt(duration) ~ level_of_education + (1|part_id:exercise) + (1|part_id:ai) + (1|part_id:ai:exercise),375.058632,392.575870
sqrt(duration) ~ level_of_education + (1|part_id:ipaq_category) + (1|part_id:ai) + (1|part_id:ai:exercise),375.058632,392.575870
sqrt(duration) ~ level_of_education + (1|part_id) + (1|stim_src_id) + (1|part_id:exercise) + (1|part_id:ipaq_category),377.058632,396.765525
sqrt(duration) ~ level_of_education + (1|part_id) + (1|stim_src_id) + (1|part_id:exercise) + (1|part_id:ai),377.058632,396.765525
sqrt(duration) ~ level_of_education + (1|part_id) + (1|stim_src_id) + (1|part_id:exercise) + (1|part_id:ai:exercise),377.058632,396.765525
sqrt(duration) ~ level_of_education + (1|part_id) + (1|stim_src_id) + (1|part_id:ipaq_category) + (1|part_id:ai),377.058632,396.765525
sqrt(duration) ~ level_of_education + (1|part_id) + (1|stim_src_id) + (1|part_id:ipaq_category) + (1|part_id:ai:exercise),377.058632,396.765525
sqrt(duration) ~ level_of_education + (1|part_id) + (1|stim_src_id) + (1|part_id:ai) + (1|part_id:ai:exercise),377.058632,396.765525
sqrt(duration) ~ level_of_education + (1|part_id) + (1|part_id:exercise) + (1|part_id:ipaq_category) + (1|part_id:ai),377.058632,396.765525
sqrt(duration) ~ level_of_education + (1|part_id) + (1|part_id:exercise) + (1|part_id:ipaq_category) + (1|part_id:ai:exercise),377.058632,396.765525
sqrt(duration) ~ level_of_education + (1|part_id) + (1|part_id:exercise) + (1|part_id:ai) + (1|part_id:ai:exercise),377.058632,396.765525
sqrt(duration) ~ level_of_education + (1|part_id) + (1|part_id:ipaq_category) + (1|part_id:ai) + (1|part_id:ai:exercise),377.058632,396.765525
sqrt(duration) ~ level_of_education + (1|stim_src_id) + (1|part_id:exercise) + (1|part_id:ipaq_category) + (1|part_id:ai),377.058632,396.765525
sqrt(duration) ~ level_of_education + (1|stim_src_id) + (1|part_id:exercise) + (1|part_id:ipaq_category) + (1|part_id:ai:exercise),377.058632,396.765525
sqrt(duration) ~ level_of_education + (1|stim_src_id) + (1|part_id:exercise) + (1|part_id:ai) + (1|part_id:ai:exercise),377.058632,396.765525
sqrt(duration) ~ level_of_education + (1|stim_src_id) + (1|part_id:ipaq_category) + (1|part_id:ai) + (1|part_id:ai:exercise),377.058632,396.765525
sqrt(duration) ~ level_of_education + (1|part_id:exercise) + (1|part_id:ipaq_category) + (1|part_id:ai) + (1|part_id:ai:exercise),377.058632,396.765525
sqrt(duration) ~ level_of_education + (1|part_id) + (1|stim_src_id) + (1|part_id:exercise) + (1|part_id:ipaq_category) + (1|part_id:ai),379.058632,400.955179
sqrt(duration) ~ level_of_education + (1|part_id) + (1|stim_src_id) + (1|part_id:exercise) + (1|part_id:ipaq_category) + (1|part_id:ai:exercise),379.058632,400.955179
sqrt(duration) ~ level_of_education + (1|part_id) + (1|stim_src_id) + (1|part_id:exercise) + (1|part_id:ai) + (1|part_id:ai:exercise),379.058632,400.955179
sqrt(duration) ~ level_of_education + (1|part_id) + (1|stim_src_id) + (1|part_id:ipaq_category) + (1|part_id:ai) + (1|part_id:ai:exercise),379.058632,400.955179
sqrt(duration) ~ level_of_education + (1|part_id) + (1|part_id:exercise) + (1|part_id:ipaq_category) + (1|part_id:ai) + (1|part_id:ai:exercise),379.058637,400.955185
sqrt(duration) ~ level_of_education + (1|stim_src_id) + (1|part_id:exercise) + (1|part_id:ipaq_category) + (1|part_id:ai) + (1|part_id:ai:exercise),379.058632,400.955179
sqrt(duration) ~ level_of_education + (1|part_id) + (1|stim_src_id) + (1|part_id:exercise) + (1|part_id:ipaq_category) + (1|part_id:ai) + (1|part_id:ai:exercise),381.058638,405.144840
sqrt(duration) ~ seq_num + (1|part_id),363.449823,372.208442
sqrt(duration) ~ seq_num + (1|stim_src_id),378.618218,387.376837
sqrt(duration) ~ seq_num + (1|part_id:exercise),356.471293,365.229912
sqrt(duration) ~ seq_num + (1|part_id:ipaq_category),363.449823,372.208442
sqrt(duration) ~ seq_num + (1|part_id:ai),356.471293,365.229912
sqrt(duration) ~ seq_num + (1|part_id:ai:exercise),356.471293,365.229912
sqrt(duration) ~ seq_num + (1|part_id) + (1|stim_src_id),365.368150,376.316423
sqrt(duration) ~ seq_num + (1|part_id) + (1|part_id:exercise),356.115248,367.063522
sqrt(duration) ~ seq_num + (1|part_id) + (1|part_id:ipaq_category),365.449823,376.398096
sqrt(duration) ~ seq_num + (1|part_id) + (1|part_id:ai),356.115248,367.063522
sqrt(duration) ~ seq_num + (1|part_id) + (1|part_id:ai:exercise),356.115248,367.063522
sqrt(duration) ~ seq_num + (1|stim_src_id) + (1|part_id:exercise),358.393095,369.341369
sqrt(duration) ~ seq_num + (1|stim_src_id) + (1|part_id:ipaq_category),365.368150,376.316423
sqrt(duration) ~ seq_num + (1|stim_src_id) + (1|part_id:ai),358.393095,369.341369
sqrt(duration) ~ seq_num + (1|stim_src_id) + (1|part_id:ai:exercise),358.393095,369.341369
sqrt(duration) ~ seq_num + (1|part_id:exercise) + (1|part_id:ipaq_category),356.115248,367.063522
sqrt(duration) ~ seq_num + (1|part_id:exercise) + (1|part_id:ai),358.471293,369.419566
sqrt(duration) ~ seq_num + (1|part_id:exercise) + (1|part_id:ai:exercise),358.471293,369.419566
sqrt(duration) ~ seq_num + (1|part_id:ipaq_category) + (1|part_id:ai),356.115248,367.063522
sqrt(duration) ~ seq_num + (1|part_id:ipaq_category) + (1|part_id:ai:exercise),356.115248,367.063522
sqrt(duration) ~ seq_num + (1|part_id:ai) + (1|part_id:ai:exercise),358.471293,369.419566
sqrt(duration) ~ seq_num + (1|part_id) + (1|stim_src_id) + (1|part_id:exercise),357.863971,371.001899
sqrt(duration) ~ seq_num + (1|part_id) + (1|stim_src_id) + (1|part_id:ipaq_category),367.368150,380.506078
sqrt(duration) ~ seq_num + (1|part_id) + (1|stim_src_id) + (1|part_id:ai),357.863971,371.001899
sqrt(duration) ~ seq_num + (1|part_id) + (1|stim_src_id) + (1|part_id:ai:exercise),357.863971,371.001899
sqrt(duration) ~ seq_num + (1|part_id) + (1|part_id:exercise) + (1|part_id:ipaq_category),358.115248,371.253177
sqrt(duration) ~ seq_num + (1|part_id) + (1|part_id:exercise) + (1|part_id:ai),358.115248,371.253177
sqrt(duration) ~ seq_num + (1|part_id) + (1|part_id:exercise) + (1|part_id:ai:exercise),358.115248,371.253177
sqrt(duration) ~ seq_num + (1|part_id) + (1|part_id:ipaq_category) + (1|part_id:ai),358.115248,371.253177
sqrt(duration) ~ seq_num + (1|part_id) + (1|part_id:ipaq_category) + (1|part_id:ai:exercise),358.115248,371.253177
sqrt(duration) ~ seq_num + (1|part_id) + (1|part_id:ai) + (1|part_id:ai:exercise),358.115248,371.253177
sqrt(duration) ~ seq_num + (1|stim_src_id) + (1|part_id:exercise) + (1|part_id:ipaq_category),357.863971,371.001899
sqrt(duration) ~ seq_num + (1|stim_src_id) + (1|part_id:exercise) + (1|part_id:ai),360.393095,373.531023
sqrt(duration) ~ seq_num + (1|stim_src_id) + (1|part_id:exercise) + (1|part_id:ai:exercise),360.393095,373.531023
sqrt(duration) ~ seq_num + (1|stim_src_id) + (1|part_id:ipaq_category) + (1|part_id:ai),357.863971,371.001899
sqrt(duration) ~ seq_num + (1|stim_src_id) + (1|part_id:ipaq_category) + (1|part_id:ai:exercise),357.863971,371.001899
sqrt(duration) ~ seq_num + (1|stim_src_id) + (1|part_id:ai) + (1|part_id:ai:exercise),360.393095,373.531023
sqrt(duration) ~ seq_num + (1|part_id:exercise) + (1|part_id:ipaq_category) + (1|part_id:ai),358.115248,371.253177
sqrt(duration) ~ seq_num + (1|part_id:exercise) + (1|part_id:ipaq_category) + (1|part_id:ai:exercise),358.115248,371.253177
sqrt(duration) ~ seq_num + (1|part_id:exercise) + (1|part_id:ai) + (1|part_id:ai:exercise),360.471293,373.609221
sqrt(duration) ~ seq_num + (1|part_id:ipaq_category) + (1|part_id:ai) + (1|part_id:ai:exercise),358.115248,371.253177
sqrt(duration) ~ seq_num + (1|part_id) + (1|stim_src_id) + (1|part_id:exercise) + (1|part_id:ipaq_category),359.863971,375.191554
sqrt(duration) ~ seq_num + (1|part_id) + (1|stim_src_id) + (1|part_id:exercise) + (1|part_id:ai),359.863971,375.191554
sqrt(duration) ~ seq_num + (1|part_id) + (1|stim_src_id) + (1|part_id:exercise) + (1|part_id:ai:exercise),359.863971,375.191554
sqrt(duration) ~ seq_num + (1|part_id) + (1|stim_src_id) + (1|part_id:ipaq_category) + (1|part_id:ai),359.863971,375.191554
sqrt(duration) ~ seq_num + (1|part_id) + (1|stim_src_id) + (1|part_id:ipaq_category) + (1|part_id:ai:exercise),359.863971,375.191554
sqrt(duration) ~ seq_num + (1|part_id) + (1|stim_src_id) + (1|part_id:ai) + (1|part_id:ai:exercise),359.863971,375.191554
sqrt(duration) ~ seq_num + (1|part_id) + (1|part_id:exercise) + (1|part_id:ipaq_category) + (1|part_id:ai),360.115248,375.442831
sqrt(duration) ~ seq_num + (1|part_id) + (1|part_id:exercise) + (1|part_id:ipaq_category) + (1|part_id:ai:exercise),360.115248,375.442831
sqrt(duration) ~ seq_num + (1|part_id) + (1|part_id:exercise) + (1|part_id:ai) + (1|part_id:ai:exercise),360.115248,375.442831
sqrt(duration) ~ seq_num + (1|part_id) + (1|part_id:ipaq_category) + (1|part_id:ai) + (1|part_id:ai:exercise),360.115248,375.442831
sqrt(duration) ~ seq_num + (1|stim_src_id) + (1|part_id:exercise) + (1|part_id:ipaq_category) + (1|part_id:ai),359.863971,375.191554
sqrt(duration) ~ seq_num + (1|stim_src_id) + (1|part_id:exercise) + (1|part_id:ipaq_category) + (1|part_id:ai:exercise),359.863971,375.191554
sqrt(duration) ~ seq_num + (1|stim_src_id) + (1|part_id:exercise) + (1|part_id:ai) + (1|part_id:ai:exercise),362.393095,377.720678
sqrt(duration) ~ seq_num + (1|stim_src_id) + (1|part_id:ipaq_category) + (1|part_id:ai) + (1|part_id:ai:exercise),359.863971,375.191554
sqrt(duration) ~ seq_num + (1|part_id:exercise) + (1|part_id:ipaq_category) + (1|part_id:ai) + (1|part_id:ai:exercise),360.115248,375.442831
sqrt(duration) ~ seq_num + (1|part_id) + (1|stim_src_id) + (1|part_id:exercise) + (1|part_id:ipaq_category) + (1|part_id:ai),361.863971,379.381209
sqrt(duration) ~ seq_num + (1|part_id) + (1|stim_src_id) + (1|part_id:exercise) + (1|part_id:ipaq_category) + (1|part_id:ai:exercise),361.863971,379.381209
sqrt(duration) ~ seq_num + (1|part_id) + (1|stim_src_id) + (1|part_id:exercise) + (1|part_id:ai) + (1|part_id:ai:exercise),361.863971,379.381209
sqrt(duration) ~ seq_num + (1|part_id) + (1|stim_src_id) + (1|part_id:ipaq_category) + (1|part_id:ai) + (1|part_id:ai:exercise),361.863971,379.381209
sqrt(duration) ~ seq_num + (1|part_id) + (1|part_id:exercise) + (1|part_id:ipaq_category) + (1|part_id:ai) + (1|part_id:ai:exercise),362.115248,379.632486
sqrt(duration) ~ seq_num + (1|stim_src_id) + (1|part_id:exercise) + (1|part_id:ipaq_category) + (1|part_id:ai) + (1|part_id:ai:exercise),361.863971,379.381209
sqrt(duration) ~ seq_num + (1|part_id) + (1|stim_src_id) + (1|part_id:exercise) + (1|part_id:ipaq_category) + (1|part_id:ai) + (1|part_id:ai:exercise),363.863971,383.570864
sqrt(duration) ~ exercise * ai + (1|part_id),393.804209,406.942137
sqrt(duration) ~ exercise * ai + (1|stim_src_id),396.159997,409.297925
sqrt(duration) ~ exercise * ai + (1|part_id:exercise),368.425061,381.562989
sqrt(duration) ~ exercise * ai + (1|part_id:ipaq_category),393.804209,406.942137
sqrt(duration) ~ exercise * ai + (1|part_id:ai),368.425061,381.562989
sqrt(duration) ~ exercise * ai + (1|part_id:ai:exercise),368.425061,381.562989
sqrt(duration) ~ exercise * ai + (1|part_id) + (1|stim_src_id),392.932344,408.259927
sqrt(duration) ~ exercise * ai + (1|part_id) + (1|part_id:exercise),370.419974,385.747557
sqrt(duration) ~ exercise * ai + (1|part_id) + (1|part_id:ipaq_category),395.804209,411.131792
sqrt(duration) ~ exercise * ai + (1|part_id) + (1|part_id:ai),370.419974,385.747557
sqrt(duration) ~ exercise * ai + (1|part_id) + (1|part_id:ai:exercise),370.419974,385.747557
sqrt(duration) ~ exercise * ai + (1|stim_src_id) + (1|part_id:exercise),370.425061,385.752644
sqrt(duration) ~ exercise * ai + (1|stim_src_id) + (1|part_id:ipaq_category),392.932344,408.259927
sqrt(duration) ~ exercise * ai + (1|stim_src_id) + (1|part_id:ai),370.425061,385.752644
sqrt(duration) ~ exercise * ai + (1|stim_src_id) + (1|part_id:ai:exercise),370.425061,385.752644
sqrt(duration) ~ exercise * ai + (1|part_id:exercise) + (1|part_id:ipaq_category),370.419974,385.747557
sqrt(duration) ~ exercise * ai + (1|part_id:exercise) + (1|part_id:ai),370.425061,385.752644
sqrt(duration) ~ exercise * ai + (1|part_id:exercise) + (1|part_id:ai:exercise),370.425061,385.752644
sqrt(duration) ~ exercise * ai + (1|part_id:ipaq_category) + (1|part_id:ai),370.419974,385.747557
sqrt(duration) ~ exercise * ai + (1|part_id:ipaq_category) + (1|part_id:ai:exercise),370.419974,385.747557
sqrt(duration) ~ exercise * ai + (1|part_id:ai) + (1|part_id:ai:exercise),370.425061,385.752644
sqrt(duration) ~ exercise * ai + (1|part_id) + (1|stim_src_id) + (1|part_id:exercise),372.419974,389.937212
sqrt(duration) ~ exercise * ai + (1|part_id) + (1|stim_src_id) + (1|part_id:ipaq_category),394.932344,412.449582
sqrt(duration) ~ exercise * ai + (1|part_id) + (1|stim_src_id) + (1|part_id:ai),372.419974,389.937212
sqrt(duration) ~ exercise * ai + (1|part_id) + (1|stim_src_id) + (1|part_id:ai:exercise),372.419974,389.937212
sqrt(duration) ~ exercise * ai + (1|part_id) + (1|part_id:exercise) + (1|part_id:ipaq_category),372.419974,389.937212
sqrt(duration) ~ exercise * ai + (1|part_id) + (1|part_id:exercise) + (1|part_id:ai),372.419974,389.937212
sqrt(duration) ~ exercise * ai + (1|part_id) + (1|part_id:exercise) + (1|part_id:ai:exercise),372.419974,389.937212
sqrt(duration) ~ exercise * ai + (1|part_id) + (1|part_id:ipaq_category) + (1|part_id:ai),372.419974,389.937212
sqrt(duration) ~ exercise * ai + (1|part_id) + (1|part_id:ipaq_category) + (1|part_id:ai:exercise),372.419974,389.937212
sqrt(duration) ~ exercise * ai + (1|part_id) + (1|part_id:ai) + (1|part_id:ai:exercise),372.419974,389.937212
sqrt(duration) ~ exercise * ai + (1|stim_src_id) + (1|part_id:exercise) + (1|part_id:ipaq_category),372.419974,389.937212
sqrt(duration) ~ exercise * ai + (1|stim_src_id) + (1|part_id:exercise) + (1|part_id:ai),372.425061,389.942299
sqrt(duration) ~ exercise * ai + (1|stim_src_id) + (1|part_id:exercise) + (1|part_id:ai:exercise),372.425061,389.942299
sqrt(duration) ~ exercise * ai + (1|stim_src_id) + (1|part_id:ipaq_category) + (1|part_id:ai),372.419974,389.937212
sqrt(duration) ~ exercise * ai + (1|stim_src_id) + (1|part_id:ipaq_category) + (1|part_id:ai:exercise),372.419974,389.937212
sqrt(duration) ~ exercise * ai + (1|stim_src_id) + (1|part_id:ai) + (1|part_id:ai:exercise),372.425061,389.942299
sqrt(duration) ~ exercise * ai + (1|part_id:exercise) + (1|part_id:ipaq_category) + (1|part_id:ai),372.419974,389.937212
sqrt(duration) ~ exercise * ai + (1|part_id:exercise) + (1|part_id:ipaq_category) + (1|part_id:ai:exercise),372.419974,389.937212
sqrt(duration) ~ exercise * ai + (1|part_id:exercise) + (1|part_id:ai) + (1|part_id:ai:exercise),372.425061,389.942299
sqrt(duration) ~ exercise * ai + (1|part_id:ipaq_category) + (1|part_id:ai) + (1|part_id:ai:exercise),372.419974,389.937212
sqrt(duration) ~ exercise * ai + (1|part_id) + (1|stim_src_id) + (1|part_id:exercise) + (1|part_id:ipaq_category),374.419974,394.126866
sqrt(duration) ~ exercise * ai + (1|part_id) + (1|stim_src_id) + (1|part_id:exercise) + (1|part_id:ai),374.419974,394.126866
sqrt(duration) ~ exercise * ai + (1|part_id) + (1|stim_src_id) + (1|part_id:exercise) + (1|part_id:ai:exercise),374.419974,394.126866
sqrt(duration) ~ exercise * ai + (1|part_id) + (1|stim_src_id) + (1|part_id:ipaq_category) + (1|part_id:ai),374.419974,394.126866
sqrt(duration) ~ exercise * ai + (1|part_id) + (1|stim_src_id) + (1|part_id:ipaq_category) + (1|part_id:ai:exercise),374.419974,394.126866
sqrt(duration) ~ exercise * ai + (1|part_id) + (1|stim_src_id) + (1|part_id:ai) + (1|part_id:ai:exercise),374.419974,394.126866
sqrt(duration) ~ exercise * ai + (1|part_id) + (1|part_id:exercise) + (1|part_id:ipaq_category) + (1|part_id:ai),374.419974,394.126866
sqrt(duration) ~ exercise * ai + (1|part_id) + (1|part_id:exercise) + (1|part_id:ipaq_category) + (1|part_id:ai:exercise),374.419974,394.126866
sqrt(duration) ~ exercise * ai + (1|part_id) + (1|part_id:exercise) + (1|part_id:ai) + (1|part_id:ai:exercise),374.419974,394.126866
sqrt(duration) ~ exercise * ai + (1|part_id) + (1|part_id:ipaq_category) + (1|part_id:ai) + (1|part_id:ai:exercise),374.419974,394.126866
sqrt(duration) ~ exercise * ai + (1|stim_src_id) + (1|part_id:exercise) + (1|part_id:ipaq_category) + (1|part_id:ai),374.419974,394.126866
sqrt(duration) ~ exercise * ai + (1|stim_src_id) + (1|part_id:exercise) + (1|part_id:ipaq_category) + (1|part_id:ai:exercise),374.419974,394.126866
sqrt(duration) ~ exercise * ai + (1|stim_src_id) + (1|part_id:exercise) + (1|part_id:ai) + (1|part_id:ai:exercise),374.425061,394.131954
sqrt(duration) ~ exercise * ai + (1|stim_src_id) + (1|part_id:ipaq_category) + (1|part_id:ai) + (1|part_id:ai:exercise),374.419974,394.126866
sqrt(duration) ~ exercise * ai + (1|part_id:exercise) + (1|part_id:ipaq_category) + (1|part_id:ai) + (1|part_id:ai:exercise),374.419974,394.126866
sqrt(duration) ~ exercise * ai + (1|part_id) + (1|stim_src_id) + (1|part_id:exercise) + (1|part_id:ipaq_category) + (1|part_id:ai),376.419974,398.316521
sqrt(duration) ~ exercise * ai + (1|part_id) + (1|stim_src_id) + (1|part_id:exercise) + (1|part_id:ipaq_category) + (1|part_id:ai:exercise),376.419974,398.316521
sqrt(duration) ~ exercise * ai + (1|part_id) + (1|stim_src_id) + (1|part_id:exercise) + (1|part_id:ai) + (1|part_id:ai:exercise),376.419974,398.316521
sqrt(duration) ~ exercise * ai + (1|part_id) + (1|stim_src_id) + (1|part_id:ipaq_category) + (1|part_id:ai) + (1|part_id:ai:exercise),376.419974,398.316521
sqrt(duration) ~ exercise * ai + (1|part_id) + (1|part_id:exercise) + (1|part_id:ipaq_category) + (1|part_id:ai) + (1|part_id:ai:exercise),376.419974,398.316521
sqrt(duration) ~ exercise * ai + (1|stim_src_id) + (1|part_id:exercise) + (1|part_id:ipaq_category) + (1|part_id:ai) + (1|part_id:ai:exercise),376.419974,398.316521
sqrt(duration) ~ exercise * ai + (1|part_id) + (1|stim_src_id) + (1|part_id:exercise) + (1|part_id:ipaq_category) + (1|part_id:ai) + (1|part_id:ai:exercise),378.419974,402.506176
sqrt(duration) ~ exercise * ipaq_category + (1|part_id),397.112818,414.630056
sqrt(duration) ~ exercise * ipaq_category + (1|stim_src_id),400.388790,417.906028
sqrt(duration) ~ exercise * ipaq_category + (1|part_id:exercise),370.402426,387.919664
sqrt(duration) ~ exercise * ipaq_category + (1|part_id:ipaq_category),397.112818,414.630056
sqrt(duration) ~ exercise * ipaq_category + (1|part_id:ai),370.402426,387.919664
sqrt(duration) ~ exercise * ipaq_category + (1|part_id:ai:exercise),370.402426,387.919664
sqrt(duration) ~ exercise * ipaq_category + (1|part_id) + (1|stim_src_id),397.312857,417.019750
sqrt(duration) ~ exercise * ipaq_category + (1|part_id) + (1|part_id:exercise),372.276611,391.983504
sqrt(duration) ~ exercise * ipaq_category + (1|part_id) + (1|part_id:ipaq_category),399.112818,418.819711
sqrt(duration) ~ exercise * ipaq_category + (1|part_id) + (1|part_id:ai),372.276611,391.983504
sqrt(duration) ~ exercise * ipaq_category + (1|part_id) + (1|part_id:ai:exercise),372.276611,391.983504
sqrt(duration) ~ exercise * ipaq_category + (1|stim_src_id) + (1|part_id:exercise),372.402426,392.109319
sqrt(duration) ~ exercise * ipaq_category + (1|stim_src_id) + (1|part_id:ipaq_category),397.312857,417.019750
sqrt(duration) ~ exercise * ipaq_category + (1|stim_src_id) + (1|part_id:ai),372.402426,392.109319
sqrt(duration) ~ exercise * ipaq_category + (1|stim_src_id) + (1|part_id:ai:exercise),372.402426,392.109319
sqrt(duration) ~ exercise * ipaq_category + (1|part_id:exercise) + (1|part_id:ipaq_category),372.276611,391.983504
sqrt(duration) ~ exercise * ipaq_category + (1|part_id:exercise) + (1|part_id:ai),372.402426,392.109319
sqrt(duration) ~ exercise * ipaq_category + (1|part_id:exercise) + (1|part_id:ai:exercise),372.402426,392.109319
sqrt(duration) ~ exercise * ipaq_category + (1|part_id:ipaq_category) + (1|part_id:ai),372.276611,391.983504
sqrt(duration) ~ exercise * ipaq_category + (1|part_id:ipaq_category) + (1|part_id:ai:exercise),372.276611,391.983504
sqrt(duration) ~ exercise * ipaq_category + (1|part_id:ai) + (1|part_id:ai:exercise),372.402426,392.109319
sqrt(duration) ~ exercise * ipaq_category + (1|part_id) + (1|stim_src_id) + (1|part_id:exercise),374.276611,396.173158
sqrt(duration) ~ exercise * ipaq_category + (1|part_id) + (1|stim_src_id) + (1|part_id:ipaq_category),399.312857,421.209405
sqrt(duration) ~ exercise * ipaq_category + (1|part_id) + (1|stim_src_id) + (1|part_id:ai),374.276611,396.173158
sqrt(duration) ~ exercise * ipaq_category + (1|part_id) + (1|stim_src_id) + (1|part_id:ai:exercise),374.276611,396.173158
sqrt(duration) ~ exercise * ipaq_category + (1|part_id) + (1|part_id:exercise) + (1|part_id:ipaq_category),374.276611,396.173158
sqrt(duration) ~ exercise * ipaq_category + (1|part_id) + (1|part_id:exercise) + (1|part_id:ai),374.276611,396.173158
sqrt(duration) ~ exercise * ipaq_category + (1|part_id) + (1|part_id:exercise) + (1|part_id:ai:exercise),374.276611,396.173158
sqrt(duration) ~ exercise * ipaq_category + (1|part_id) + (1|part_id:ipaq_category) + (1|part_id:ai),374.276611,396.173158
sqrt(duration) ~ exercise * ipaq_category + (1|part_id) + (1|part_id:ipaq_category) + (1|part_id:ai:exercise),374.276611,396.173158
sqrt(duration) ~ exercise * ipaq_category + (1|part_id) + (1|part_id:ai) + (1|part_id:ai:exercise),374.276611,396.173158
sqrt(duration) ~ exercise * ipaq_category + (1|stim_src_id) + (1|part_id:exercise) + (1|part_id:ipaq_category),374.276611,396.173158
sqrt(duration) ~ exercise * ipaq_category + (1|stim_src_id) + (1|part_id:exercise) + (1|part_id:ai),374.402426,396.298974
sqrt(duration) ~ exercise * ipaq_category + (1|stim_src_id) + (1|part_id:exercise) + (1|part_id:ai:exercise),374.402426,396.298974
sqrt(duration) ~ exercise * ipaq_category + (1|stim_src_id) + (1|part_id:ipaq_category) + (1|part_id:ai),374.276611,396.173158
sqrt(duration) ~ exercise * ipaq_category + (1|stim_src_id) + (1|part_id:ipaq_category) + (1|part_id:ai:exercise),374.276611,396.173158
sqrt(duration) ~ exercise * ipaq_category + (1|stim_src_id) + (1|part_id:ai) + (1|part_id:ai:exercise),374.402426,396.298974
sqrt(duration) ~ exercise * ipaq_category + (1|part_id:exercise) + (1|part_id:ipaq_category) + (1|part_id:ai),374.276611,396.173158
sqrt(duration) ~ exercise * ipaq_category + (1|part_id:exercise) + (1|part_id:ipaq_category) + (1|part_id:ai:exercise),374.276611,396.173158
sqrt(duration) ~ exercise * ipaq_category + (1|part_id:exercise) + (1|part_id:ai) + (1|part_id:ai:exercise),374.402426,396.298974
sqrt(duration) ~ exercise * ipaq_category + (1|part_id:ipaq_category) + (1|part_id:ai) + (1|part_id:ai:exercise),374.276611,396.173158
sqrt(duration) ~ exercise * ipaq_category + (1|part_id) + (1|stim_src_id) + (1|part_id:exercise) + (1|part_id:ipaq_category),376.276611,400.362813
sqrt(duration) ~ exercise * ipaq_category + (1|part_id) + (1|stim_src_id) + (1|part_id:exercise) + (1|part_id:ai),376.276611,400.362813
sqrt(duration) ~ exercise * ipaq_category + (1|part_id) + (1|stim_src_id) + (1|part_id:exercise) + (1|part_id:ai:exercise),376.276611,400.362813
sqrt(duration) ~ exercise * ipaq_category + (1|part_id) + (1|stim_src_id) + (1|part_id:ipaq_category) + (1|part_id:ai),376.276611,400.362813
sqrt(duration) ~ exercise * ipaq_category + (1|part_id) + (1|stim_src_id) + (1|part_id:ipaq_category) + (1|part_id:ai:exercise),376.276611,400.362813
sqrt(duration) ~ exercise * ipaq_category + (1|part_id) + (1|stim_src_id) + (1|part_id:ai) + (1|part_id:ai:exercise),376.276611,400.362813
sqrt(duration) ~ exercise * ipaq_category + (1|part_id) + (1|part_id:exercise) + (1|part_id:ipaq_category) + (1|part_id:ai),376.276611,400.362813
sqrt(duration) ~ exercise * ipaq_category + (1|part_id) + (1|part_id:exercise) + (1|part_id:ipaq_category) + (1|part_id:ai:exercise),376.276611,400.362813
sqrt(duration) ~ exercise * ipaq_category + (1|part_id) + (1|part_id:exercise) + (1|part_id:ai) + (1|part_id:ai:exercise),376.276611,400.362813
sqrt(duration) ~ exercise * ipaq_category + (1|part_id) + (1|part_id:ipaq_category) + (1|part_id:ai) + (1|part_id:ai:exercise),376.276611,400.362813
sqrt(duration) ~ exercise * ipaq_category + (1|stim_src_id) + (1|part_id:exercise) + (1|part_id:ipaq_category) + (1|part_id:ai),376.276611,400.362813
sqrt(duration) ~ exercise * ipaq_category + (1|stim_src_id) + (1|part_id:exercise) + (1|part_id:ipaq_category) + (1|part_id:ai:exercise),376.276611,400.362813
sqrt(duration) ~ exercise * ipaq_category + (1|stim_src_id) + (1|part_id:exercise) + (1|part_id:ai) + (1|part_id:ai:exercise),376.402426,400.488628
sqrt(duration) ~ exercise * ipaq_category + (1|stim_src_id) + (1|part_id:ipaq_category) + (1|part_id:ai) + (1|part_id:ai:exercise),376.276611,400.362813
sqrt(duration) ~ exercise * ipaq_category + (1|part_id:exercise) + (1|part_id:ipaq_category) + (1|part_id:ai) + (1|part_id:ai:exercise),376.276611,400.362813
sqrt(duration) ~ exercise * ipaq_category + (1|part_id) + (1|stim_src_id) + (1|part_id:exercise) + (1|part_id:ipaq_category) + (1|part_id:ai),378.276611,404.552468
sqrt(duration) ~ exercise * ipaq_category + (1|part_id) + (1|stim_src_id) + (1|part_id:exercise) + (1|part_id:ipaq_category) + (1|part_id:ai:exercise),378.276611,404.552468
sqrt(duration) ~ exercise * ipaq_category + (1|part_id) + (1|stim_src_id) + (1|part_id:exercise) + (1|part_id:ai) + (1|part_id:ai:exercise),378.276611,404.552468
sqrt(duration) ~ exercise * ipaq_category + (1|part_id) + (1|stim_src_id) + (1|part_id:ipaq_category) + (1|part_id:ai) + (1|part_id:ai:exercise),378.276611,404.552468
sqrt(duration) ~ exercise * ipaq_category + (1|part_id) + (1|part_id:exercise) + (1|part_id:ipaq_category) + (1|part_id:ai) + (1|part_id:ai:exercise),378.276611,404.552468
sqrt(duration) ~ exercise * ipaq_category + (1|stim_src_id) + (1|part_id:exercise) + (1|part_id:ipaq_category) + (1|part_id:ai) + (1|part_id:ai:exercise),378.276611,404.552468
sqrt(duration) ~ exercise * ipaq_category + (1|part_id) + (1|stim_src_id) + (1|part_id:exercise) + (1|part_id:ipaq_category) + (1|part_id:ai) + (1|part_id:ai:exercise),380.276611,408.742123
