formula,AIC,BIC
factor(completeness_both) ~ exercise + ai + seq_num + (1 | part_id) + (1 | stim_src_id),1005.308014,1058.544155
factor(completeness_both) ~ exercise + ai + seq_num + exercise:ai + (1 | part_id) + (1 | stim_src_id),1007.301156,1064.086374
factor(completeness_both) ~ exercise + ai + seq_num + ai:seq_num + (1 | part_id) + (1 | stim_src_id),1007.194580,1063.979798
factor(completeness_both) ~ exercise + ai + seq_num + exercise:seq_num + (1 | part_id) + (1 | stim_src_id),1007.170137,1063.955355
