formula,AIC,BIC
sqrt(duration) ~ (1 | part_id),750.787643,759.343734
sqrt(duration) ~ (1 | stim_src_id),762.186727,770.742818
sqrt(duration) ~ (1 + ai | part_id),736.380705,750.640856
sqrt(duration) ~ (1 + exercise | part_id),736.111336,750.371487
sqrt(duration) ~ (1 + ai + exercise | part_id),741.667912,764.484154
sqrt(duration) ~ (1 | part_id) + (1 | stim_src_id),752.787643,764.195764
sqrt(duration) ~ (1 | stim_src_id) + (1 + ai | part_id),738.380705,755.492886
sqrt(duration) ~ (1 | stim_src_id) + (1 + exercise | part_id),738.103366,755.215548
sqrt(duration) ~ (1 | stim_src_id) + (1 + ai + exercise | part_id),743.667912,769.336184
sqrt(duration) ~ exercise + (1 | part_id),749.431765,760.839886
sqrt(duration) ~ exercise + (1 | stim_src_id),761.660473,773.068594
sqrt(duration) ~ exercise + (1 + ai | part_id),736.645761,753.757942
sqrt(duration) ~ exercise + (1 + exercise | part_id),736.285390,753.397572
sqrt(duration) ~ exercise + (1 + ai + exercise | part_id),741.422470,767.090743
sqrt(duration) ~ exercise + (1 | part_id) + (1 | stim_src_id),751.431765,765.691916
sqrt(duration) ~ exercise + (1 | stim_src_id) + (1 + ai | part_id),738.645761,758.609973
sqrt(duration) ~ exercise + (1 | stim_src_id) + (1 + exercise | part_id),738.181921,758.146133
sqrt(duration) ~ exercise + (1 | stim_src_id) + (1 + ai + exercise | part_id),743.385458,771.905760
sqrt(duration) ~ ai + (1 | part_id),745.235986,756.644107
sqrt(duration) ~ ai + (1 | stim_src_id),756.832640,768.240761
sqrt(duration) ~ ai + (1 + ai | part_id),733.731533,750.843715
sqrt(duration) ~ ai + (1 + exercise | part_id),732.712893,749.825074
sqrt(duration) ~ ai + (1 + ai + exercise | part_id),737.504638,763.172910
sqrt(duration) ~ ai + (1 | part_id) + (1 | stim_src_id),747.235986,761.496137
sqrt(duration) ~ ai + (1 | stim_src_id) + (1 + ai | part_id),735.731533,755.695745
sqrt(duration) ~ ai + (1 | stim_src_id) + (1 + exercise | part_id),734.712893,754.677105
sqrt(duration) ~ ai + (1 | stim_src_id) + (1 + ai + exercise | part_id),739.504638,768.024940
sqrt(duration) ~ project_name + (1 | part_id),752.691252,764.099373
sqrt(duration) ~ project_name + (1 | stim_src_id),763.832365,775.240486
sqrt(duration) ~ project_name + (1 + ai | part_id),737.657036,754.769218
sqrt(duration) ~ project_name + (1 + exercise | part_id),737.048893,754.161075
sqrt(duration) ~ project_name + (1 + ai + exercise | part_id),742.784781,768.453054
sqrt(duration) ~ project_name + (1 | part_id) + (1 | stim_src_id),754.691252,768.951403
sqrt(duration) ~ project_name + (1 | stim_src_id) + (1 + ai | part_id),739.657036,759.621248
sqrt(duration) ~ project_name + (1 | stim_src_id) + (1 + exercise | part_id),739.028981,758.993193
sqrt(duration) ~ project_name + (1 | stim_src_id) + (1 + ai + exercise | part_id),744.784610,773.304912
sqrt(duration) ~ ipaq_category + (1 | part_id),753.961359,768.221511
sqrt(duration) ~ ipaq_category + (1 | stim_src_id),765.230723,779.490874
sqrt(duration) ~ ipaq_category + (1 + ai | part_id),739.605889,759.570101
sqrt(duration) ~ ipaq_category + (1 + exercise | part_id),738.239549,758.203761
sqrt(duration) ~ ipaq_category + (1 + ai + exercise | part_id),744.032081,772.552384
sqrt(duration) ~ ipaq_category + (1 | part_id) + (1 | stim_src_id),755.961359,773.073541
sqrt(duration) ~ ipaq_category + (1 | stim_src_id) + (1 + ai | part_id),741.605889,764.422131
sqrt(duration) ~ ipaq_category + (1 | stim_src_id) + (1 + exercise | part_id),740.239549,763.055791
sqrt(duration) ~ ipaq_category + (1 | stim_src_id) + (1 + ai + exercise | part_id),746.032082,777.404414
sqrt(duration) ~ level_of_education + (1 | part_id),756.034817,773.146998
sqrt(duration) ~ level_of_education + (1 | stim_src_id),768.090488,785.202670
sqrt(duration) ~ level_of_education + (1 + ai | part_id),741.445585,764.261827
sqrt(duration) ~ level_of_education + (1 + exercise | part_id),741.373204,764.189446
sqrt(duration) ~ level_of_education + (1 + ai + exercise | part_id),746.968941,778.341274
sqrt(duration) ~ level_of_education + (1 | part_id) + (1 | stim_src_id),758.034817,777.999029
sqrt(duration) ~ level_of_education + (1 | stim_src_id) + (1 + ai | part_id),743.445585,769.113858
sqrt(duration) ~ level_of_education + (1 | stim_src_id) + (1 + exercise | part_id),743.357096,769.025368
sqrt(duration) ~ level_of_education + (1 | stim_src_id) + (1 + ai + exercise | part_id),748.968941,783.193304
sqrt(duration) ~ seq_num + (1 | part_id),709.244031,720.652152
sqrt(duration) ~ seq_num + (1 | stim_src_id),734.842946,746.251067
sqrt(duration) ~ seq_num + (1 + ai | part_id),704.644973,721.757155
sqrt(duration) ~ seq_num + (1 + exercise | part_id),702.830111,719.942292
sqrt(duration) ~ seq_num + (1 + ai + exercise | part_id),708.759569,734.427842
sqrt(duration) ~ seq_num + (1 | part_id) + (1 | stim_src_id),711.220952,725.481104
sqrt(duration) ~ seq_num + (1 | stim_src_id) + (1 + ai | part_id),706.579776,726.543988
sqrt(duration) ~ seq_num + (1 | stim_src_id) + (1 + exercise | part_id),704.215096,724.179308
sqrt(duration) ~ seq_num + (1 | stim_src_id) + (1 + ai + exercise | part_id),710.103991,738.624294
sqrt(duration) ~ exercise * ai + (1 | part_id),745.123809,762.235990
sqrt(duration) ~ exercise * ai + (1 | stim_src_id),757.832441,774.944622
sqrt(duration) ~ exercise * ai + (1 + ai | part_id),735.448011,758.264253
sqrt(duration) ~ exercise * ai + (1 + exercise | part_id),734.313978,757.130220
sqrt(duration) ~ exercise * ai + (1 + ai + exercise | part_id),739.290152,770.662485
sqrt(duration) ~ exercise * ai + (1 | part_id) + (1 | stim_src_id),747.121620,767.085832
sqrt(duration) ~ exercise * ai + (1 | stim_src_id) + (1 + ai | part_id),737.448011,763.116284
sqrt(duration) ~ exercise * ai + (1 | stim_src_id) + (1 + exercise | part_id),736.290008,761.958280
sqrt(duration) ~ exercise * ai + (1 | stim_src_id) + (1 + ai + exercise | part_id),741.287182,775.511546
sqrt(duration) ~ exercise * ipaq_category + (1 | part_id),750.070554,772.886796
sqrt(duration) ~ exercise * ipaq_category + (1 | stim_src_id),765.545338,788.361580
sqrt(duration) ~ exercise * ipaq_category + (1 + ai | part_id),741.130951,769.651254
sqrt(duration) ~ exercise * ipaq_category + (1 + exercise | part_id),739.954144,768.474446
sqrt(duration) ~ exercise * ipaq_category + (1 + ai + exercise | part_id),745.527956,782.604349
sqrt(duration) ~ exercise * ipaq_category + (1 | part_id) + (1 | stim_src_id),752.070485,777.738758
sqrt(duration) ~ exercise * ipaq_category + (1 | stim_src_id) + (1 + ai | part_id),743.130952,774.503284
sqrt(duration) ~ exercise * ipaq_category + (1 | stim_src_id) + (1 + exercise | part_id),741.927196,773.299529
sqrt(duration) ~ exercise * ipaq_category + (1 | stim_src_id) + (1 + ai + exercise | part_id),747.520713,787.449137
