formula,AIC,BIC
factor(accuracy_both) ~ exercise + ai + seq_num + (1 | part_id),591.268760,630.308597
factor(accuracy_both) ~ exercise + ai + seq_num + exercise:ai + (1 | part_id),592.792744,635.381657
factor(accuracy_both) ~ exercise + ai + seq_num + ai:seq_num + (1 | part_id),592.443879,635.032792
factor(accuracy_both) ~ exercise + ai + seq_num + exercise:seq_num + (1 | part_id),591.022885,633.611798
factor(accuracy_both) ~ exercise + ai + seq_num + exercise:ai + ai:seq_num + (1 | part_id),594.048434,640.186423
factor(accuracy_both) ~ exercise + ai + seq_num + exercise:ai + exercise:seq_num + (1 | part_id),592.715803,638.853792
factor(accuracy_both) ~ exercise + ai + seq_num + ai:seq_num + exercise:seq_num + (1 | part_id),592.130028,638.268017
factor(accuracy_both) ~ exercise + ai + seq_num + exercise:ai + ai:seq_num + exercise:seq_num + (1 | part_id),593.932002,643.619067
factor(accuracy_both) ~ exercise + ai + seq_num + project_name + (1 | part_id),590.225927,632.814840
factor(accuracy_both) ~ exercise + ai + seq_num + project_name + exercise:ai + (1 | part_id),591.938949,638.076938
factor(accuracy_both) ~ exercise + ai + seq_num + project_name + ai:seq_num + (1 | part_id),591.561159,637.699148
factor(accuracy_both) ~ exercise + ai + seq_num + project_name + exercise:seq_num + (1 | part_id),589.208686,635.346675
factor(accuracy_both) ~ exercise + ai + seq_num + project_name + exercise:ai + ai:seq_num + (1 | part_id),593.325013,643.012078
factor(accuracy_both) ~ exercise + ai + seq_num + project_name + exercise:ai + exercise:seq_num + (1 | part_id),591.085527,640.772592
factor(accuracy_both) ~ exercise + ai + seq_num + project_name + ai:seq_num + exercise:seq_num + (1 | part_id),590.492314,640.179379
factor(accuracy_both) ~ exercise + ai + seq_num + project_name + exercise:ai + ai:seq_num + exercise:seq_num + (1 | part_id),592.429751,645.665893
factor(accuracy_both) ~ exercise + ai + seq_num + ipaq_category + (1 | part_id),594.051410,640.189399
factor(accuracy_both) ~ exercise + ai + seq_num + ipaq_category + exercise:ai + (1 | part_id),595.126108,644.813174
factor(accuracy_both) ~ exercise + ai + seq_num + ipaq_category + ai:seq_num + (1 | part_id),595.501871,645.188936
factor(accuracy_both) ~ exercise + ai + seq_num + ipaq_category + exercise:seq_num + (1 | part_id),593.136870,642.823935
factor(accuracy_both) ~ exercise + ai + seq_num + ipaq_category + exercise:ai + ai:seq_num + (1 | part_id),596.717228,649.953370
factor(accuracy_both) ~ exercise + ai + seq_num + ipaq_category + exercise:ai + exercise:seq_num + (1 | part_id),594.405416,647.641557
factor(accuracy_both) ~ exercise + ai + seq_num + ipaq_category + ai:seq_num + exercise:seq_num + (1 | part_id),594.556753,647.792894
factor(accuracy_both) ~ exercise + ai + seq_num + ipaq_category + exercise:ai + ai:seq_num + exercise:seq_num + (1 | part_id),596.003693,652.788910
factor(accuracy_both) ~ exercise + ai + seq_num + occupation + (1 | part_id),586.426848,643.212065
factor(accuracy_both) ~ exercise + ai + seq_num + occupation + exercise:ai + (1 | part_id),584.426806,644.761100
factor(accuracy_both) ~ exercise + ai + seq_num + occupation + ai:seq_num + (1 | part_id),588.319057,648.653351
factor(accuracy_both) ~ exercise + ai + seq_num + occupation + exercise:seq_num + (1 | part_id),582.555538,642.889832
factor(accuracy_both) ~ exercise + ai + seq_num + occupation + exercise:ai + ai:seq_num + (1 | part_id),586.406997,650.290367
factor(accuracy_both) ~ exercise + ai + seq_num + occupation + exercise:ai + exercise:seq_num + (1 | part_id),581.068935,644.952305
factor(accuracy_both) ~ exercise + ai + seq_num + occupation + ai:seq_num + exercise:seq_num + (1 | part_id),584.343012,648.226382
factor(accuracy_both) ~ exercise + ai + seq_num + occupation + exercise:ai + ai:seq_num + exercise:seq_num + (1 | part_id),582.829243,650.261689
factor(accuracy_both) ~ exercise + ai + seq_num + order_group + (1 | part_id),593.093162,635.682075
factor(accuracy_both) ~ exercise + ai + seq_num + order_group + exercise:ai + (1 | part_id),594.671524,640.809513
factor(accuracy_both) ~ exercise + ai + seq_num + order_group + ai:seq_num + (1 | part_id),594.247607,640.385596
factor(accuracy_both) ~ exercise + ai + seq_num + order_group + exercise:seq_num + (1 | part_id),591.521045,637.659034
factor(accuracy_both) ~ exercise + ai + seq_num + order_group + exercise:order_group + (1 | part_id),594.922343,641.060332
factor(accuracy_both) ~ exercise + ai + seq_num + order_group + exercise:ai + ai:seq_num + (1 | part_id),595.912732,645.599797
factor(accuracy_both) ~ exercise + ai + seq_num + order_group + exercise:ai + exercise:seq_num + (1 | part_id),593.140436,642.827502
factor(accuracy_both) ~ exercise + ai + seq_num + order_group + exercise:ai + exercise:order_group + (1 | part_id),596.495555,646.182620
factor(accuracy_both) ~ exercise + ai + seq_num + order_group + ai:seq_num + exercise:seq_num + (1 | part_id),592.613510,642.300576
factor(accuracy_both) ~ exercise + ai + seq_num + order_group + ai:seq_num + exercise:order_group + (1 | part_id),596.088656,645.775721
factor(accuracy_both) ~ exercise + ai + seq_num + order_group + exercise:seq_num + exercise:order_group + (1 | part_id),593.418058,643.105123
factor(accuracy_both) ~ exercise + ai + seq_num + order_group + exercise:ai + ai:seq_num + exercise:seq_num + (1 | part_id),594.358608,647.594750
factor(accuracy_both) ~ exercise + ai + seq_num + order_group + exercise:ai + ai:seq_num + exercise:order_group + (1 | part_id),597.748483,650.984624
factor(accuracy_both) ~ exercise + ai + seq_num + order_group + exercise:ai + exercise:seq_num + exercise:order_group + (1 | part_id),595.028237,648.264378
factor(accuracy_both) ~ exercise + ai + seq_num + order_group + ai:seq_num + exercise:seq_num + exercise:order_group + (1 | part_id),594.522655,647.758796
factor(accuracy_both) ~ exercise + ai + seq_num + order_group + exercise:ai + ai:seq_num + exercise:seq_num + exercise:order_group + (1 | part_id),596.259087,653.044304
factor(accuracy_both) ~ exercise + ai + seq_num + project_name + ipaq_category + (1 | part_id),593.244808,642.931873
factor(accuracy_both) ~ exercise + ai + seq_num + project_name + ipaq_category + exercise:ai + (1 | part_id),594.641348,647.877490
factor(accuracy_both) ~ exercise + ai + seq_num + project_name + ipaq_category + ai:seq_num + (1 | part_id),594.802514,648.038655
factor(accuracy_both) ~ exercise + ai + seq_num + project_name + ipaq_category + exercise:seq_num + (1 | part_id),591.640354,644.876495
factor(accuracy_both) ~ exercise + ai + seq_num + project_name + ipaq_category + exercise:ai + ai:seq_num + (1 | part_id),596.295237,653.080454
factor(accuracy_both) ~ exercise + ai + seq_num + project_name + ipaq_category + exercise:ai + exercise:seq_num + (1 | part_id),593.249966,650.035183
factor(accuracy_both) ~ exercise + ai + seq_num + project_name + ipaq_category + ai:seq_num + exercise:seq_num + (1 | part_id),593.181291,649.966509
factor(accuracy_both) ~ exercise + ai + seq_num + project_name + ipaq_category + exercise:ai + ai:seq_num + exercise:seq_num + (1 | part_id),594.905606,655.239899
factor(accuracy_both) ~ exercise + ai + seq_num + project_name + occupation + (1 | part_id),584.499908,644.834201
factor(accuracy_both) ~ exercise + ai + seq_num + project_name + occupation + exercise:ai + (1 | part_id),583.218630,647.102000
factor(accuracy_both) ~ exercise + ai + seq_num + project_name + occupation + ai:seq_num + (1 | part_id),586.477271,650.360641
factor(accuracy_both) ~ exercise + ai + seq_num + project_name + occupation + exercise:seq_num + (1 | part_id),579.127638,643.011007
factor(accuracy_both) ~ exercise + ai + seq_num + project_name + occupation + exercise:ai + ai:seq_num + (1 | part_id),585.218613,652.651059
factor(accuracy_both) ~ exercise + ai + seq_num + project_name + occupation + exercise:ai + exercise:seq_num + (1 | part_id),578.203838,645.636284
factor(accuracy_both) ~ exercise + ai + seq_num + project_name + occupation + ai:seq_num + exercise:seq_num + (1 | part_id),581.017559,648.450004
factor(accuracy_both) ~ exercise + ai + seq_num + project_name + occupation + exercise:ai + ai:seq_num + exercise:seq_num + (1 | part_id),580.203814,651.185336
factor(accuracy_both) ~ exercise + ai + seq_num + project_name + order_group + (1 | part_id),592.030443,638.168432
factor(accuracy_both) ~ exercise + ai + seq_num + project_name + order_group + exercise:ai + (1 | part_id),593.790905,643.477970
factor(accuracy_both) ~ exercise + ai + seq_num + project_name + order_group + ai:seq_num + (1 | part_id),593.347085,643.034151
factor(accuracy_both) ~ exercise + ai + seq_num + project_name + order_group + exercise:seq_num + (1 | part_id),588.938515,638.625580
factor(accuracy_both) ~ exercise + ai + seq_num + project_name + order_group + exercise:order_group + (1 | part_id),593.671740,643.358805
factor(accuracy_both) ~ exercise + ai + seq_num + project_name + order_group + exercise:ai + ai:seq_num + (1 | part_id),595.161789,648.397930
factor(accuracy_both) ~ exercise + ai + seq_num + project_name + order_group + exercise:ai + exercise:seq_num + (1 | part_id),590.771079,644.007220
factor(accuracy_both) ~ exercise + ai + seq_num + project_name + order_group + exercise:ai + exercise:order_group + (1 | part_id),595.432275,648.668416
factor(accuracy_both) ~ exercise + ai + seq_num + project_name + order_group + ai:seq_num + exercise:seq_num + (1 | part_id),590.213061,643.449202
factor(accuracy_both) ~ exercise + ai + seq_num + project_name + order_group + ai:seq_num + exercise:order_group + (1 | part_id),595.006848,648.242990
factor(accuracy_both) ~ exercise + ai + seq_num + project_name + order_group + exercise:seq_num + exercise:order_group + (1 | part_id),590.646940,643.883082
factor(accuracy_both) ~ exercise + ai + seq_num + project_name + order_group + exercise:ai + ai:seq_num + exercise:seq_num + (1 | part_id),592.119701,648.904918
factor(accuracy_both) ~ exercise + ai + seq_num + project_name + order_group + exercise:ai + ai:seq_num + exercise:order_group + (1 | part_id),596.820724,653.605941
factor(accuracy_both) ~ exercise + ai + seq_num + project_name + order_group + exercise:ai + exercise:seq_num + exercise:order_group + (1 | part_id),592.473047,649.258264
factor(accuracy_both) ~ exercise + ai + seq_num + project_name + order_group + ai:seq_num + exercise:seq_num + exercise:order_group + (1 | part_id),591.940940,648.726158
factor(accuracy_both) ~ exercise + ai + seq_num + project_name + order_group + exercise:ai + ai:seq_num + exercise:seq_num + exercise:order_group + (1 | part_id),593.841488,654.175781
factor(accuracy_both) ~ exercise + ai + seq_num + ipaq_category + occupation + (1 | part_id),590.212936,654.096305
factor(accuracy_both) ~ exercise + ai + seq_num + ipaq_category + occupation + exercise:ai + (1 | part_id),587.407374,654.839819
factor(accuracy_both) ~ exercise + ai + seq_num + ipaq_category + occupation + ai:seq_num + (1 | part_id),592.139050,659.571495
factor(accuracy_both) ~ exercise + ai + seq_num + ipaq_category + occupation + exercise:seq_num + (1 | part_id),585.653604,653.086050
factor(accuracy_both) ~ exercise + ai + seq_num + ipaq_category + occupation + exercise:ai + ai:seq_num + (1 | part_id),589.409080,660.390602
factor(accuracy_both) ~ exercise + ai + seq_num + ipaq_category + occupation + exercise:ai + exercise:seq_num + (1 | part_id),582.246135,653.227656
factor(accuracy_both) ~ exercise + ai + seq_num + ipaq_category + occupation + ai:seq_num + exercise:seq_num + (1 | part_id),587.334667,658.316189
factor(accuracy_both) ~ exercise + ai + seq_num + ipaq_category + occupation + exercise:ai + ai:seq_num + exercise:seq_num + (1 | part_id),584.245475,658.776073
factor(accuracy_both) ~ exercise + ai + seq_num + ipaq_category + order_group + (1 | part_id),595.637787,645.324852
factor(accuracy_both) ~ exercise + ai + seq_num + ipaq_category + order_group + exercise:ai + (1 | part_id),596.788794,650.024936
factor(accuracy_both) ~ exercise + ai + seq_num + ipaq_category + order_group + ai:seq_num + (1 | part_id),597.082489,650.318630
factor(accuracy_both) ~ exercise + ai + seq_num + ipaq_category + order_group + exercise:seq_num + (1 | part_id),593.900078,647.136220
factor(accuracy_both) ~ exercise + ai + seq_num + ipaq_category + order_group + exercise:order_group + (1 | part_id),597.512746,650.748887
factor(accuracy_both) ~ exercise + ai + seq_num + ipaq_category + order_group + exercise:ai + ai:seq_num + (1 | part_id),598.382183,655.167400
factor(accuracy_both) ~ exercise + ai + seq_num + ipaq_category + order_group + exercise:ai + exercise:seq_num + (1 | part_id),595.086483,651.871701
factor(accuracy_both) ~ exercise + ai + seq_num + ipaq_category + order_group + exercise:ai + exercise:order_group + (1 | part_id),598.664550,655.449768
factor(accuracy_both) ~ exercise + ai + seq_num + ipaq_category + order_group + ai:seq_num + exercise:seq_num + (1 | part_id),595.292017,652.077234
factor(accuracy_both) ~ exercise + ai + seq_num + ipaq_category + order_group + ai:seq_num + exercise:order_group + (1 | part_id),598.961796,655.747013
factor(accuracy_both) ~ exercise + ai + seq_num + ipaq_category + order_group + exercise:seq_num + exercise:order_group + (1 | part_id),595.837711,652.622928
factor(accuracy_both) ~ exercise + ai + seq_num + ipaq_category + order_group + exercise:ai + ai:seq_num + exercise:seq_num + (1 | part_id),596.678180,657.012473
factor(accuracy_both) ~ exercise + ai + seq_num + ipaq_category + order_group + exercise:ai + ai:seq_num + exercise:order_group + (1 | part_id),600.261197,660.595490
factor(accuracy_both) ~ exercise + ai + seq_num + ipaq_category + order_group + exercise:ai + exercise:seq_num + exercise:order_group + (1 | part_id),597.018323,657.352617
factor(accuracy_both) ~ exercise + ai + seq_num + ipaq_category + order_group + ai:seq_num + exercise:seq_num + exercise:order_group + (1 | part_id),597.234646,657.568940
factor(accuracy_both) ~ exercise + ai + seq_num + ipaq_category + order_group + exercise:ai + ai:seq_num + exercise:seq_num + exercise:order_group + (1 | part_id),598.614287,662.497656
factor(accuracy_both) ~ exercise + ai + seq_num + occupation + order_group + (1 | part_id),585.700281,646.034574
factor(accuracy_both) ~ exercise + ai + seq_num + occupation + order_group + exercise:ai + (1 | part_id),583.848320,647.731689
factor(accuracy_both) ~ exercise + ai + seq_num + occupation + order_group + ai:seq_num + (1 | part_id),587.544193,651.427562
factor(accuracy_both) ~ exercise + ai + seq_num + occupation + order_group + exercise:seq_num + (1 | part_id),584.256767,648.140137
factor(accuracy_both) ~ exercise + ai + seq_num + occupation + order_group + exercise:order_group + (1 | part_id),587.533735,651.417105
factor(accuracy_both) ~ exercise + ai + seq_num + occupation + order_group + exercise:ai + ai:seq_num + (1 | part_id),585.962869,653.395315
factor(accuracy_both) ~ exercise + ai + seq_num + occupation + order_group + exercise:ai + exercise:seq_num + (1 | part_id),582.511612,649.944058
factor(accuracy_both) ~ exercise + ai + seq_num + occupation + order_group + exercise:ai + exercise:order_group + (1 | part_id),585.653312,653.085758
factor(accuracy_both) ~ exercise + ai + seq_num + occupation + order_group + ai:seq_num + exercise:seq_num + (1 | part_id),586.030256,653.462701
factor(accuracy_both) ~ exercise + ai + seq_num + occupation + order_group + ai:seq_num + exercise:order_group + (1 | part_id),589.376287,656.808732
factor(accuracy_both) ~ exercise + ai + seq_num + occupation + order_group + exercise:seq_num + exercise:order_group + (1 | part_id),586.145697,653.578142
factor(accuracy_both) ~ exercise + ai + seq_num + occupation + order_group + exercise:ai + ai:seq_num + exercise:seq_num + (1 | part_id),584.600313,655.581835
factor(accuracy_both) ~ exercise + ai + seq_num + occupation + order_group + exercise:ai + ai:seq_num + exercise:order_group + (1 | part_id),587.636594,658.618116
factor(accuracy_both) ~ exercise + ai + seq_num + occupation + order_group + exercise:ai + exercise:seq_num + exercise:order_group + (1 | part_id),584.367431,655.348952
factor(accuracy_both) ~ exercise + ai + seq_num + occupation + order_group + ai:seq_num + exercise:seq_num + exercise:order_group + (1 | part_id),587.920493,658.902015
factor(accuracy_both) ~ exercise + ai + seq_num + occupation + order_group + exercise:ai + ai:seq_num + exercise:seq_num + exercise:order_group + (1 | part_id),586.432881,660.963478
factor(accuracy_both) ~ exercise + ai + seq_num + project_name + ipaq_category + occupation + (1 | part_id),588.434386,655.866832
factor(accuracy_both) ~ exercise + ai + seq_num + project_name + ipaq_category + occupation + exercise:ai + (1 | part_id),586.640754,657.622276
factor(accuracy_both) ~ exercise + ai + seq_num + project_name + ipaq_category + occupation + ai:seq_num + (1 | part_id),590.418543,661.400065
factor(accuracy_both) ~ exercise + ai + seq_num + project_name + ipaq_category + occupation + exercise:seq_num + (1 | part_id),582.200472,653.181994
factor(accuracy_both) ~ exercise + ai + seq_num + project_name + ipaq_category + occupation + exercise:ai + ai:seq_num + (1 | part_id),588.659214,663.189812
factor(accuracy_both) ~ exercise + ai + seq_num + project_name + ipaq_category + occupation + exercise:ai + exercise:seq_num + (1 | part_id),580.144725,654.675323
factor(accuracy_both) ~ exercise + ai + seq_num + project_name + ipaq_category + occupation + ai:seq_num + exercise:seq_num + (1 | part_id),584.118774,658.649372
factor(accuracy_both) ~ exercise + ai + seq_num + project_name + ipaq_category + occupation + exercise:ai + ai:seq_num + exercise:seq_num + (1 | part_id),582.130108,660.209782
factor(accuracy_both) ~ exercise + ai + seq_num + project_name + ipaq_category + order_group + (1 | part_id),594.858910,648.095051
factor(accuracy_both) ~ exercise + ai + seq_num + project_name + ipaq_category + order_group + exercise:ai + (1 | part_id),596.318529,653.103747
factor(accuracy_both) ~ exercise + ai + seq_num + project_name + ipaq_category + order_group + ai:seq_num + (1 | part_id),596.412373,653.197591
factor(accuracy_both) ~ exercise + ai + seq_num + project_name + ipaq_category + order_group + exercise:seq_num + (1 | part_id),591.677932,648.463149
factor(accuracy_both) ~ exercise + ai + seq_num + project_name + ipaq_category + order_group + exercise:order_group + (1 | part_id),596.570338,653.355555
factor(accuracy_both) ~ exercise + ai + seq_num + project_name + ipaq_category + order_group + exercise:ai + ai:seq_num + (1 | part_id),597.972700,658.306994
factor(accuracy_both) ~ exercise + ai + seq_num + project_name + ipaq_category + order_group + exercise:ai + exercise:seq_num + (1 | part_id),593.242410,653.576704
factor(accuracy_both) ~ exercise + ai + seq_num + project_name + ipaq_category + order_group + exercise:ai + exercise:order_group + (1 | part_id),598.040779,658.375072
factor(accuracy_both) ~ exercise + ai + seq_num + project_name + ipaq_category + order_group + ai:seq_num + exercise:seq_num + (1 | part_id),593.192046,653.526339
factor(accuracy_both) ~ exercise + ai + seq_num + project_name + ipaq_category + order_group + ai:seq_num + exercise:order_group + (1 | part_id),598.131262,658.465555
factor(accuracy_both) ~ exercise + ai + seq_num + project_name + ipaq_category + order_group + exercise:seq_num + exercise:order_group + (1 | part_id),593.456293,653.790587
factor(accuracy_both) ~ exercise + ai + seq_num + project_name + ipaq_category + order_group + exercise:ai + ai:seq_num + exercise:seq_num + (1 | part_id),594.887713,658.771083
factor(accuracy_both) ~ exercise + ai + seq_num + project_name + ipaq_category + order_group + exercise:ai + ai:seq_num + exercise:order_group + (1 | part_id),599.700057,663.583427
factor(accuracy_both) ~ exercise + ai + seq_num + project_name + ipaq_category + order_group + exercise:ai + exercise:seq_num + exercise:order_group + (1 | part_id),595.019970,658.903339
factor(accuracy_both) ~ exercise + ai + seq_num + project_name + ipaq_category + order_group + ai:seq_num + exercise:seq_num + exercise:order_group + (1 | part_id),594.979222,658.862592
factor(accuracy_both) ~ exercise + ai + seq_num + project_name + ipaq_category + order_group + exercise:ai + ai:seq_num + exercise:seq_num + exercise:order_group + (1 | part_id),596.672369,664.104814
factor(accuracy_both) ~ exercise + ai + seq_num + project_name + occupation + order_group + (1 | part_id),583.397547,647.280917
factor(accuracy_both) ~ exercise + ai + seq_num + project_name + occupation + order_group + exercise:ai + (1 | part_id),582.286610,649.719056
factor(accuracy_both) ~ exercise + ai + seq_num + project_name + occupation + order_group + ai:seq_num + (1 | part_id),585.475797,652.908243
factor(accuracy_both) ~ exercise + ai + seq_num + project_name + occupation + order_group + exercise:seq_num + (1 | part_id),580.487130,647.919576
factor(accuracy_both) ~ exercise + ai + seq_num + project_name + occupation + order_group + exercise:order_group + (1 | part_id),584.987418,652.419864
factor(accuracy_both) ~ exercise + ai + seq_num + project_name + occupation + order_group + exercise:ai + ai:seq_num + (1 | part_id),584.286329,655.267851
factor(accuracy_both) ~ exercise + ai + seq_num + project_name + occupation + order_group + exercise:ai + exercise:seq_num + (1 | part_id),579.823232,650.804754
factor(accuracy_both) ~ exercise + ai + seq_num + project_name + occupation + order_group + exercise:ai + exercise:order_group + (1 | part_id),583.865580,654.847102
factor(accuracy_both) ~ exercise + ai + seq_num + project_name + occupation + order_group + ai:seq_num + exercise:seq_num + (1 | part_id),582.256979,653.238501
factor(accuracy_both) ~ exercise + ai + seq_num + project_name + occupation + order_group + ai:seq_num + exercise:order_group + (1 | part_id),587.058272,658.039793
factor(accuracy_both) ~ exercise + ai + seq_num + project_name + occupation + order_group + exercise:seq_num + exercise:order_group + (1 | part_id),582.022945,653.004466
factor(accuracy_both) ~ exercise + ai + seq_num + project_name + occupation + order_group + exercise:ai + ai:seq_num + exercise:seq_num + (1 | part_id),581.778138,656.308736
factor(accuracy_both) ~ exercise + ai + seq_num + project_name + occupation + order_group + exercise:ai + ai:seq_num + exercise:order_group + (1 | part_id),586.124466,660.655064
factor(accuracy_both) ~ exercise + ai + seq_num + project_name + occupation + order_group + exercise:ai + exercise:seq_num + exercise:order_group + (1 | part_id),581.158954,655.689552
factor(accuracy_both) ~ exercise + ai + seq_num + project_name + occupation + order_group + ai:seq_num + exercise:seq_num + exercise:order_group + (1 | part_id),583.935047,658.465645
factor(accuracy_both) ~ exercise + ai + seq_num + project_name + occupation + order_group + exercise:ai + ai:seq_num + exercise:seq_num + exercise:order_group + (1 | part_id),583.158949,661.238623
factor(accuracy_both) ~ exercise + ai + seq_num + ipaq_category + occupation + order_group + (1 | part_id),588.986883,656.419328
factor(accuracy_both) ~ exercise + ai + seq_num + ipaq_category + occupation + order_group + exercise:ai + (1 | part_id),585.588050,656.569572
factor(accuracy_both) ~ exercise + ai + seq_num + ipaq_category + occupation + order_group + ai:seq_num + (1 | part_id),590.869634,661.851155
factor(accuracy_both) ~ exercise + ai + seq_num + ipaq_category + occupation + order_group + exercise:seq_num + (1 | part_id),587.434828,658.416350
factor(accuracy_both) ~ exercise + ai + seq_num + ipaq_category + occupation + order_group + exercise:order_group + (1 | part_id),590.767336,661.748858
factor(accuracy_both) ~ exercise + ai + seq_num + ipaq_category + occupation + order_group + exercise:ai + ai:seq_num + (1 | part_id),587.587516,662.118114
factor(accuracy_both) ~ exercise + ai + seq_num + ipaq_category + occupation + order_group + exercise:ai + exercise:seq_num + (1 | part_id),584.066335,658.596933
factor(accuracy_both) ~ exercise + ai + seq_num + ipaq_category + occupation + order_group + exercise:ai + exercise:order_group + (1 | part_id),587.419691,661.950288
factor(accuracy_both) ~ exercise + ai + seq_num + ipaq_category + occupation + order_group + ai:seq_num + exercise:seq_num + (1 | part_id),589.265395,663.795993
factor(accuracy_both) ~ exercise + ai + seq_num + ipaq_category + occupation + order_group + ai:seq_num + exercise:order_group + (1 | part_id),592.640717,667.171315
factor(accuracy_both) ~ exercise + ai + seq_num + ipaq_category + occupation + order_group + exercise:seq_num + exercise:order_group + (1 | part_id),589.337295,663.867893
factor(accuracy_both) ~ exercise + ai + seq_num + ipaq_category + occupation + order_group + exercise:ai + ai:seq_num + exercise:seq_num + (1 | part_id),586.065631,664.145305
factor(accuracy_both) ~ exercise + ai + seq_num + ipaq_category + occupation + order_group + exercise:ai + ai:seq_num + exercise:order_group + (1 | part_id),589.419250,667.498924
factor(accuracy_both) ~ exercise + ai + seq_num + ipaq_category + occupation + order_group + exercise:ai + exercise:seq_num + exercise:order_group + (1 | part_id),585.951258,664.030932
factor(accuracy_both) ~ exercise + ai + seq_num + ipaq_category + occupation + order_group + ai:seq_num + exercise:seq_num + exercise:order_group + (1 | part_id),591.165351,669.245025
factor(accuracy_both) ~ exercise + ai + seq_num + ipaq_category + occupation + order_group + exercise:ai + ai:seq_num + exercise:seq_num + exercise:order_group + (1 | part_id),587.950572,669.579322
factor(accuracy_both) ~ exercise + ai + seq_num + project_name + ipaq_category + occupation + order_group + (1 | part_id),586.822149,657.803671
factor(accuracy_both) ~ exercise + ai + seq_num + project_name + ipaq_category + occupation + order_group + exercise:ai + (1 | part_id),584.563767,659.094364
factor(accuracy_both) ~ exercise + ai + seq_num + project_name + ipaq_category + occupation + order_group + ai:seq_num + (1 | part_id),588.786054,663.316651
factor(accuracy_both) ~ exercise + ai + seq_num + project_name + ipaq_category + occupation + order_group + exercise:seq_num + (1 | part_id),583.688729,658.219326
factor(accuracy_both) ~ exercise + ai + seq_num + project_name + ipaq_category + occupation + order_group + exercise:order_group + (1 | part_id),588.436652,662.967250
factor(accuracy_both) ~ exercise + ai + seq_num + project_name + ipaq_category + occupation + order_group + exercise:ai + ai:seq_num + (1 | part_id),586.547785,664.627459
factor(accuracy_both) ~ exercise + ai + seq_num + project_name + ipaq_category + occupation + order_group + exercise:ai + exercise:seq_num + (1 | part_id),581.726639,659.806312
factor(accuracy_both) ~ exercise + ai + seq_num + project_name + ipaq_category + occupation + order_group + exercise:ai + exercise:order_group + (1 | part_id),586.195196,664.274870
factor(accuracy_both) ~ exercise + ai + seq_num + project_name + ipaq_category + occupation + order_group + ai:seq_num + exercise:seq_num + (1 | part_id),585.605637,663.685311
factor(accuracy_both) ~ exercise + ai + seq_num + project_name + ipaq_category + occupation + order_group + ai:seq_num + exercise:order_group + (1 | part_id),590.401967,668.481641
factor(accuracy_both) ~ exercise + ai + seq_num + project_name + ipaq_category + occupation + order_group + exercise:seq_num + exercise:order_group + (1 | part_id),585.396069,663.475743
factor(accuracy_both) ~ exercise + ai + seq_num + project_name + ipaq_category + occupation + order_group + exercise:ai + ai:seq_num + exercise:seq_num + (1 | part_id),583.713210,665.341960
factor(accuracy_both) ~ exercise + ai + seq_num + project_name + ipaq_category + occupation + order_group + exercise:ai + ai:seq_num + exercise:order_group + (1 | part_id),588.178878,669.807628
factor(accuracy_both) ~ exercise + ai + seq_num + project_name + ipaq_category + occupation + order_group + exercise:ai + exercise:seq_num + exercise:order_group + (1 | part_id),583.408377,665.037127
factor(accuracy_both) ~ exercise + ai + seq_num + project_name + ipaq_category + occupation + order_group + ai:seq_num + exercise:seq_num + exercise:order_group + (1 | part_id),587.553543,669.182293
factor(accuracy_both) ~ exercise + ai + seq_num + project_name + ipaq_category + occupation + order_group + exercise:ai + ai:seq_num + exercise:seq_num + exercise:order_group + (1 | part_id),585.394213,670.572039
