formula,AIC,BIC
sqrt(duration) ~ exercise + ai + seq_num + (1 | part_id),356.598721,369.736649
sqrt(duration) ~ exercise + ai + seq_num + (1 | stim_src_id),378.397336,391.535265
sqrt(duration) ~ exercise + ai + seq_num + (1 + ai | part_id),357.688941,375.206179
sqrt(duration) ~ exercise + ai + seq_num + (1 + exercise | part_id),355.787919,373.305157
sqrt(duration) ~ exercise + ai + seq_num + (1 | part_id) + (1 | stim_src_id),357.140225,372.467809
sqrt(duration) ~ exercise + ai + seq_num + (1 | stim_src_id) + (1 + ai | part_id),358.874605,378.581497
sqrt(duration) ~ exercise + ai + seq_num + (1 | stim_src_id) + (1 + exercise | part_id),356.725318,376.432211
sqrt(duration) ~ exercise + ai + seq_num + exercise:ai + (1 | part_id),358.310373,373.637957
sqrt(duration) ~ exercise + ai + seq_num + exercise:ai + (1 | stim_src_id),379.882998,395.210581
sqrt(duration) ~ exercise + ai + seq_num + exercise:ai + (1 + ai | part_id),358.996313,378.703205
sqrt(duration) ~ exercise + ai + seq_num + exercise:ai + (1 + exercise | part_id),356.871362,376.578255
sqrt(duration) ~ exercise + ai + seq_num + exercise:ai + (1 | part_id) + (1 | stim_src_id),359.063585,376.580823
sqrt(duration) ~ exercise + ai + seq_num + exercise:ai + (1 | stim_src_id) + (1 + ai | part_id),360.513748,382.410296
sqrt(duration) ~ exercise + ai + seq_num + exercise:ai + (1 | stim_src_id) + (1 + exercise | part_id),358.350580,380.247128
sqrt(duration) ~ exercise + ai + seq_num + ai:seq_num + (1 | part_id),357.886469,373.214053
sqrt(duration) ~ exercise + ai + seq_num + ai:seq_num + (1 | stim_src_id),380.390428,395.718012
sqrt(duration) ~ exercise + ai + seq_num + ai:seq_num + (1 + ai | part_id),358.501111,378.208003
sqrt(duration) ~ exercise + ai + seq_num + ai:seq_num + (1 + exercise | part_id),357.032363,376.739255
sqrt(duration) ~ exercise + ai + seq_num + ai:seq_num + (1 | part_id) + (1 | stim_src_id),358.938894,376.456132
sqrt(duration) ~ exercise + ai + seq_num + ai:seq_num + (1 | stim_src_id) + (1 + ai | part_id),360.223951,382.120499
sqrt(duration) ~ exercise + ai + seq_num + ai:seq_num + (1 | stim_src_id) + (1 + exercise | part_id),358.516176,380.412723
sqrt(duration) ~ exercise + ai + seq_num + exercise:seq_num + (1 | part_id),358.505321,373.832904
sqrt(duration) ~ exercise + ai + seq_num + exercise:seq_num + (1 | stim_src_id),379.782667,395.110250
sqrt(duration) ~ exercise + ai + seq_num + exercise:seq_num + (1 + ai | part_id),359.687879,379.394772
sqrt(duration) ~ exercise + ai + seq_num + exercise:seq_num + (1 + exercise | part_id),357.747267,377.454160
sqrt(duration) ~ exercise + ai + seq_num + exercise:seq_num + (1 | part_id) + (1 | stim_src_id),359.105359,376.622597
sqrt(duration) ~ exercise + ai + seq_num + exercise:seq_num + (1 | stim_src_id) + (1 + ai | part_id),360.860096,382.756643
sqrt(duration) ~ exercise + ai + seq_num + exercise:seq_num + (1 | stim_src_id) + (1 + exercise | part_id),358.702018,380.598565
sqrt(duration) ~ exercise + ai + seq_num + exercise:ai + ai:seq_num + (1 | part_id),359.575244,377.092482
sqrt(duration) ~ exercise + ai + seq_num + exercise:ai + ai:seq_num + (1 | stim_src_id),381.874666,399.391904
sqrt(duration) ~ exercise + ai + seq_num + exercise:ai + ai:seq_num + (1 + ai | part_id),359.757726,381.654274
sqrt(duration) ~ exercise + ai + seq_num + exercise:ai + ai:seq_num + (1 + exercise | part_id),358.152535,380.049083
sqrt(duration) ~ exercise + ai + seq_num + exercise:ai + ai:seq_num + (1 | part_id) + (1 | stim_src_id),360.832381,380.539274
sqrt(duration) ~ exercise + ai + seq_num + exercise:ai + ai:seq_num + (1 | stim_src_id) + (1 + ai | part_id),361.691620,385.777822
sqrt(duration) ~ exercise + ai + seq_num + exercise:ai + ai:seq_num + (1 | stim_src_id) + (1 + exercise | part_id),360.009062,384.095265
sqrt(duration) ~ exercise + ai + seq_num + exercise:ai + exercise:seq_num + (1 | part_id),360.238875,377.756113
sqrt(duration) ~ exercise + ai + seq_num + exercise:ai + exercise:seq_num + (1 | stim_src_id),380.753264,398.270502
sqrt(duration) ~ exercise + ai + seq_num + exercise:ai + exercise:seq_num + (1 + ai | part_id),360.971434,382.867982
sqrt(duration) ~ exercise + ai + seq_num + exercise:ai + exercise:seq_num + (1 + exercise | part_id),358.857568,380.754115
sqrt(duration) ~ exercise + ai + seq_num + exercise:ai + exercise:seq_num + (1 | part_id) + (1 | stim_src_id),361.033430,380.740323
sqrt(duration) ~ exercise + ai + seq_num + exercise:ai + exercise:seq_num + (1 | stim_src_id) + (1 + ai | part_id),362.476869,386.563071
sqrt(duration) ~ exercise + ai + seq_num + exercise:ai + exercise:seq_num + (1 | stim_src_id) + (1 + exercise | part_id),360.340645,384.426847
sqrt(duration) ~ exercise + ai + seq_num + ai:seq_num + exercise:seq_num + (1 | part_id),359.682437,377.199675
sqrt(duration) ~ exercise + ai + seq_num + ai:seq_num + exercise:seq_num + (1 | stim_src_id),381.753874,399.271112
sqrt(duration) ~ exercise + ai + seq_num + ai:seq_num + exercise:seq_num + (1 + ai | part_id),360.478388,382.374935
sqrt(duration) ~ exercise + ai + seq_num + ai:seq_num + exercise:seq_num + (1 + exercise | part_id),358.924457,380.821004
sqrt(duration) ~ exercise + ai + seq_num + ai:seq_num + exercise:seq_num + (1 | part_id) + (1 | stim_src_id),360.854045,380.560938
sqrt(duration) ~ exercise + ai + seq_num + ai:seq_num + exercise:seq_num + (1 | stim_src_id) + (1 + ai | part_id),362.220680,386.306882
sqrt(duration) ~ exercise + ai + seq_num + ai:seq_num + exercise:seq_num + (1 | stim_src_id) + (1 + exercise | part_id),360.463668,384.549870
sqrt(duration) ~ exercise + ai + seq_num + exercise:ai + ai:seq_num + exercise:seq_num + (1 | part_id),361.400830,381.107723
sqrt(duration) ~ exercise + ai + seq_num + exercise:ai + ai:seq_num + exercise:seq_num + (1 | stim_src_id),382.709783,402.416676
sqrt(duration) ~ exercise + ai + seq_num + exercise:ai + ai:seq_num + exercise:seq_num + (1 + ai | part_id),361.756235,385.842437
sqrt(duration) ~ exercise + ai + seq_num + exercise:ai + ai:seq_num + exercise:seq_num + (1 + exercise | part_id),360.091170,384.177373
sqrt(duration) ~ exercise + ai + seq_num + exercise:ai + ai:seq_num + exercise:seq_num + (1 | part_id) + (1 | stim_src_id),362.751757,384.648304
sqrt(duration) ~ exercise + ai + seq_num + exercise:ai + ai:seq_num + exercise:seq_num + (1 | stim_src_id) + (1 + ai | part_id),363.691617,389.967474
sqrt(duration) ~ exercise + ai + seq_num + exercise:ai + ai:seq_num + exercise:seq_num + (1 | stim_src_id) + (1 + exercise | part_id),361.967373,388.243230
sqrt(duration) ~ exercise + ai + seq_num + project_name + (1 | part_id),358.353494,373.681077
sqrt(duration) ~ exercise + ai + seq_num + project_name + (1 | stim_src_id),380.230020,395.557603
sqrt(duration) ~ exercise + ai + seq_num + project_name + (1 + ai | part_id),359.645913,379.352806
sqrt(duration) ~ exercise + ai + seq_num + project_name + (1 + exercise | part_id),357.440043,377.146936
sqrt(duration) ~ exercise + ai + seq_num + project_name + (1 | part_id) + (1 | stim_src_id),358.992371,376.509609
sqrt(duration) ~ exercise + ai + seq_num + project_name + (1 | stim_src_id) + (1 + ai | part_id),360.865965,382.762513
sqrt(duration) ~ exercise + ai + seq_num + project_name + (1 | stim_src_id) + (1 + exercise | part_id),358.622488,380.519035
sqrt(duration) ~ exercise + ai + seq_num + project_name + exercise:ai + (1 | part_id),360.055037,377.572275
sqrt(duration) ~ exercise + ai + seq_num + project_name + exercise:ai + (1 | stim_src_id),381.685471,399.202709
sqrt(duration) ~ exercise + ai + seq_num + project_name + exercise:ai + (1 + ai | part_id),360.920122,382.816670
sqrt(duration) ~ exercise + ai + seq_num + project_name + exercise:ai + (1 + exercise | part_id),358.431392,380.327939
sqrt(duration) ~ exercise + ai + seq_num + project_name + exercise:ai + (1 | part_id) + (1 | stim_src_id),360.911525,380.618418
sqrt(duration) ~ exercise + ai + seq_num + project_name + exercise:ai + (1 | stim_src_id) + (1 + ai | part_id),362.488778,386.574980
sqrt(duration) ~ exercise + ai + seq_num + project_name + exercise:ai + (1 | stim_src_id) + (1 + exercise | part_id),360.158144,384.244346
sqrt(duration) ~ exercise + ai + seq_num + project_name + ai:seq_num + (1 | part_id),359.582984,377.100222
sqrt(duration) ~ exercise + ai + seq_num + project_name + ai:seq_num + (1 | stim_src_id),382.227435,399.744673
sqrt(duration) ~ exercise + ai + seq_num + project_name + ai:seq_num + (1 + ai | part_id),360.492725,382.389272
sqrt(duration) ~ exercise + ai + seq_num + project_name + ai:seq_num + (1 + exercise | part_id),358.799015,380.695563
sqrt(duration) ~ exercise + ai + seq_num + project_name + ai:seq_num + (1 | part_id) + (1 | stim_src_id),360.745169,380.452062
sqrt(duration) ~ exercise + ai + seq_num + project_name + ai:seq_num + (1 | stim_src_id) + (1 + ai | part_id),362.223124,386.309326
sqrt(duration) ~ exercise + ai + seq_num + project_name + ai:seq_num + (1 | stim_src_id) + (1 + exercise | part_id),360.415900,384.502102
sqrt(duration) ~ exercise + ai + seq_num + project_name + exercise:seq_num + (1 | part_id),360.330202,377.847440
sqrt(duration) ~ exercise + ai + seq_num + project_name + exercise:seq_num + (1 | stim_src_id),381.488413,399.005651
sqrt(duration) ~ exercise + ai + seq_num + project_name + exercise:seq_num + (1 + ai | part_id),361.645255,383.541802
sqrt(duration) ~ exercise + ai + seq_num + project_name + exercise:seq_num + (1 + exercise | part_id),359.241470,381.138018
sqrt(duration) ~ exercise + ai + seq_num + project_name + exercise:seq_num + (1 | part_id) + (1 | stim_src_id),360.986492,380.693385
sqrt(duration) ~ exercise + ai + seq_num + project_name + exercise:seq_num + (1 | stim_src_id) + (1 + ai | part_id),362.856305,386.942507
sqrt(duration) ~ exercise + ai + seq_num + project_name + exercise:seq_num + (1 | stim_src_id) + (1 + exercise | part_id),360.547441,384.633643
sqrt(duration) ~ exercise + ai + seq_num + project_name + exercise:ai + ai:seq_num + (1 | part_id),361.260278,380.967170
sqrt(duration) ~ exercise + ai + seq_num + project_name + exercise:ai + ai:seq_num + (1 | stim_src_id),383.682795,403.389688
sqrt(duration) ~ exercise + ai + seq_num + project_name + exercise:ai + ai:seq_num + (1 + ai | part_id),361.735768,385.821970
sqrt(duration) ~ exercise + ai + seq_num + project_name + exercise:ai + ai:seq_num + (1 + exercise | part_id),359.847146,383.933348
sqrt(duration) ~ exercise + ai + seq_num + project_name + exercise:ai + ai:seq_num + (1 | part_id) + (1 | stim_src_id),362.628577,384.525124
sqrt(duration) ~ exercise + ai + seq_num + project_name + exercise:ai + ai:seq_num + (1 | stim_src_id) + (1 + ai | part_id),363.680558,389.956415
sqrt(duration) ~ exercise + ai + seq_num + project_name + exercise:ai + ai:seq_num + (1 | stim_src_id) + (1 + exercise | part_id),361.807656,388.083513
sqrt(duration) ~ exercise + ai + seq_num + project_name + exercise:ai + exercise:seq_num + (1 | part_id),362.043548,381.750440
sqrt(duration) ~ exercise + ai + seq_num + project_name + exercise:ai + exercise:seq_num + (1 | stim_src_id),382.282839,401.989732
sqrt(duration) ~ exercise + ai + seq_num + project_name + exercise:ai + exercise:seq_num + (1 + ai | part_id),362.912317,386.998519
sqrt(duration) ~ exercise + ai + seq_num + project_name + exercise:ai + exercise:seq_num + (1 + exercise | part_id),360.288741,384.374943
sqrt(duration) ~ exercise + ai + seq_num + project_name + exercise:ai + exercise:seq_num + (1 | part_id) + (1 | stim_src_id),362.907877,384.804424
sqrt(duration) ~ exercise + ai + seq_num + project_name + exercise:ai + exercise:seq_num + (1 | stim_src_id) + (1 + ai | part_id),364.464720,390.740577
sqrt(duration) ~ exercise + ai + seq_num + project_name + exercise:ai + exercise:seq_num + (1 | stim_src_id) + (1 + exercise | part_id),362.084016,388.359872
sqrt(duration) ~ exercise + ai + seq_num + project_name + ai:seq_num + exercise:seq_num + (1 | part_id),361.498988,381.205881
sqrt(duration) ~ exercise + ai + seq_num + project_name + ai:seq_num + exercise:seq_num + (1 | stim_src_id),383.471687,403.178580
sqrt(duration) ~ exercise + ai + seq_num + project_name + ai:seq_num + exercise:seq_num + (1 + ai | part_id),362.459197,386.545399
sqrt(duration) ~ exercise + ai + seq_num + project_name + ai:seq_num + exercise:seq_num + (1 + exercise | part_id),360.517197,384.603399
sqrt(duration) ~ exercise + ai + seq_num + project_name + ai:seq_num + exercise:seq_num + (1 | part_id) + (1 | stim_src_id),362.715073,384.611620
sqrt(duration) ~ exercise + ai + seq_num + project_name + ai:seq_num + exercise:seq_num + (1 | stim_src_id) + (1 + ai | part_id),364.218437,390.494294
sqrt(duration) ~ exercise + ai + seq_num + project_name + ai:seq_num + exercise:seq_num + (1 | stim_src_id) + (1 + exercise | part_id),362.280311,388.556168
sqrt(duration) ~ exercise + ai + seq_num + project_name + exercise:ai + ai:seq_num + exercise:seq_num + (1 | part_id),363.198250,385.094797
sqrt(duration) ~ exercise + ai + seq_num + project_name + exercise:ai + ai:seq_num + exercise:seq_num + (1 | stim_src_id),384.263433,406.159981
sqrt(duration) ~ exercise + ai + seq_num + project_name + exercise:ai + ai:seq_num + exercise:seq_num + (1 + ai | part_id),363.729277,390.005134
sqrt(duration) ~ exercise + ai + seq_num + project_name + exercise:ai + ai:seq_num + exercise:seq_num + (1 + exercise | part_id),361.631286,387.907143
sqrt(duration) ~ exercise + ai + seq_num + project_name + exercise:ai + ai:seq_num + exercise:seq_num + (1 | part_id) + (1 | stim_src_id),364.602504,388.688706
sqrt(duration) ~ exercise + ai + seq_num + project_name + exercise:ai + ai:seq_num + exercise:seq_num + (1 | stim_src_id) + (1 + ai | part_id),365.679444,394.144955
sqrt(duration) ~ exercise + ai + seq_num + project_name + exercise:ai + ai:seq_num + exercise:seq_num + (1 | stim_src_id) + (1 + exercise | part_id),363.629956,392.095467
sqrt(duration) ~ exercise + ai + seq_num + ipaq_category + (1 | part_id),356.603089,374.120327
sqrt(duration) ~ exercise + ai + seq_num + ipaq_category + (1 | stim_src_id),377.844209,395.361447
sqrt(duration) ~ exercise + ai + seq_num + ipaq_category + (1 + ai | part_id),358.010409,379.906956
sqrt(duration) ~ exercise + ai + seq_num + ipaq_category + (1 + exercise | part_id),356.226596,378.123144
sqrt(duration) ~ exercise + ai + seq_num + ipaq_category + (1 | part_id) + (1 | stim_src_id),357.496372,377.203265
sqrt(duration) ~ exercise + ai + seq_num + ipaq_category + (1 | stim_src_id) + (1 + ai | part_id),359.231009,383.317211
sqrt(duration) ~ exercise + ai + seq_num + ipaq_category + (1 | stim_src_id) + (1 + exercise | part_id),357.375450,381.461653
sqrt(duration) ~ exercise + ai + seq_num + ipaq_category + exercise:ai + (1 | part_id),358.570166,378.277058
sqrt(duration) ~ exercise + ai + seq_num + ipaq_category + exercise:ai + (1 | stim_src_id),379.726413,399.433305
sqrt(duration) ~ exercise + ai + seq_num + ipaq_category + exercise:ai + (1 + ai | part_id),359.846252,383.932454
sqrt(duration) ~ exercise + ai + seq_num + ipaq_category + exercise:ai + (1 + exercise | part_id),357.918271,382.004473
sqrt(duration) ~ exercise + ai + seq_num + ipaq_category + exercise:ai + (1 | part_id) + (1 | stim_src_id),359.494682,381.391229
sqrt(duration) ~ exercise + ai + seq_num + ipaq_category + exercise:ai + (1 | stim_src_id) + (1 + ai | part_id),361.193794,387.469651
sqrt(duration) ~ exercise + ai + seq_num + ipaq_category + exercise:ai + (1 | stim_src_id) + (1 + exercise | part_id),359.298627,385.574484
sqrt(duration) ~ exercise + ai + seq_num + ipaq_category + exercise:ipaq_category + (1 | part_id),360.370330,382.266878
sqrt(duration) ~ exercise + ai + seq_num + ipaq_category + exercise:ipaq_category + (1 | stim_src_id),380.979750,402.876298
sqrt(duration) ~ exercise + ai + seq_num + ipaq_category + exercise:ipaq_category + (1 + ai | part_id),361.808905,388.084762
sqrt(duration) ~ exercise + ai + seq_num + ipaq_category + exercise:ipaq_category + (1 + exercise | part_id),360.004227,386.280084
sqrt(duration) ~ exercise + ai + seq_num + ipaq_category + exercise:ipaq_category + (1 | part_id) + (1 | stim_src_id),361.274861,385.361063
sqrt(duration) ~ exercise + ai + seq_num + ipaq_category + exercise:ipaq_category + (1 | stim_src_id) + (1 + ai | part_id),363.038725,391.504236
sqrt(duration) ~ exercise + ai + seq_num + ipaq_category + exercise:ipaq_category + (1 | stim_src_id) + (1 + exercise | part_id),361.173959,389.639471
sqrt(duration) ~ exercise + ai + seq_num + ipaq_category + ai:seq_num + (1 | part_id),358.135162,377.842055
sqrt(duration) ~ exercise + ai + seq_num + ipaq_category + ai:seq_num + (1 | stim_src_id),379.842677,399.549569
sqrt(duration) ~ exercise + ai + seq_num + ipaq_category + ai:seq_num + (1 + ai | part_id),359.103219,383.189421
sqrt(duration) ~ exercise + ai + seq_num + ipaq_category + ai:seq_num + (1 + exercise | part_id),357.809716,381.895919
sqrt(duration) ~ exercise + ai + seq_num + ipaq_category + ai:seq_num + (1 | part_id) + (1 | stim_src_id),359.377282,381.273829
sqrt(duration) ~ exercise + ai + seq_num + ipaq_category + ai:seq_num + (1 | stim_src_id) + (1 + ai | part_id),360.777468,387.053325
sqrt(duration) ~ exercise + ai + seq_num + ipaq_category + ai:seq_num + (1 | stim_src_id) + (1 + exercise | part_id),359.290201,385.566058
sqrt(duration) ~ exercise + ai + seq_num + ipaq_category + exercise:seq_num + (1 | part_id),358.414664,378.121556
sqrt(duration) ~ exercise + ai + seq_num + ipaq_category + exercise:seq_num + (1 | stim_src_id),377.616516,397.323408
sqrt(duration) ~ exercise + ai + seq_num + ipaq_category + exercise:seq_num + (1 + ai | part_id),359.540011,383.626213
sqrt(duration) ~ exercise + ai + seq_num + ipaq_category + exercise:seq_num + (1 + exercise | part_id),358.086775,382.172977
sqrt(duration) ~ exercise + ai + seq_num + ipaq_category + exercise:seq_num + (1 | part_id) + (1 | stim_src_id),359.276743,381.173291
sqrt(duration) ~ exercise + ai + seq_num + ipaq_category + exercise:seq_num + (1 | stim_src_id) + (1 + ai | part_id),360.598728,386.874585
sqrt(duration) ~ exercise + ai + seq_num + ipaq_category + exercise:seq_num + (1 | stim_src_id) + (1 + exercise | part_id),359.216300,385.492157
sqrt(duration) ~ exercise + ai + seq_num + ipaq_category + exercise:ai + exercise:ipaq_category + (1 | part_id),362.336054,386.422256
sqrt(duration) ~ exercise + ai + seq_num + ipaq_category + exercise:ai + exercise:ipaq_category + (1 | stim_src_id),382.842769,406.928971
sqrt(duration) ~ exercise + ai + seq_num + ipaq_category + exercise:ai + exercise:ipaq_category + (1 + ai | part_id),363.653907,392.119418
sqrt(duration) ~ exercise + ai + seq_num + ipaq_category + exercise:ai + exercise:ipaq_category + (1 + exercise | part_id),361.725764,390.191275
sqrt(duration) ~ exercise + ai + seq_num + ipaq_category + exercise:ai + exercise:ipaq_category + (1 | part_id) + (1 | stim_src_id),363.273617,389.549474
sqrt(duration) ~ exercise + ai + seq_num + ipaq_category + exercise:ai + exercise:ipaq_category + (1 | stim_src_id) + (1 + ai | part_id),365.004697,395.659864
sqrt(duration) ~ exercise + ai + seq_num + ipaq_category + exercise:ai + exercise:ipaq_category + (1 | stim_src_id) + (1 + exercise | part_id),363.109309,393.764475
sqrt(duration) ~ exercise + ai + seq_num + ipaq_category + exercise:ai + ai:seq_num + (1 | part_id),360.078058,381.974606
sqrt(duration) ~ exercise + ai + seq_num + ipaq_category + exercise:ai + ai:seq_num + (1 | stim_src_id),381.725023,403.621571
sqrt(duration) ~ exercise + ai + seq_num + ipaq_category + exercise:ai + ai:seq_num + (1 + ai | part_id),360.862192,387.138049
sqrt(duration) ~ exercise + ai + seq_num + ipaq_category + exercise:ai + ai:seq_num + (1 + exercise | part_id),359.484561,385.760418
sqrt(duration) ~ exercise + ai + seq_num + ipaq_category + exercise:ai + ai:seq_num + (1 | part_id) + (1 | stim_src_id),361.377062,385.463264
sqrt(duration) ~ exercise + ai + seq_num + ipaq_category + exercise:ai + ai:seq_num + (1 | stim_src_id) + (1 + ai | part_id),362.668596,391.134108
sqrt(duration) ~ exercise + ai + seq_num + ipaq_category + exercise:ai + ai:seq_num + (1 | stim_src_id) + (1 + exercise | part_id),361.177600,389.643112
sqrt(duration) ~ exercise + ai + seq_num + ipaq_category + exercise:ai + exercise:seq_num + (1 | part_id),360.369681,382.266228
sqrt(duration) ~ exercise + ai + seq_num + ipaq_category + exercise:ai + exercise:seq_num + (1 | stim_src_id),378.867769,400.764316
sqrt(duration) ~ exercise + ai + seq_num + ipaq_category + exercise:ai + exercise:seq_num + (1 + ai | part_id),361.301406,387.577263
sqrt(duration) ~ exercise + ai + seq_num + ipaq_category + exercise:ai + exercise:seq_num + (1 + exercise | part_id),359.755411,386.031268
sqrt(duration) ~ exercise + ai + seq_num + ipaq_category + exercise:ai + exercise:seq_num + (1 | part_id) + (1 | stim_src_id),361.276527,385.362729
sqrt(duration) ~ exercise + ai + seq_num + ipaq_category + exercise:ai + exercise:seq_num + (1 | stim_src_id) + (1 + ai | part_id),362.528074,390.993586
sqrt(duration) ~ exercise + ai + seq_num + ipaq_category + exercise:ai + exercise:seq_num + (1 | stim_src_id) + (1 + exercise | part_id),361.127325,389.592837
sqrt(duration) ~ exercise + ai + seq_num + ipaq_category + exercise:ipaq_category + ai:seq_num + (1 | part_id),361.856791,385.942993
sqrt(duration) ~ exercise + ai + seq_num + ipaq_category + exercise:ipaq_category + ai:seq_num + (1 | stim_src_id),382.965299,407.051501
sqrt(duration) ~ exercise + ai + seq_num + ipaq_category + exercise:ipaq_category + ai:seq_num + (1 + ai | part_id),362.889626,391.355138
sqrt(duration) ~ exercise + ai + seq_num + ipaq_category + exercise:ipaq_category + ai:seq_num + (1 + exercise | part_id),361.581091,390.046602
sqrt(duration) ~ exercise + ai + seq_num + ipaq_category + exercise:ipaq_category + ai:seq_num + (1 | part_id) + (1 | stim_src_id),363.127012,389.402868
sqrt(duration) ~ exercise + ai + seq_num + ipaq_category + exercise:ipaq_category + ai:seq_num + (1 | stim_src_id) + (1 + ai | part_id),364.567081,395.222248
sqrt(duration) ~ exercise + ai + seq_num + ipaq_category + exercise:ipaq_category + ai:seq_num + (1 | stim_src_id) + (1 + exercise | part_id),363.076925,393.732092
sqrt(duration) ~ exercise + ai + seq_num + ipaq_category + exercise:ipaq_category + exercise:seq_num + (1 | part_id),362.228791,386.314993
sqrt(duration) ~ exercise + ai + seq_num + ipaq_category + exercise:ipaq_category + exercise:seq_num + (1 | stim_src_id),380.587137,404.673339
sqrt(duration) ~ exercise + ai + seq_num + ipaq_category + exercise:ipaq_category + exercise:seq_num + (1 + ai | part_id),363.416226,391.881738
sqrt(duration) ~ exercise + ai + seq_num + ipaq_category + exercise:ipaq_category + exercise:seq_num + (1 + exercise | part_id),361.911330,390.376842
sqrt(duration) ~ exercise + ai + seq_num + ipaq_category + exercise:ipaq_category + exercise:seq_num + (1 | part_id) + (1 | stim_src_id),363.102920,389.378777
sqrt(duration) ~ exercise + ai + seq_num + ipaq_category + exercise:ipaq_category + exercise:seq_num + (1 | stim_src_id) + (1 + ai | part_id),364.486973,395.142140
sqrt(duration) ~ exercise + ai + seq_num + ipaq_category + exercise:ipaq_category + exercise:seq_num + (1 | stim_src_id) + (1 + exercise | part_id),363.055836,393.711002
sqrt(duration) ~ exercise + ai + seq_num + ipaq_category + ai:seq_num + exercise:seq_num + (1 | part_id),360.039757,381.936305
sqrt(duration) ~ exercise + ai + seq_num + ipaq_category + ai:seq_num + exercise:seq_num + (1 | stim_src_id),379.590250,401.486798
sqrt(duration) ~ exercise + ai + seq_num + ipaq_category + ai:seq_num + exercise:seq_num + (1 + ai | part_id),360.821532,387.097389
sqrt(duration) ~ exercise + ai + seq_num + ipaq_category + ai:seq_num + exercise:seq_num + (1 + exercise | part_id),359.738586,386.014443
sqrt(duration) ~ exercise + ai + seq_num + ipaq_category + ai:seq_num + exercise:seq_num + (1 | part_id) + (1 | stim_src_id),361.215056,385.301258
sqrt(duration) ~ exercise + ai + seq_num + ipaq_category + ai:seq_num + exercise:seq_num + (1 | stim_src_id) + (1 + ai | part_id),362.345682,390.811194
sqrt(duration) ~ exercise + ai + seq_num + ipaq_category + ai:seq_num + exercise:seq_num + (1 | stim_src_id) + (1 + exercise | part_id),361.166984,389.632496
sqrt(duration) ~ exercise + ai + seq_num + ipaq_category + exercise:ai + exercise:ipaq_category + ai:seq_num + (1 | part_id),363.792427,390.068284
sqrt(duration) ~ exercise + ai + seq_num + ipaq_category + exercise:ai + exercise:ipaq_category + ai:seq_num + (1 | stim_src_id),384.828000,411.103857
sqrt(duration) ~ exercise + ai + seq_num + ipaq_category + exercise:ai + exercise:ipaq_category + ai:seq_num + (1 + ai | part_id),364.648717,395.303884
sqrt(duration) ~ exercise + ai + seq_num + ipaq_category + exercise:ai + exercise:ipaq_category + ai:seq_num + (1 + exercise | part_id),363.276902,393.932068
sqrt(duration) ~ exercise + ai + seq_num + ipaq_category + exercise:ai + exercise:ipaq_category + ai:seq_num + (1 | part_id) + (1 | stim_src_id),365.126102,393.591614
sqrt(duration) ~ exercise + ai + seq_num + ipaq_category + exercise:ai + exercise:ipaq_category + ai:seq_num + (1 | stim_src_id) + (1 + ai | part_id),366.458081,399.302903
sqrt(duration) ~ exercise + ai + seq_num + ipaq_category + exercise:ai + exercise:ipaq_category + ai:seq_num + (1 | stim_src_id) + (1 + exercise | part_id),364.975397,397.820218
sqrt(duration) ~ exercise + ai + seq_num + ipaq_category + exercise:ai + exercise:ipaq_category + exercise:seq_num + (1 | part_id),364.183265,390.459122
sqrt(duration) ~ exercise + ai + seq_num + ipaq_category + exercise:ai + exercise:ipaq_category + exercise:seq_num + (1 | stim_src_id),381.742786,408.018643
sqrt(duration) ~ exercise + ai + seq_num + ipaq_category + exercise:ai + exercise:ipaq_category + exercise:seq_num + (1 + ai | part_id),365.187919,395.843085
sqrt(duration) ~ exercise + ai + seq_num + ipaq_category + exercise:ai + exercise:ipaq_category + exercise:seq_num + (1 + exercise | part_id),363.605845,394.261012
sqrt(duration) ~ exercise + ai + seq_num + ipaq_category + exercise:ai + exercise:ipaq_category + exercise:seq_num + (1 | part_id) + (1 | stim_src_id),365.102798,393.568310
sqrt(duration) ~ exercise + ai + seq_num + ipaq_category + exercise:ai + exercise:ipaq_category + exercise:seq_num + (1 | stim_src_id) + (1 + ai | part_id),366.418867,399.263688
sqrt(duration) ~ exercise + ai + seq_num + ipaq_category + exercise:ai + exercise:ipaq_category + exercise:seq_num + (1 | stim_src_id) + (1 + exercise | part_id),364.977482,397.822303
sqrt(duration) ~ exercise + ai + seq_num + ipaq_category + exercise:ai + ai:seq_num + exercise:seq_num + (1 | part_id),361.975042,386.061244
sqrt(duration) ~ exercise + ai + seq_num + ipaq_category + exercise:ai + ai:seq_num + exercise:seq_num + (1 | stim_src_id),380.838598,404.924800
sqrt(duration) ~ exercise + ai + seq_num + ipaq_category + exercise:ai + ai:seq_num + exercise:seq_num + (1 + ai | part_id),362.525728,390.991240
sqrt(duration) ~ exercise + ai + seq_num + ipaq_category + exercise:ai + ai:seq_num + exercise:seq_num + (1 + exercise | part_id),361.398426,389.863938
sqrt(duration) ~ exercise + ai + seq_num + ipaq_category + exercise:ai + ai:seq_num + exercise:seq_num + (1 | part_id) + (1 | stim_src_id),363.214525,389.490382
sqrt(duration) ~ exercise + ai + seq_num + ipaq_category + exercise:ai + ai:seq_num + exercise:seq_num + (1 | stim_src_id) + (1 + ai | part_id),364.217958,394.873124
sqrt(duration) ~ exercise + ai + seq_num + ipaq_category + exercise:ai + ai:seq_num + exercise:seq_num + (1 | stim_src_id) + (1 + exercise | part_id),363.051102,393.706268
sqrt(duration) ~ exercise + ai + seq_num + ipaq_category + exercise:ipaq_category + ai:seq_num + exercise:seq_num + (1 | part_id),363.796913,390.072770
sqrt(duration) ~ exercise + ai + seq_num + ipaq_category + exercise:ipaq_category + ai:seq_num + exercise:seq_num + (1 | stim_src_id),382.587136,408.862993
sqrt(duration) ~ exercise + ai + seq_num + ipaq_category + exercise:ipaq_category + ai:seq_num + exercise:seq_num + (1 + ai | part_id),364.659013,395.314179
sqrt(duration) ~ exercise + ai + seq_num + ipaq_category + exercise:ipaq_category + ai:seq_num + exercise:seq_num + (1 + exercise | part_id),363.538554,394.193721
sqrt(duration) ~ exercise + ai + seq_num + ipaq_category + exercise:ipaq_category + ai:seq_num + exercise:seq_num + (1 | part_id) + (1 | stim_src_id),365.011966,393.477478
sqrt(duration) ~ exercise + ai + seq_num + ipaq_category + exercise:ipaq_category + ai:seq_num + exercise:seq_num + (1 | stim_src_id) + (1 + ai | part_id),366.198906,399.043727
sqrt(duration) ~ exercise + ai + seq_num + ipaq_category + exercise:ipaq_category + ai:seq_num + exercise:seq_num + (1 | stim_src_id) + (1 + exercise | part_id),364.990394,397.835215
sqrt(duration) ~ exercise + ai + seq_num + ipaq_category + exercise:ai + exercise:ipaq_category + ai:seq_num + exercise:seq_num + (1 | part_id),365.725897,394.191408
sqrt(duration) ~ exercise + ai + seq_num + ipaq_category + exercise:ai + exercise:ipaq_category + ai:seq_num + exercise:seq_num + (1 | stim_src_id),383.742679,412.208190
sqrt(duration) ~ exercise + ai + seq_num + ipaq_category + exercise:ai + exercise:ipaq_category + ai:seq_num + exercise:seq_num + (1 + ai | part_id),366.362061,399.206882
sqrt(duration) ~ exercise + ai + seq_num + ipaq_category + exercise:ai + exercise:ipaq_category + ai:seq_num + exercise:seq_num + (1 + exercise | part_id),365.217025,398.061846
sqrt(duration) ~ exercise + ai + seq_num + ipaq_category + exercise:ai + exercise:ipaq_category + ai:seq_num + exercise:seq_num + (1 | part_id) + (1 | stim_src_id),367.010575,397.665742
sqrt(duration) ~ exercise + ai + seq_num + ipaq_category + exercise:ai + exercise:ipaq_category + ai:seq_num + exercise:seq_num + (1 | stim_src_id) + (1 + ai | part_id),368.067295,403.101771
sqrt(duration) ~ exercise + ai + seq_num + ipaq_category + exercise:ai + exercise:ipaq_category + ai:seq_num + exercise:seq_num + (1 | stim_src_id) + (1 + exercise | part_id),366.881977,401.916453
sqrt(duration) ~ exercise + ai + seq_num + occupation + (1 | part_id),358.337338,380.233885
sqrt(duration) ~ exercise + ai + seq_num + occupation + (1 | stim_src_id),380.031138,401.927686
sqrt(duration) ~ exercise + ai + seq_num + occupation + (1 + ai | part_id),360.859200,387.135057
sqrt(duration) ~ exercise + ai + seq_num + occupation + (1 + exercise | part_id),360.315870,386.591727
sqrt(duration) ~ exercise + ai + seq_num + occupation + (1 | part_id) + (1 | stim_src_id),359.206050,383.292253
sqrt(duration) ~ exercise + ai + seq_num + occupation + (1 | stim_src_id) + (1 + ai | part_id),361.971048,390.436560
sqrt(duration) ~ exercise + ai + seq_num + occupation + (1 | stim_src_id) + (1 + exercise | part_id),361.319844,389.785355
sqrt(duration) ~ exercise + ai + seq_num + occupation + exercise:ai + (1 | part_id),358.623682,382.709884
sqrt(duration) ~ exercise + ai + seq_num + occupation + exercise:ai + (1 | stim_src_id),379.842775,403.928977
sqrt(duration) ~ exercise + ai + seq_num + occupation + exercise:ai + (1 + ai | part_id),360.962653,389.428165
sqrt(duration) ~ exercise + ai + seq_num + occupation + exercise:ai + (1 + exercise | part_id),360.168210,388.633722
sqrt(duration) ~ exercise + ai + seq_num + occupation + exercise:ai + (1 | part_id) + (1 | stim_src_id),360.096132,386.371989
sqrt(duration) ~ exercise + ai + seq_num + occupation + exercise:ai + (1 | stim_src_id) + (1 + ai | part_id),362.641355,393.296522
sqrt(duration) ~ exercise + ai + seq_num + occupation + exercise:ai + (1 | stim_src_id) + (1 + exercise | part_id),361.897118,392.552284
sqrt(duration) ~ exercise + ai + seq_num + occupation + ai:seq_num + (1 | part_id),358.628894,382.715096
sqrt(duration) ~ exercise + ai + seq_num + occupation + ai:seq_num + (1 | stim_src_id),381.726719,405.812921
sqrt(duration) ~ exercise + ai + seq_num + occupation + ai:seq_num + (1 + ai | part_id),360.727577,389.193089
sqrt(duration) ~ exercise + ai + seq_num + occupation + ai:seq_num + (1 + exercise | part_id),360.555571,389.021083
sqrt(duration) ~ exercise + ai + seq_num + occupation + ai:seq_num + (1 | part_id) + (1 | stim_src_id),360.284621,386.560478
sqrt(duration) ~ exercise + ai + seq_num + occupation + ai:seq_num + (1 | stim_src_id) + (1 + ai | part_id),362.550700,393.205866
sqrt(duration) ~ exercise + ai + seq_num + occupation + ai:seq_num + (1 | stim_src_id) + (1 + exercise | part_id),362.328765,392.983931
sqrt(duration) ~ exercise + ai + seq_num + occupation + exercise:seq_num + (1 | part_id),360.309663,384.395865
sqrt(duration) ~ exercise + ai + seq_num + occupation + exercise:seq_num + (1 | stim_src_id),381.251460,405.337662
sqrt(duration) ~ exercise + ai + seq_num + occupation + exercise:seq_num + (1 + ai | part_id),362.859170,391.324682
sqrt(duration) ~ exercise + ai + seq_num + occupation + exercise:seq_num + (1 + exercise | part_id),362.293299,390.758810
sqrt(duration) ~ exercise + ai + seq_num + occupation + exercise:seq_num + (1 | part_id) + (1 | stim_src_id),361.205906,387.481763
sqrt(duration) ~ exercise + ai + seq_num + occupation + exercise:seq_num + (1 | stim_src_id) + (1 + ai | part_id),363.942814,394.597980
sqrt(duration) ~ exercise + ai + seq_num + occupation + exercise:seq_num + (1 | stim_src_id) + (1 + exercise | part_id),363.316134,393.971301
sqrt(duration) ~ exercise + ai + seq_num + occupation + exercise:ai + ai:seq_num + (1 | part_id),358.578996,384.854853
sqrt(duration) ~ exercise + ai + seq_num + occupation + exercise:ai + ai:seq_num + (1 | stim_src_id),381.233266,407.509123
sqrt(duration) ~ exercise + ai + seq_num + occupation + exercise:ai + ai:seq_num + (1 + ai | part_id),360.489984,391.145150
sqrt(duration) ~ exercise + ai + seq_num + occupation + exercise:ai + ai:seq_num + (1 + exercise | part_id),360.101543,390.756709
sqrt(duration) ~ exercise + ai + seq_num + occupation + exercise:ai + ai:seq_num + (1 | part_id) + (1 | stim_src_id),360.577161,389.042673
sqrt(duration) ~ exercise + ai + seq_num + occupation + exercise:ai + ai:seq_num + (1 | stim_src_id) + (1 + ai | part_id),362.489984,395.334805
sqrt(duration) ~ exercise + ai + seq_num + occupation + exercise:ai + ai:seq_num + (1 | stim_src_id) + (1 + exercise | part_id),362.101543,394.946364
sqrt(duration) ~ exercise + ai + seq_num + occupation + exercise:ai + exercise:seq_num + (1 | part_id),360.622529,386.898386
sqrt(duration) ~ exercise + ai + seq_num + occupation + exercise:ai + exercise:seq_num + (1 | stim_src_id),380.157148,406.433005
sqrt(duration) ~ exercise + ai + seq_num + occupation + exercise:ai + exercise:seq_num + (1 + ai | part_id),362.936151,393.591317
sqrt(duration) ~ exercise + ai + seq_num + occupation + exercise:ai + exercise:seq_num + (1 + exercise | part_id),362.167198,392.822365
sqrt(duration) ~ exercise + ai + seq_num + occupation + exercise:ai + exercise:seq_num + (1 | part_id) + (1 | stim_src_id),362.093301,390.558813
sqrt(duration) ~ exercise + ai + seq_num + occupation + exercise:ai + exercise:seq_num + (1 | stim_src_id) + (1 + ai | part_id),364.579743,397.424564
sqrt(duration) ~ exercise + ai + seq_num + occupation + exercise:ai + exercise:seq_num + (1 | stim_src_id) + (1 + exercise | part_id),363.896751,396.741572
sqrt(duration) ~ exercise + ai + seq_num + occupation + ai:seq_num + exercise:seq_num + (1 | part_id),360.512008,386.787865
sqrt(duration) ~ exercise + ai + seq_num + occupation + ai:seq_num + exercise:seq_num + (1 | stim_src_id),383.090105,409.365962
sqrt(duration) ~ exercise + ai + seq_num + occupation + ai:seq_num + exercise:seq_num + (1 + ai | part_id),362.689253,393.344419
sqrt(duration) ~ exercise + ai + seq_num + occupation + ai:seq_num + exercise:seq_num + (1 + exercise | part_id),362.464749,393.119915
sqrt(duration) ~ exercise + ai + seq_num + occupation + ai:seq_num + exercise:seq_num + (1 | part_id) + (1 | stim_src_id),362.235075,390.700586
sqrt(duration) ~ exercise + ai + seq_num + occupation + ai:seq_num + exercise:seq_num + (1 | stim_src_id) + (1 + ai | part_id),364.541702,397.386523
sqrt(duration) ~ exercise + ai + seq_num + occupation + ai:seq_num + exercise:seq_num + (1 | stim_src_id) + (1 + exercise | part_id),364.281626,397.126447
sqrt(duration) ~ exercise + ai + seq_num + occupation + exercise:ai + ai:seq_num + exercise:seq_num + (1 | part_id),360.530841,388.996352
sqrt(duration) ~ exercise + ai + seq_num + occupation + exercise:ai + ai:seq_num + exercise:seq_num + (1 | stim_src_id),381.815194,410.280705
sqrt(duration) ~ exercise + ai + seq_num + occupation + exercise:ai + ai:seq_num + exercise:seq_num + (1 + ai | part_id),362.486840,395.331661
sqrt(duration) ~ exercise + ai + seq_num + occupation + exercise:ai + ai:seq_num + exercise:seq_num + (1 + exercise | part_id),362.062444,394.907266
sqrt(duration) ~ exercise + ai + seq_num + occupation + exercise:ai + ai:seq_num + exercise:seq_num + (1 | part_id) + (1 | stim_src_id),362.530841,393.186007
sqrt(duration) ~ exercise + ai + seq_num + occupation + exercise:ai + ai:seq_num + exercise:seq_num + (1 | stim_src_id) + (1 + ai | part_id),364.486840,399.521316
sqrt(duration) ~ exercise + ai + seq_num + occupation + exercise:ai + ai:seq_num + exercise:seq_num + (1 | stim_src_id) + (1 + exercise | part_id),364.062444,399.096920
sqrt(duration) ~ exercise + ai + seq_num + project_name + ipaq_category + (1 | part_id),358.578108,378.285001
sqrt(duration) ~ exercise + ai + seq_num + project_name + ipaq_category + (1 | stim_src_id),379.835911,399.542804
sqrt(duration) ~ exercise + ai + seq_num + project_name + ipaq_category + (1 + ai | part_id),359.809519,383.895721
sqrt(duration) ~ exercise + ai + seq_num + project_name + ipaq_category + (1 + exercise | part_id),357.454358,381.540560
sqrt(duration) ~ exercise + ai + seq_num + project_name + ipaq_category + (1 | part_id) + (1 | stim_src_id),359.478011,381.374559
sqrt(duration) ~ exercise + ai + seq_num + project_name + ipaq_category + (1 | stim_src_id) + (1 + ai | part_id),361.127718,387.403575
sqrt(duration) ~ exercise + ai + seq_num + project_name + ipaq_category + (1 | stim_src_id) + (1 + exercise | part_id),359.003965,385.279822
sqrt(duration) ~ exercise + ai + seq_num + project_name + ipaq_category + exercise:ai + (1 | part_id),360.542756,382.439303
sqrt(duration) ~ exercise + ai + seq_num + project_name + ipaq_category + exercise:ai + (1 | stim_src_id),381.721151,403.617699
sqrt(duration) ~ exercise + ai + seq_num + project_name + ipaq_category + exercise:ai + (1 + ai | part_id),361.633142,387.908999
sqrt(duration) ~ exercise + ai + seq_num + project_name + ipaq_category + exercise:ai + (1 + exercise | part_id),359.100705,385.376562
sqrt(duration) ~ exercise + ai + seq_num + project_name + ipaq_category + exercise:ai + (1 | part_id) + (1 | stim_src_id),361.476623,385.562825
sqrt(duration) ~ exercise + ai + seq_num + project_name + ipaq_category + exercise:ai + (1 | stim_src_id) + (1 + ai | part_id),363.082196,391.547708
sqrt(duration) ~ exercise + ai + seq_num + project_name + ipaq_category + exercise:ai + (1 | stim_src_id) + (1 + exercise | part_id),360.869255,389.334767
sqrt(duration) ~ exercise + ai + seq_num + project_name + ipaq_category + exercise:ipaq_category + (1 | part_id),362.340071,386.426273
sqrt(duration) ~ exercise + ai + seq_num + project_name + ipaq_category + exercise:ipaq_category + (1 | stim_src_id),382.955314,407.041516
sqrt(duration) ~ exercise + ai + seq_num + project_name + ipaq_category + exercise:ipaq_category + (1 + ai | part_id),363.621199,392.086711
sqrt(duration) ~ exercise + ai + seq_num + project_name + ipaq_category + exercise:ipaq_category + (1 + exercise | part_id),361.255544,389.721055
sqrt(duration) ~ exercise + ai + seq_num + project_name + ipaq_category + exercise:ipaq_category + (1 | part_id) + (1 | stim_src_id),363.251943,389.527800
sqrt(duration) ~ exercise + ai + seq_num + project_name + ipaq_category + exercise:ipaq_category + (1 | stim_src_id) + (1 + ai | part_id),364.945963,395.601130
sqrt(duration) ~ exercise + ai + seq_num + project_name + ipaq_category + exercise:ipaq_category + (1 | stim_src_id) + (1 + exercise | part_id),362.819447,393.474614
sqrt(duration) ~ exercise + ai + seq_num + project_name + ipaq_category + ai:seq_num + (1 | part_id),360.088688,381.985236
sqrt(duration) ~ exercise + ai + seq_num + project_name + ipaq_category + ai:seq_num + (1 | stim_src_id),381.834078,403.730626
sqrt(duration) ~ exercise + ai + seq_num + project_name + ipaq_category + ai:seq_num + (1 + ai | part_id),360.986017,387.261874
sqrt(duration) ~ exercise + ai + seq_num + project_name + ipaq_category + ai:seq_num + (1 + exercise | part_id),359.197226,385.473083
sqrt(duration) ~ exercise + ai + seq_num + project_name + ipaq_category + ai:seq_num + (1 | part_id) + (1 | stim_src_id),361.346577,385.432780
sqrt(duration) ~ exercise + ai + seq_num + project_name + ipaq_category + ai:seq_num + (1 | stim_src_id) + (1 + ai | part_id),362.705460,391.170972
sqrt(duration) ~ exercise + ai + seq_num + project_name + ipaq_category + ai:seq_num + (1 | stim_src_id) + (1 + exercise | part_id),360.934012,389.399524
sqrt(duration) ~ exercise + ai + seq_num + project_name + ipaq_category + exercise:seq_num + (1 | part_id),360.331640,382.228187
sqrt(duration) ~ exercise + ai + seq_num + project_name + ipaq_category + exercise:seq_num + (1 | stim_src_id),379.614684,401.511232
sqrt(duration) ~ exercise + ai + seq_num + project_name + ipaq_category + exercise:seq_num + (1 + ai | part_id),361.470491,387.746348
sqrt(duration) ~ exercise + ai + seq_num + project_name + ipaq_category + exercise:seq_num + (1 + exercise | part_id),359.451113,385.726970
sqrt(duration) ~ exercise + ai + seq_num + project_name + ipaq_category + exercise:seq_num + (1 | part_id) + (1 | stim_src_id),361.204012,385.290214
sqrt(duration) ~ exercise + ai + seq_num + project_name + ipaq_category + exercise:seq_num + (1 | stim_src_id) + (1 + ai | part_id),362.588889,391.054401
sqrt(duration) ~ exercise + ai + seq_num + project_name + ipaq_category + exercise:seq_num + (1 | stim_src_id) + (1 + exercise | part_id),360.964934,389.430446
sqrt(duration) ~ exercise + ai + seq_num + project_name + ipaq_category + exercise:ai + exercise:ipaq_category + (1 | part_id),364.303275,390.579132
sqrt(duration) ~ exercise + ai + seq_num + project_name + ipaq_category + exercise:ai + exercise:ipaq_category + (1 | stim_src_id),384.823749,411.099606
sqrt(duration) ~ exercise + ai + seq_num + project_name + ipaq_category + exercise:ai + exercise:ipaq_category + (1 + ai | part_id),365.455077,396.110243
sqrt(duration) ~ exercise + ai + seq_num + project_name + ipaq_category + exercise:ai + exercise:ipaq_category + (1 + exercise | part_id),362.937326,393.592492
sqrt(duration) ~ exercise + ai + seq_num + project_name + ipaq_category + exercise:ai + exercise:ipaq_category + (1 | part_id) + (1 | stim_src_id),365.250963,393.716475
sqrt(duration) ~ exercise + ai + seq_num + project_name + ipaq_category + exercise:ai + exercise:ipaq_category + (1 | stim_src_id) + (1 + ai | part_id),366.904285,399.749107
sqrt(duration) ~ exercise + ai + seq_num + project_name + ipaq_category + exercise:ai + exercise:ipaq_category + (1 | stim_src_id) + (1 + exercise | part_id),364.702782,397.547603
sqrt(duration) ~ exercise + ai + seq_num + project_name + ipaq_category + exercise:ai + ai:seq_num + (1 | part_id),362.026555,386.112757
sqrt(duration) ~ exercise + ai + seq_num + project_name + ipaq_category + exercise:ai + ai:seq_num + (1 | stim_src_id),383.719512,407.805714
sqrt(duration) ~ exercise + ai + seq_num + project_name + ipaq_category + exercise:ai + ai:seq_num + (1 + ai | part_id),362.740523,391.206034
sqrt(duration) ~ exercise + ai + seq_num + project_name + ipaq_category + exercise:ai + ai:seq_num + (1 + exercise | part_id),360.837991,389.303503
sqrt(duration) ~ exercise + ai + seq_num + project_name + ipaq_category + exercise:ai + ai:seq_num + (1 | part_id) + (1 | stim_src_id),363.346031,389.621888
sqrt(duration) ~ exercise + ai + seq_num + project_name + ipaq_category + exercise:ai + ai:seq_num + (1 | stim_src_id) + (1 + ai | part_id),364.587145,395.242312
sqrt(duration) ~ exercise + ai + seq_num + project_name + ipaq_category + exercise:ai + ai:seq_num + (1 | stim_src_id) + (1 + exercise | part_id),362.755866,393.411032
sqrt(duration) ~ exercise + ai + seq_num + project_name + ipaq_category + exercise:ai + exercise:seq_num + (1 | part_id),362.278507,386.364709
sqrt(duration) ~ exercise + ai + seq_num + project_name + ipaq_category + exercise:ai + exercise:seq_num + (1 | stim_src_id),380.847256,404.933458
sqrt(duration) ~ exercise + ai + seq_num + project_name + ipaq_category + exercise:ai + exercise:seq_num + (1 + ai | part_id),363.231910,391.697422
sqrt(duration) ~ exercise + ai + seq_num + project_name + ipaq_category + exercise:ai + exercise:seq_num + (1 + exercise | part_id),361.094181,389.559693
sqrt(duration) ~ exercise + ai + seq_num + project_name + ipaq_category + exercise:ai + exercise:seq_num + (1 | part_id) + (1 | stim_src_id),363.204007,389.479864
sqrt(duration) ~ exercise + ai + seq_num + project_name + ipaq_category + exercise:ai + exercise:seq_num + (1 | stim_src_id) + (1 + ai | part_id),364.516331,395.171498
sqrt(duration) ~ exercise + ai + seq_num + project_name + ipaq_category + exercise:ai + exercise:seq_num + (1 | stim_src_id) + (1 + exercise | part_id),362.832762,393.487928
sqrt(duration) ~ exercise + ai + seq_num + project_name + ipaq_category + exercise:ipaq_category + ai:seq_num + (1 | part_id),363.804455,390.080312
sqrt(duration) ~ exercise + ai + seq_num + project_name + ipaq_category + exercise:ipaq_category + ai:seq_num + (1 | stim_src_id),384.941645,411.217502
sqrt(duration) ~ exercise + ai + seq_num + project_name + ipaq_category + exercise:ipaq_category + ai:seq_num + (1 + ai | part_id),364.785687,395.440853
sqrt(duration) ~ exercise + ai + seq_num + project_name + ipaq_category + exercise:ipaq_category + ai:seq_num + (1 + exercise | part_id),362.993607,393.648773
sqrt(duration) ~ exercise + ai + seq_num + project_name + ipaq_category + exercise:ipaq_category + ai:seq_num + (1 | part_id) + (1 | stim_src_id),365.090538,393.556050
sqrt(duration) ~ exercise + ai + seq_num + project_name + ipaq_category + exercise:ipaq_category + ai:seq_num + (1 | stim_src_id) + (1 + ai | part_id),366.504825,399.349646
sqrt(duration) ~ exercise + ai + seq_num + project_name + ipaq_category + exercise:ipaq_category + ai:seq_num + (1 | stim_src_id) + (1 + exercise | part_id),364.739200,397.584022
sqrt(duration) ~ exercise + ai + seq_num + project_name + ipaq_category + exercise:ipaq_category + exercise:seq_num + (1 | part_id),364.146981,390.422838
sqrt(duration) ~ exercise + ai + seq_num + project_name + ipaq_category + exercise:ipaq_category + exercise:seq_num + (1 | stim_src_id),382.585620,408.861477
sqrt(duration) ~ exercise + ai + seq_num + project_name + ipaq_category + exercise:ipaq_category + exercise:seq_num + (1 + ai | part_id),365.346014,396.001181
sqrt(duration) ~ exercise + ai + seq_num + project_name + ipaq_category + exercise:ipaq_category + exercise:seq_num + (1 + exercise | part_id),363.255265,393.910432
sqrt(duration) ~ exercise + ai + seq_num + project_name + ipaq_category + exercise:ipaq_category + exercise:seq_num + (1 | part_id) + (1 | stim_src_id),365.031551,393.497063
sqrt(duration) ~ exercise + ai + seq_num + project_name + ipaq_category + exercise:ipaq_category + exercise:seq_num + (1 | stim_src_id) + (1 + ai | part_id),366.477266,399.322087
sqrt(duration) ~ exercise + ai + seq_num + project_name + ipaq_category + exercise:ipaq_category + exercise:seq_num + (1 | stim_src_id) + (1 + exercise | part_id),364.799371,397.644192
sqrt(duration) ~ exercise + ai + seq_num + project_name + ipaq_category + ai:seq_num + exercise:seq_num + (1 | part_id),361.943976,386.030178
sqrt(duration) ~ exercise + ai + seq_num + project_name + ipaq_category + ai:seq_num + exercise:seq_num + (1 | stim_src_id),381.588952,405.675154
sqrt(duration) ~ exercise + ai + seq_num + project_name + ipaq_category + ai:seq_num + exercise:seq_num + (1 + ai | part_id),362.779599,391.245110
sqrt(duration) ~ exercise + ai + seq_num + project_name + ipaq_category + ai:seq_num + exercise:seq_num + (1 + exercise | part_id),361.197214,389.662726
sqrt(duration) ~ exercise + ai + seq_num + project_name + ipaq_category + ai:seq_num + exercise:seq_num + (1 | part_id) + (1 | stim_src_id),363.133496,389.409353
sqrt(duration) ~ exercise + ai + seq_num + project_name + ipaq_category + ai:seq_num + exercise:seq_num + (1 | stim_src_id) + (1 + ai | part_id),364.338384,394.993550
sqrt(duration) ~ exercise + ai + seq_num + project_name + ipaq_category + ai:seq_num + exercise:seq_num + (1 | stim_src_id) + (1 + exercise | part_id),362.912329,393.567496
sqrt(duration) ~ exercise + ai + seq_num + project_name + ipaq_category + exercise:ai + exercise:ipaq_category + ai:seq_num + (1 | part_id),365.734775,394.200287
sqrt(duration) ~ exercise + ai + seq_num + project_name + ipaq_category + exercise:ai + exercise:ipaq_category + ai:seq_num + (1 | stim_src_id),386.809779,415.275291
sqrt(duration) ~ exercise + ai + seq_num + project_name + ipaq_category + exercise:ai + exercise:ipaq_category + ai:seq_num + (1 + ai | part_id),366.541361,399.386182
sqrt(duration) ~ exercise + ai + seq_num + project_name + ipaq_category + exercise:ai + exercise:ipaq_category + ai:seq_num + (1 + exercise | part_id),364.662110,397.506931
sqrt(duration) ~ exercise + ai + seq_num + project_name + ipaq_category + exercise:ai + exercise:ipaq_category + ai:seq_num + (1 | part_id) + (1 | stim_src_id),367.089026,397.744192
sqrt(duration) ~ exercise + ai + seq_num + project_name + ipaq_category + exercise:ai + exercise:ipaq_category + ai:seq_num + (1 | stim_src_id) + (1 + ai | part_id),368.387265,403.421741
sqrt(duration) ~ exercise + ai + seq_num + project_name + ipaq_category + exercise:ai + exercise:ipaq_category + ai:seq_num + (1 | stim_src_id) + (1 + exercise | part_id),366.578085,401.612561
sqrt(duration) ~ exercise + ai + seq_num + project_name + ipaq_category + exercise:ai + exercise:ipaq_category + exercise:seq_num + (1 | part_id),366.093686,394.559198
sqrt(duration) ~ exercise + ai + seq_num + project_name + ipaq_category + exercise:ai + exercise:ipaq_category + exercise:seq_num + (1 | stim_src_id),383.739315,412.204827
sqrt(duration) ~ exercise + ai + seq_num + project_name + ipaq_category + exercise:ai + exercise:ipaq_category + exercise:seq_num + (1 + ai | part_id),367.118821,399.963642
sqrt(duration) ~ exercise + ai + seq_num + project_name + ipaq_category + exercise:ai + exercise:ipaq_category + exercise:seq_num + (1 + exercise | part_id),364.936812,397.781633
sqrt(duration) ~ exercise + ai + seq_num + project_name + ipaq_category + exercise:ai + exercise:ipaq_category + exercise:seq_num + (1 | part_id) + (1 | stim_src_id),367.031551,397.686717
sqrt(duration) ~ exercise + ai + seq_num + project_name + ipaq_category + exercise:ai + exercise:ipaq_category + exercise:seq_num + (1 | stim_src_id) + (1 + ai | part_id),368.407399,403.441875
sqrt(duration) ~ exercise + ai + seq_num + project_name + ipaq_category + exercise:ai + exercise:ipaq_category + exercise:seq_num + (1 | stim_src_id) + (1 + exercise | part_id),366.682351,401.716827
sqrt(duration) ~ exercise + ai + seq_num + project_name + ipaq_category + exercise:ai + ai:seq_num + exercise:seq_num + (1 | part_id),363.868796,390.144653
sqrt(duration) ~ exercise + ai + seq_num + project_name + ipaq_category + exercise:ai + ai:seq_num + exercise:seq_num + (1 | stim_src_id),382.820716,409.096573
sqrt(duration) ~ exercise + ai + seq_num + project_name + ipaq_category + exercise:ai + ai:seq_num + exercise:seq_num + (1 + ai | part_id),364.486447,395.141614
sqrt(duration) ~ exercise + ai + seq_num + project_name + ipaq_category + exercise:ai + ai:seq_num + exercise:seq_num + (1 + exercise | part_id),362.837615,393.492782
sqrt(duration) ~ exercise + ai + seq_num + project_name + ipaq_category + exercise:ai + ai:seq_num + exercise:seq_num + (1 | part_id) + (1 | stim_src_id),365.131954,393.597466
sqrt(duration) ~ exercise + ai + seq_num + project_name + ipaq_category + exercise:ai + ai:seq_num + exercise:seq_num + (1 | stim_src_id) + (1 + ai | part_id),366.208512,399.053333
sqrt(duration) ~ exercise + ai + seq_num + project_name + ipaq_category + exercise:ai + ai:seq_num + exercise:seq_num + (1 | stim_src_id) + (1 + exercise | part_id),364.741801,397.586622
sqrt(duration) ~ exercise + ai + seq_num + project_name + ipaq_category + exercise:ipaq_category + ai:seq_num + exercise:seq_num + (1 | part_id),365.704324,394.169836
sqrt(duration) ~ exercise + ai + seq_num + project_name + ipaq_category + exercise:ipaq_category + ai:seq_num + exercise:seq_num + (1 | stim_src_id),384.585616,413.051128
sqrt(duration) ~ exercise + ai + seq_num + project_name + ipaq_category + exercise:ipaq_category + ai:seq_num + exercise:seq_num + (1 + ai | part_id),366.619719,399.464540
sqrt(duration) ~ exercise + ai + seq_num + project_name + ipaq_category + exercise:ipaq_category + ai:seq_num + exercise:seq_num + (1 + exercise | part_id),364.989349,397.834170
sqrt(duration) ~ exercise + ai + seq_num + project_name + ipaq_category + exercise:ipaq_category + ai:seq_num + exercise:seq_num + (1 | part_id) + (1 | stim_src_id),366.931878,397.587045
sqrt(duration) ~ exercise + ai + seq_num + project_name + ipaq_category + exercise:ipaq_category + ai:seq_num + exercise:seq_num + (1 | stim_src_id) + (1 + ai | part_id),368.192238,403.226714
sqrt(duration) ~ exercise + ai + seq_num + project_name + ipaq_category + exercise:ipaq_category + ai:seq_num + exercise:seq_num + (1 | stim_src_id) + (1 + exercise | part_id),366.731052,401.765528
sqrt(duration) ~ exercise + ai + seq_num + project_name + ipaq_category + exercise:ai + exercise:ipaq_category + ai:seq_num + exercise:seq_num + (1 | part_id),367.623047,398.278214
sqrt(duration) ~ exercise + ai + seq_num + project_name + ipaq_category + exercise:ai + exercise:ipaq_category + ai:seq_num + exercise:seq_num + (1 | stim_src_id),385.739249,416.394415
sqrt(duration) ~ exercise + ai + seq_num + project_name + ipaq_category + exercise:ai + exercise:ipaq_category + ai:seq_num + exercise:seq_num + (1 + ai | part_id),368.326499,403.360975
sqrt(duration) ~ exercise + ai + seq_num + project_name + ipaq_category + exercise:ai + exercise:ipaq_category + ai:seq_num + exercise:seq_num + (1 + exercise | part_id),366.661372,401.695848
sqrt(duration) ~ exercise + ai + seq_num + project_name + ipaq_category + exercise:ai + exercise:ipaq_category + ai:seq_num + exercise:seq_num + (1 | part_id) + (1 | stim_src_id),368.929127,401.773948
sqrt(duration) ~ exercise + ai + seq_num + project_name + ipaq_category + exercise:ai + exercise:ipaq_category + ai:seq_num + exercise:seq_num + (1 | stim_src_id) + (1 + ai | part_id),370.058802,407.282932
sqrt(duration) ~ exercise + ai + seq_num + project_name + ipaq_category + exercise:ai + exercise:ipaq_category + ai:seq_num + exercise:seq_num + (1 | stim_src_id) + (1 + exercise | part_id),368.572838,405.796969
sqrt(duration) ~ exercise + ai + seq_num + project_name + occupation + (1 | part_id),359.986226,384.072428
sqrt(duration) ~ exercise + ai + seq_num + project_name + occupation + (1 | stim_src_id),381.477847,405.564049
sqrt(duration) ~ exercise + ai + seq_num + project_name + occupation + (1 + ai | part_id),362.845615,391.311127
sqrt(duration) ~ exercise + ai + seq_num + project_name + occupation + (1 + exercise | part_id),362.289594,390.755105
sqrt(duration) ~ exercise + ai + seq_num + project_name + occupation + (1 | part_id) + (1 | stim_src_id),360.934980,387.210837
sqrt(duration) ~ exercise + ai + seq_num + project_name + occupation + (1 | stim_src_id) + (1 + ai | part_id),363.940740,394.595907
sqrt(duration) ~ exercise + ai + seq_num + project_name + occupation + (1 | stim_src_id) + (1 + exercise | part_id),363.319785,393.974951
sqrt(duration) ~ exercise + ai + seq_num + project_name + occupation + exercise:ai + (1 | part_id),360.227524,386.503381
sqrt(duration) ~ exercise + ai + seq_num + project_name + occupation + exercise:ai + (1 | stim_src_id),381.049640,407.325497
sqrt(duration) ~ exercise + ai + seq_num + project_name + occupation + exercise:ai + (1 + ai | part_id),362.951780,393.606947
sqrt(duration) ~ exercise + ai + seq_num + project_name + occupation + exercise:ai + (1 + exercise | part_id),362.147669,392.802835
sqrt(duration) ~ exercise + ai + seq_num + project_name + occupation + exercise:ai + (1 | part_id) + (1 | stim_src_id),361.780356,390.245867
sqrt(duration) ~ exercise + ai + seq_num + project_name + occupation + exercise:ai + (1 | stim_src_id) + (1 + ai | part_id),364.621530,397.466351
sqrt(duration) ~ exercise + ai + seq_num + project_name + occupation + exercise:ai + (1 | stim_src_id) + (1 + exercise | part_id),363.894239,396.739060
sqrt(duration) ~ exercise + ai + seq_num + project_name + occupation + ai:seq_num + (1 | part_id),360.151803,386.427659
sqrt(duration) ~ exercise + ai + seq_num + project_name + occupation + ai:seq_num + (1 | stim_src_id),383.045805,409.321662
sqrt(duration) ~ exercise + ai + seq_num + project_name + occupation + ai:seq_num + (1 + ai | part_id),362.654128,393.309294
sqrt(duration) ~ exercise + ai + seq_num + project_name + occupation + ai:seq_num + (1 + exercise | part_id),362.548305,393.203471
sqrt(duration) ~ exercise + ai + seq_num + project_name + occupation + ai:seq_num + (1 | part_id) + (1 | stim_src_id),361.873039,390.338551
sqrt(duration) ~ exercise + ai + seq_num + project_name + occupation + ai:seq_num + (1 | stim_src_id) + (1 + ai | part_id),364.464630,397.309451
sqrt(duration) ~ exercise + ai + seq_num + project_name + occupation + ai:seq_num + (1 | stim_src_id) + (1 + exercise | part_id),364.313529,397.158350
sqrt(duration) ~ exercise + ai + seq_num + project_name + occupation + exercise:seq_num + (1 | part_id),361.984703,388.260560
sqrt(duration) ~ exercise + ai + seq_num + project_name + occupation + exercise:seq_num + (1 | stim_src_id),382.418450,408.694307
sqrt(duration) ~ exercise + ai + seq_num + project_name + occupation + exercise:seq_num + (1 + ai | part_id),364.843679,395.498846
sqrt(duration) ~ exercise + ai + seq_num + project_name + occupation + exercise:seq_num + (1 + exercise | part_id),364.231650,394.886817
sqrt(duration) ~ exercise + ai + seq_num + project_name + occupation + exercise:seq_num + (1 | part_id) + (1 | stim_src_id),362.909676,391.375188
sqrt(duration) ~ exercise + ai + seq_num + project_name + occupation + exercise:seq_num + (1 | stim_src_id) + (1 + ai | part_id),365.886709,398.731531
sqrt(duration) ~ exercise + ai + seq_num + project_name + occupation + exercise:seq_num + (1 | stim_src_id) + (1 + exercise | part_id),365.315035,398.159856
sqrt(duration) ~ exercise + ai + seq_num + project_name + occupation + exercise:ai + ai:seq_num + (1 | part_id),360.037665,388.503177
sqrt(duration) ~ exercise + ai + seq_num + project_name + occupation + exercise:ai + ai:seq_num + (1 | stim_src_id),382.080193,410.545705
sqrt(duration) ~ exercise + ai + seq_num + project_name + occupation + exercise:ai + ai:seq_num + (1 + ai | part_id),362.409176,395.253997
sqrt(duration) ~ exercise + ai + seq_num + project_name + occupation + exercise:ai + ai:seq_num + (1 + exercise | part_id),362.091558,394.936380
sqrt(duration) ~ exercise + ai + seq_num + project_name + occupation + exercise:ai + ai:seq_num + (1 | part_id) + (1 | stim_src_id),362.037665,392.692832
sqrt(duration) ~ exercise + ai + seq_num + project_name + occupation + exercise:ai + ai:seq_num + (1 | stim_src_id) + (1 + ai | part_id),364.409176,399.443651
sqrt(duration) ~ exercise + ai + seq_num + project_name + occupation + exercise:ai + ai:seq_num + (1 | stim_src_id) + (1 + exercise | part_id),364.091558,399.126034
sqrt(duration) ~ exercise + ai + seq_num + project_name + occupation + exercise:ai + exercise:seq_num + (1 | part_id),362.188125,390.653636
sqrt(duration) ~ exercise + ai + seq_num + project_name + occupation + exercise:ai + exercise:seq_num + (1 | stim_src_id),380.713935,409.179447
sqrt(duration) ~ exercise + ai + seq_num + project_name + occupation + exercise:ai + exercise:seq_num + (1 + ai | part_id),364.909756,397.754577
sqrt(duration) ~ exercise + ai + seq_num + project_name + occupation + exercise:ai + exercise:seq_num + (1 + exercise | part_id),364.137840,396.982661
sqrt(duration) ~ exercise + ai + seq_num + project_name + occupation + exercise:ai + exercise:seq_num + (1 | part_id) + (1 | stim_src_id),363.719071,394.374237
sqrt(duration) ~ exercise + ai + seq_num + project_name + occupation + exercise:ai + exercise:seq_num + (1 | stim_src_id) + (1 + ai | part_id),366.527622,401.562098
sqrt(duration) ~ exercise + ai + seq_num + project_name + occupation + exercise:ai + exercise:seq_num + (1 | stim_src_id) + (1 + exercise | part_id),365.894232,400.928708
sqrt(duration) ~ exercise + ai + seq_num + project_name + occupation + ai:seq_num + exercise:seq_num + (1 | part_id),362.138489,390.604001
sqrt(duration) ~ exercise + ai + seq_num + project_name + occupation + ai:seq_num + exercise:seq_num + (1 | stim_src_id),384.159139,412.624651
sqrt(duration) ~ exercise + ai + seq_num + project_name + occupation + ai:seq_num + exercise:seq_num + (1 + ai | part_id),364.640504,397.485325
sqrt(duration) ~ exercise + ai + seq_num + project_name + occupation + ai:seq_num + exercise:seq_num + (1 + exercise | part_id),364.463174,397.307995
sqrt(duration) ~ exercise + ai + seq_num + project_name + occupation + ai:seq_num + exercise:seq_num + (1 | part_id) + (1 | stim_src_id),363.872402,394.527568
sqrt(duration) ~ exercise + ai + seq_num + project_name + occupation + ai:seq_num + exercise:seq_num + (1 | stim_src_id) + (1 + ai | part_id),366.464629,401.499104
sqrt(duration) ~ exercise + ai + seq_num + project_name + occupation + ai:seq_num + exercise:seq_num + (1 | stim_src_id) + (1 + exercise | part_id),366.279958,401.314433
sqrt(duration) ~ exercise + ai + seq_num + project_name + occupation + exercise:ai + ai:seq_num + exercise:seq_num + (1 | part_id),362.036410,392.691577
sqrt(duration) ~ exercise + ai + seq_num + project_name + occupation + exercise:ai + ai:seq_num + exercise:seq_num + (1 | stim_src_id),381.980660,412.635826
sqrt(duration) ~ exercise + ai + seq_num + project_name + occupation + exercise:ai + ai:seq_num + exercise:seq_num + (1 + ai | part_id),364.408001,399.442477
sqrt(duration) ~ exercise + ai + seq_num + project_name + occupation + exercise:ai + ai:seq_num + exercise:seq_num + (1 + exercise | part_id),364.061836,399.096311
sqrt(duration) ~ exercise + ai + seq_num + project_name + occupation + exercise:ai + ai:seq_num + exercise:seq_num + (1 | part_id) + (1 | stim_src_id),364.036410,396.881231
sqrt(duration) ~ exercise + ai + seq_num + project_name + occupation + exercise:ai + ai:seq_num + exercise:seq_num + (1 | stim_src_id) + (1 + ai | part_id),366.408001,403.632132
sqrt(duration) ~ exercise + ai + seq_num + project_name + occupation + exercise:ai + ai:seq_num + exercise:seq_num + (1 | stim_src_id) + (1 + exercise | part_id),366.061836,403.285966
sqrt(duration) ~ exercise + ai + seq_num + ipaq_category + occupation + (1 | part_id),358.502545,384.778402
sqrt(duration) ~ exercise + ai + seq_num + ipaq_category + occupation + (1 | stim_src_id),378.434948,404.710805
sqrt(duration) ~ exercise + ai + seq_num + ipaq_category + occupation + (1 + ai | part_id),361.204510,391.859676
sqrt(duration) ~ exercise + ai + seq_num + ipaq_category + occupation + (1 + exercise | part_id),360.972482,391.627649
sqrt(duration) ~ exercise + ai + seq_num + ipaq_category + occupation + (1 | part_id) + (1 | stim_src_id),359.807563,388.273075
sqrt(duration) ~ exercise + ai + seq_num + ipaq_category + occupation + (1 | stim_src_id) + (1 + ai | part_id),362.551843,395.396664
sqrt(duration) ~ exercise + ai + seq_num + ipaq_category + occupation + (1 | stim_src_id) + (1 + exercise | part_id),362.228160,395.072982
sqrt(duration) ~ exercise + ai + seq_num + ipaq_category + occupation + exercise:ai + (1 | part_id),359.697848,388.163360
sqrt(duration) ~ exercise + ai + seq_num + ipaq_category + occupation + exercise:ai + (1 | stim_src_id),379.353560,407.819072
sqrt(duration) ~ exercise + ai + seq_num + ipaq_category + occupation + exercise:ai + (1 + ai | part_id),362.265819,395.110641
sqrt(duration) ~ exercise + ai + seq_num + ipaq_category + occupation + exercise:ai + (1 + exercise | part_id),361.757435,394.602256
sqrt(duration) ~ exercise + ai + seq_num + ipaq_category + occupation + exercise:ai + (1 | part_id) + (1 | stim_src_id),361.341299,391.996466
sqrt(duration) ~ exercise + ai + seq_num + ipaq_category + occupation + exercise:ai + (1 | stim_src_id) + (1 + ai | part_id),363.962022,398.996498
sqrt(duration) ~ exercise + ai + seq_num + ipaq_category + occupation + exercise:ai + (1 | stim_src_id) + (1 + exercise | part_id),363.480204,398.514680
sqrt(duration) ~ exercise + ai + seq_num + ipaq_category + occupation + exercise:ipaq_category + (1 | part_id),362.440691,393.095857
sqrt(duration) ~ exercise + ai + seq_num + ipaq_category + occupation + exercise:ipaq_category + (1 | stim_src_id),381.958124,412.613291
sqrt(duration) ~ exercise + ai + seq_num + ipaq_category + occupation + exercise:ipaq_category + (1 + ai | part_id),365.076504,400.110980
sqrt(duration) ~ exercise + ai + seq_num + ipaq_category + occupation + exercise:ipaq_category + (1 + exercise | part_id),364.848124,399.882600
sqrt(duration) ~ exercise + ai + seq_num + ipaq_category + occupation + exercise:ipaq_category + (1 | part_id) + (1 | stim_src_id),363.748320,396.593141
sqrt(duration) ~ exercise + ai + seq_num + ipaq_category + occupation + exercise:ipaq_category + (1 | stim_src_id) + (1 + ai | part_id),366.429459,403.653590
sqrt(duration) ~ exercise + ai + seq_num + ipaq_category + occupation + exercise:ipaq_category + (1 | stim_src_id) + (1 + exercise | part_id),366.116005,403.340136
sqrt(duration) ~ exercise + ai + seq_num + ipaq_category + occupation + ai:seq_num + (1 | part_id),359.537082,388.002594
sqrt(duration) ~ exercise + ai + seq_num + ipaq_category + occupation + ai:seq_num + (1 | stim_src_id),380.234503,408.700015
sqrt(duration) ~ exercise + ai + seq_num + ipaq_category + occupation + ai:seq_num + (1 + ai | part_id),361.856639,394.701460
sqrt(duration) ~ exercise + ai + seq_num + ipaq_category + occupation + ai:seq_num + (1 + exercise | part_id),361.861672,394.706493
sqrt(duration) ~ exercise + ai + seq_num + ipaq_category + occupation + ai:seq_num + (1 | part_id) + (1 | stim_src_id),361.297843,391.953009
sqrt(duration) ~ exercise + ai + seq_num + ipaq_category + occupation + ai:seq_num + (1 | stim_src_id) + (1 + ai | part_id),363.682176,398.716652
sqrt(duration) ~ exercise + ai + seq_num + ipaq_category + occupation + ai:seq_num + (1 | stim_src_id) + (1 + exercise | part_id),363.644592,398.679068
sqrt(duration) ~ exercise + ai + seq_num + ipaq_category + occupation + exercise:seq_num + (1 | part_id),360.246654,388.712166
sqrt(duration) ~ exercise + ai + seq_num + ipaq_category + occupation + exercise:seq_num + (1 | stim_src_id),377.458199,405.923711
sqrt(duration) ~ exercise + ai + seq_num + ipaq_category + occupation + exercise:seq_num + (1 + ai | part_id),362.817763,395.662584
sqrt(duration) ~ exercise + ai + seq_num + ipaq_category + occupation + exercise:seq_num + (1 + exercise | part_id),362.738221,395.583042
sqrt(duration) ~ exercise + ai + seq_num + ipaq_category + occupation + exercise:seq_num + (1 | part_id) + (1 | stim_src_id),361.487220,392.142386
sqrt(duration) ~ exercise + ai + seq_num + ipaq_category + occupation + exercise:seq_num + (1 | stim_src_id) + (1 + ai | part_id),363.965954,399.000430
sqrt(duration) ~ exercise + ai + seq_num + ipaq_category + occupation + exercise:seq_num + (1 | stim_src_id) + (1 + exercise | part_id),363.939545,398.974021
sqrt(duration) ~ exercise + ai + seq_num + ipaq_category + occupation + exercise:ai + exercise:ipaq_category + (1 | part_id),363.569965,396.414786
sqrt(duration) ~ exercise + ai + seq_num + ipaq_category + occupation + exercise:ai + exercise:ipaq_category + (1 | stim_src_id),382.942215,415.787037
sqrt(duration) ~ exercise + ai + seq_num + ipaq_category + occupation + exercise:ai + exercise:ipaq_category + (1 + ai | part_id),366.108908,403.333039
sqrt(duration) ~ exercise + ai + seq_num + ipaq_category + occupation + exercise:ai + exercise:ipaq_category + (1 + exercise | part_id),365.588314,402.812445
sqrt(duration) ~ exercise + ai + seq_num + ipaq_category + occupation + exercise:ai + exercise:ipaq_category + (1 | part_id) + (1 | stim_src_id),365.224639,400.259115
sqrt(duration) ~ exercise + ai + seq_num + ipaq_category + occupation + exercise:ai + exercise:ipaq_category + (1 | stim_src_id) + (1 + ai | part_id),367.810607,407.224392
sqrt(duration) ~ exercise + ai + seq_num + ipaq_category + occupation + exercise:ai + exercise:ipaq_category + (1 | stim_src_id) + (1 + exercise | part_id),367.316836,406.730622
sqrt(duration) ~ exercise + ai + seq_num + ipaq_category + occupation + exercise:ai + ai:seq_num + (1 | part_id),360.432713,391.087879
sqrt(duration) ~ exercise + ai + seq_num + ipaq_category + occupation + exercise:ai + ai:seq_num + (1 | stim_src_id),380.872786,411.527953
sqrt(duration) ~ exercise + ai + seq_num + ipaq_category + occupation + exercise:ai + ai:seq_num + (1 + ai | part_id),362.548028,397.582504
sqrt(duration) ~ exercise + ai + seq_num + ipaq_category + occupation + exercise:ai + ai:seq_num + (1 + exercise | part_id),362.368809,397.403285
sqrt(duration) ~ exercise + ai + seq_num + ipaq_category + occupation + exercise:ai + ai:seq_num + (1 | part_id) + (1 | stim_src_id),362.429109,395.273930
sqrt(duration) ~ exercise + ai + seq_num + ipaq_category + occupation + exercise:ai + ai:seq_num + (1 | stim_src_id) + (1 + ai | part_id),364.548028,401.772158
sqrt(duration) ~ exercise + ai + seq_num + ipaq_category + occupation + exercise:ai + ai:seq_num + (1 | stim_src_id) + (1 + exercise | part_id),364.368809,401.592940
sqrt(duration) ~ exercise + ai + seq_num + ipaq_category + occupation + exercise:ai + exercise:seq_num + (1 | part_id),361.367032,392.022199
sqrt(duration) ~ exercise + ai + seq_num + ipaq_category + occupation + exercise:ai + exercise:seq_num + (1 | stim_src_id),377.039608,407.694774
sqrt(duration) ~ exercise + ai + seq_num + ipaq_category + occupation + exercise:ai + exercise:seq_num + (1 + ai | part_id),363.766119,398.800595
sqrt(duration) ~ exercise + ai + seq_num + ipaq_category + occupation + exercise:ai + exercise:seq_num + (1 + exercise | part_id),363.492256,398.526732
sqrt(duration) ~ exercise + ai + seq_num + ipaq_category + occupation + exercise:ai + exercise:seq_num + (1 | part_id) + (1 | stim_src_id),362.980495,395.825316
sqrt(duration) ~ exercise + ai + seq_num + ipaq_category + occupation + exercise:ai + exercise:seq_num + (1 | stim_src_id) + (1 + ai | part_id),365.326466,402.550597
sqrt(duration) ~ exercise + ai + seq_num + ipaq_category + occupation + exercise:ai + exercise:seq_num + (1 | stim_src_id) + (1 + exercise | part_id),365.176702,402.400832
sqrt(duration) ~ exercise + ai + seq_num + ipaq_category + occupation + exercise:ipaq_category + ai:seq_num + (1 | part_id),363.536465,396.381286
sqrt(duration) ~ exercise + ai + seq_num + ipaq_category + occupation + exercise:ipaq_category + ai:seq_num + (1 | stim_src_id),383.745637,416.590458
sqrt(duration) ~ exercise + ai + seq_num + ipaq_category + occupation + exercise:ipaq_category + ai:seq_num + (1 + ai | part_id),365.812718,403.036849
sqrt(duration) ~ exercise + ai + seq_num + ipaq_category + occupation + exercise:ipaq_category + ai:seq_num + (1 + exercise | part_id),365.826017,403.050148
sqrt(duration) ~ exercise + ai + seq_num + ipaq_category + occupation + exercise:ipaq_category + ai:seq_num + (1 | part_id) + (1 | stim_src_id),365.293567,400.328043
sqrt(duration) ~ exercise + ai + seq_num + ipaq_category + occupation + exercise:ipaq_category + ai:seq_num + (1 | stim_src_id) + (1 + ai | part_id),367.638955,407.052741
sqrt(duration) ~ exercise + ai + seq_num + ipaq_category + occupation + exercise:ipaq_category + ai:seq_num + (1 | stim_src_id) + (1 + exercise | part_id),367.604164,407.017949
sqrt(duration) ~ exercise + ai + seq_num + ipaq_category + occupation + exercise:ipaq_category + exercise:seq_num + (1 | part_id),364.160932,397.005753
sqrt(duration) ~ exercise + ai + seq_num + ipaq_category + occupation + exercise:ipaq_category + exercise:seq_num + (1 | stim_src_id),380.304309,413.149131
sqrt(duration) ~ exercise + ai + seq_num + ipaq_category + occupation + exercise:ipaq_category + exercise:seq_num + (1 + ai | part_id),366.693109,403.917240
sqrt(duration) ~ exercise + ai + seq_num + ipaq_category + occupation + exercise:ipaq_category + exercise:seq_num + (1 + exercise | part_id),366.632372,403.856502
sqrt(duration) ~ exercise + ai + seq_num + ipaq_category + occupation + exercise:ipaq_category + exercise:seq_num + (1 | part_id) + (1 | stim_src_id),365.394456,400.428931
sqrt(duration) ~ exercise + ai + seq_num + ipaq_category + occupation + exercise:ipaq_category + exercise:seq_num + (1 | stim_src_id) + (1 + ai | part_id),367.851183,407.264968
sqrt(duration) ~ exercise + ai + seq_num + ipaq_category + occupation + exercise:ipaq_category + exercise:seq_num + (1 | stim_src_id) + (1 + exercise | part_id),367.842993,407.256778
sqrt(duration) ~ exercise + ai + seq_num + ipaq_category + occupation + ai:seq_num + exercise:seq_num + (1 | part_id),361.426773,392.081939
sqrt(duration) ~ exercise + ai + seq_num + ipaq_category + occupation + ai:seq_num + exercise:seq_num + (1 | stim_src_id),379.423070,410.078237
sqrt(duration) ~ exercise + ai + seq_num + ipaq_category + occupation + ai:seq_num + exercise:seq_num + (1 + ai | part_id),363.668906,398.703382
sqrt(duration) ~ exercise + ai + seq_num + ipaq_category + occupation + ai:seq_num + exercise:seq_num + (1 + exercise | part_id),363.760766,398.795242
sqrt(duration) ~ exercise + ai + seq_num + ipaq_category + occupation + ai:seq_num + exercise:seq_num + (1 | part_id) + (1 | stim_src_id),363.129223,395.974044
sqrt(duration) ~ exercise + ai + seq_num + ipaq_category + occupation + ai:seq_num + exercise:seq_num + (1 | stim_src_id) + (1 + ai | part_id),365.375098,402.599228
sqrt(duration) ~ exercise + ai + seq_num + ipaq_category + occupation + ai:seq_num + exercise:seq_num + (1 | stim_src_id) + (1 + exercise | part_id),365.487291,402.711421
sqrt(duration) ~ exercise + ai + seq_num + ipaq_category + occupation + exercise:ai + exercise:ipaq_category + ai:seq_num + (1 | part_id),364.404926,399.439401
sqrt(duration) ~ exercise + ai + seq_num + ipaq_category + occupation + exercise:ai + exercise:ipaq_category + ai:seq_num + (1 | stim_src_id),384.461214,419.495690
sqrt(duration) ~ exercise + ai + seq_num + ipaq_category + occupation + exercise:ai + exercise:ipaq_category + ai:seq_num + (1 + ai | part_id),366.528422,405.942207
sqrt(duration) ~ exercise + ai + seq_num + ipaq_category + occupation + exercise:ai + exercise:ipaq_category + ai:seq_num + (1 + exercise | part_id),366.331911,405.745696
sqrt(duration) ~ exercise + ai + seq_num + ipaq_category + occupation + exercise:ai + exercise:ipaq_category + ai:seq_num + (1 | part_id) + (1 | stim_src_id),366.400849,403.624980
sqrt(duration) ~ exercise + ai + seq_num + ipaq_category + occupation + exercise:ai + exercise:ipaq_category + ai:seq_num + (1 | stim_src_id) + (1 + ai | part_id),368.528422,410.131862
sqrt(duration) ~ exercise + ai + seq_num + ipaq_category + occupation + exercise:ai + exercise:ipaq_category + ai:seq_num + (1 | stim_src_id) + (1 + exercise | part_id),368.331911,409.935351
sqrt(duration) ~ exercise + ai + seq_num + ipaq_category + occupation + exercise:ai + exercise:ipaq_category + exercise:seq_num + (1 | part_id),365.164226,400.198702
sqrt(duration) ~ exercise + ai + seq_num + ipaq_category + occupation + exercise:ai + exercise:ipaq_category + exercise:seq_num + (1 | stim_src_id),379.780250,414.814726
sqrt(duration) ~ exercise + ai + seq_num + ipaq_category + occupation + exercise:ai + exercise:ipaq_category + exercise:seq_num + (1 + ai | part_id),367.564878,406.978663
sqrt(duration) ~ exercise + ai + seq_num + ipaq_category + occupation + exercise:ai + exercise:ipaq_category + exercise:seq_num + (1 + exercise | part_id),367.306693,406.720479
sqrt(duration) ~ exercise + ai + seq_num + ipaq_category + occupation + exercise:ai + exercise:ipaq_category + exercise:seq_num + (1 | part_id) + (1 | stim_src_id),366.792635,404.016766
sqrt(duration) ~ exercise + ai + seq_num + ipaq_category + occupation + exercise:ai + exercise:ipaq_category + exercise:seq_num + (1 | stim_src_id) + (1 + ai | part_id),369.138815,410.742255
sqrt(duration) ~ exercise + ai + seq_num + ipaq_category + occupation + exercise:ai + exercise:ipaq_category + exercise:seq_num + (1 | stim_src_id) + (1 + exercise | part_id),368.999737,410.603177
sqrt(duration) ~ exercise + ai + seq_num + ipaq_category + occupation + exercise:ai + ai:seq_num + exercise:seq_num + (1 | part_id),362.288341,395.133162
sqrt(duration) ~ exercise + ai + seq_num + ipaq_category + occupation + exercise:ai + ai:seq_num + exercise:seq_num + (1 | stim_src_id),378.804719,411.649540
sqrt(duration) ~ exercise + ai + seq_num + ipaq_category + occupation + exercise:ai + ai:seq_num + exercise:seq_num + (1 + ai | part_id),364.298591,401.522722
sqrt(duration) ~ exercise + ai + seq_num + ipaq_category + occupation + exercise:ai + ai:seq_num + exercise:seq_num + (1 + exercise | part_id),364.265106,401.489237
sqrt(duration) ~ exercise + ai + seq_num + ipaq_category + occupation + exercise:ai + ai:seq_num + exercise:seq_num + (1 | part_id) + (1 | stim_src_id),364.275417,399.309893
sqrt(duration) ~ exercise + ai + seq_num + ipaq_category + occupation + exercise:ai + ai:seq_num + exercise:seq_num + (1 | stim_src_id) + (1 + ai | part_id),366.285599,405.699384
sqrt(duration) ~ exercise + ai + seq_num + ipaq_category + occupation + exercise:ai + ai:seq_num + exercise:seq_num + (1 | stim_src_id) + (1 + exercise | part_id),366.264999,405.678785
sqrt(duration) ~ exercise + ai + seq_num + ipaq_category + occupation + exercise:ipaq_category + ai:seq_num + exercise:seq_num + (1 | part_id),365.421660,400.456136
sqrt(duration) ~ exercise + ai + seq_num + ipaq_category + occupation + exercise:ipaq_category + ai:seq_num + exercise:seq_num + (1 | stim_src_id),382.290094,417.324570
sqrt(duration) ~ exercise + ai + seq_num + ipaq_category + occupation + exercise:ipaq_category + ai:seq_num + exercise:seq_num + (1 + ai | part_id),367.640018,407.053803
sqrt(duration) ~ exercise + ai + seq_num + ipaq_category + occupation + exercise:ipaq_category + ai:seq_num + exercise:seq_num + (1 + exercise | part_id),367.738554,407.152339
sqrt(duration) ~ exercise + ai + seq_num + ipaq_category + occupation + exercise:ipaq_category + ai:seq_num + exercise:seq_num + (1 | part_id) + (1 | stim_src_id),367.106954,404.331084
sqrt(duration) ~ exercise + ai + seq_num + ipaq_category + occupation + exercise:ipaq_category + ai:seq_num + exercise:seq_num + (1 | stim_src_id) + (1 + ai | part_id),369.343953,410.947393
sqrt(duration) ~ exercise + ai + seq_num + ipaq_category + occupation + exercise:ipaq_category + ai:seq_num + exercise:seq_num + (1 | stim_src_id) + (1 + exercise | part_id),369.457762,411.061202
sqrt(duration) ~ exercise + ai + seq_num + ipaq_category + occupation + exercise:ai + exercise:ipaq_category + ai:seq_num + exercise:seq_num + (1 | part_id),366.220849,403.444979
sqrt(duration) ~ exercise + ai + seq_num + ipaq_category + occupation + exercise:ai + exercise:ipaq_category + ai:seq_num + exercise:seq_num + (1 | stim_src_id),381.613101,418.837232
sqrt(duration) ~ exercise + ai + seq_num + ipaq_category + occupation + exercise:ai + exercise:ipaq_category + ai:seq_num + exercise:seq_num + (1 + ai | part_id),368.258103,409.861543
sqrt(duration) ~ exercise + ai + seq_num + ipaq_category + occupation + exercise:ai + exercise:ipaq_category + ai:seq_num + exercise:seq_num + (1 + exercise | part_id),368.212813,409.816253
sqrt(duration) ~ exercise + ai + seq_num + ipaq_category + occupation + exercise:ai + exercise:ipaq_category + ai:seq_num + exercise:seq_num + (1 | part_id) + (1 | stim_src_id),368.204434,407.618219
sqrt(duration) ~ exercise + ai + seq_num + ipaq_category + occupation + exercise:ai + exercise:ipaq_category + ai:seq_num + exercise:seq_num + (1 | stim_src_id) + (1 + ai | part_id),370.241007,414.034102
sqrt(duration) ~ exercise + ai + seq_num + ipaq_category + occupation + exercise:ai + exercise:ipaq_category + ai:seq_num + exercise:seq_num + (1 | stim_src_id) + (1 + exercise | part_id),370.211934,414.005029
sqrt(duration) ~ exercise + ai + seq_num + project_name + ipaq_category + occupation + (1 | part_id),360.445927,388.911438
sqrt(duration) ~ exercise + ai + seq_num + project_name + ipaq_category + occupation + (1 | stim_src_id),380.399618,408.865129
sqrt(duration) ~ exercise + ai + seq_num + project_name + ipaq_category + occupation + (1 + ai | part_id),363.173695,396.018516
sqrt(duration) ~ exercise + ai + seq_num + project_name + ipaq_category + occupation + (1 + exercise | part_id),362.825616,395.670437
sqrt(duration) ~ exercise + ai + seq_num + project_name + ipaq_category + occupation + (1 | part_id) + (1 | stim_src_id),361.742158,392.397325
sqrt(duration) ~ exercise + ai + seq_num + project_name + ipaq_category + occupation + (1 | stim_src_id) + (1 + ai | part_id),364.544518,399.578994
sqrt(duration) ~ exercise + ai + seq_num + project_name + ipaq_category + occupation + (1 | stim_src_id) + (1 + exercise | part_id),364.171437,399.205913
sqrt(duration) ~ exercise + ai + seq_num + project_name + ipaq_category + occupation + exercise:ai + (1 | part_id),361.611482,392.266648
sqrt(duration) ~ exercise + ai + seq_num + project_name + ipaq_category + occupation + exercise:ai + (1 | stim_src_id),381.255957,411.911123
sqrt(duration) ~ exercise + ai + seq_num + project_name + ipaq_category + occupation + exercise:ai + (1 + ai | part_id),364.242925,399.277401
sqrt(duration) ~ exercise + ai + seq_num + project_name + ipaq_category + occupation + exercise:ai + (1 + exercise | part_id),363.610306,398.644782
sqrt(duration) ~ exercise + ai + seq_num + project_name + ipaq_category + occupation + exercise:ai + (1 | part_id) + (1 | stim_src_id),363.256882,396.101703
sqrt(duration) ~ exercise + ai + seq_num + project_name + ipaq_category + occupation + exercise:ai + (1 | stim_src_id) + (1 + ai | part_id),365.953279,403.177409
sqrt(duration) ~ exercise + ai + seq_num + project_name + ipaq_category + occupation + exercise:ai + (1 | stim_src_id) + (1 + exercise | part_id),365.403015,402.627146
sqrt(duration) ~ exercise + ai + seq_num + project_name + ipaq_category + occupation + exercise:ipaq_category + (1 | part_id),364.382587,397.227408
sqrt(duration) ~ exercise + ai + seq_num + project_name + ipaq_category + occupation + exercise:ipaq_category + (1 | stim_src_id),383.949254,416.794075
sqrt(duration) ~ exercise + ai + seq_num + project_name + ipaq_category + occupation + exercise:ipaq_category + (1 + ai | part_id),367.045222,404.269352
sqrt(duration) ~ exercise + ai + seq_num + project_name + ipaq_category + occupation + exercise:ipaq_category + (1 + exercise | part_id),366.703629,403.927760
sqrt(duration) ~ exercise + ai + seq_num + project_name + ipaq_category + occupation + exercise:ipaq_category + (1 | part_id) + (1 | stim_src_id),365.679782,400.714258
sqrt(duration) ~ exercise + ai + seq_num + project_name + ipaq_category + occupation + exercise:ipaq_category + (1 | stim_src_id) + (1 + ai | part_id),368.423330,407.837116
sqrt(duration) ~ exercise + ai + seq_num + project_name + ipaq_category + occupation + exercise:ipaq_category + (1 | stim_src_id) + (1 + exercise | part_id),368.065054,407.478839
sqrt(duration) ~ exercise + ai + seq_num + project_name + ipaq_category + occupation + ai:seq_num + (1 | part_id),361.419746,392.074912
sqrt(duration) ~ exercise + ai + seq_num + project_name + ipaq_category + occupation + ai:seq_num + (1 | stim_src_id),382.179453,412.834619
sqrt(duration) ~ exercise + ai + seq_num + project_name + ipaq_category + occupation + ai:seq_num + (1 + ai | part_id),363.855568,398.890044
sqrt(duration) ~ exercise + ai + seq_num + project_name + ipaq_category + occupation + ai:seq_num + (1 + exercise | part_id),363.831209,398.865685
sqrt(duration) ~ exercise + ai + seq_num + project_name + ipaq_category + occupation + ai:seq_num + (1 | part_id) + (1 | stim_src_id),363.181472,396.026294
sqrt(duration) ~ exercise + ai + seq_num + project_name + ipaq_category + occupation + ai:seq_num + (1 | stim_src_id) + (1 + ai | part_id),365.682114,402.906245
sqrt(duration) ~ exercise + ai + seq_num + project_name + ipaq_category + occupation + ai:seq_num + (1 | stim_src_id) + (1 + exercise | part_id),365.627785,402.851916
sqrt(duration) ~ exercise + ai + seq_num + project_name + ipaq_category + occupation + exercise:seq_num + (1 | part_id),362.089348,392.744514
sqrt(duration) ~ exercise + ai + seq_num + project_name + ipaq_category + occupation + exercise:seq_num + (1 | stim_src_id),379.314701,409.969868
sqrt(duration) ~ exercise + ai + seq_num + project_name + ipaq_category + occupation + exercise:seq_num + (1 + ai | part_id),364.817706,399.852182
sqrt(duration) ~ exercise + ai + seq_num + project_name + ipaq_category + occupation + exercise:seq_num + (1 + exercise | part_id),364.696442,399.730918
sqrt(duration) ~ exercise + ai + seq_num + project_name + ipaq_category + occupation + exercise:seq_num + (1 | part_id) + (1 | stim_src_id),363.302853,396.147674
sqrt(duration) ~ exercise + ai + seq_num + project_name + ipaq_category + occupation + exercise:seq_num + (1 | stim_src_id) + (1 + ai | part_id),365.944167,403.168297
sqrt(duration) ~ exercise + ai + seq_num + project_name + ipaq_category + occupation + exercise:seq_num + (1 | stim_src_id) + (1 + exercise | part_id),365.937658,403.161789
sqrt(duration) ~ exercise + ai + seq_num + project_name + ipaq_category + occupation + exercise:ai + exercise:ipaq_category + (1 | part_id),365.487962,400.522438
sqrt(duration) ~ exercise + ai + seq_num + project_name + ipaq_category + occupation + exercise:ai + exercise:ipaq_category + (1 | stim_src_id),384.896103,419.930579
sqrt(duration) ~ exercise + ai + seq_num + project_name + ipaq_category + occupation + exercise:ai + exercise:ipaq_category + (1 + ai | part_id),368.083946,407.497731
sqrt(duration) ~ exercise + ai + seq_num + project_name + ipaq_category + occupation + exercise:ai + exercise:ipaq_category + (1 + exercise | part_id),367.441433,406.855218
sqrt(duration) ~ exercise + ai + seq_num + project_name + ipaq_category + occupation + exercise:ai + exercise:ipaq_category + (1 | part_id) + (1 | stim_src_id),367.140448,404.364578
sqrt(duration) ~ exercise + ai + seq_num + project_name + ipaq_category + occupation + exercise:ai + exercise:ipaq_category + (1 | stim_src_id) + (1 + ai | part_id),369.802103,411.405543
sqrt(duration) ~ exercise + ai + seq_num + project_name + ipaq_category + occupation + exercise:ai + exercise:ipaq_category + (1 | stim_src_id) + (1 + exercise | part_id),369.243173,410.846614
sqrt(duration) ~ exercise + ai + seq_num + project_name + ipaq_category + occupation + exercise:ai + ai:seq_num + (1 | part_id),362.253832,395.098653
sqrt(duration) ~ exercise + ai + seq_num + project_name + ipaq_category + occupation + exercise:ai + ai:seq_num + (1 | stim_src_id),382.690919,415.535740
sqrt(duration) ~ exercise + ai + seq_num + project_name + ipaq_category + occupation + exercise:ai + ai:seq_num + (1 + ai | part_id),364.547482,401.771612
sqrt(duration) ~ exercise + ai + seq_num + project_name + ipaq_category + occupation + exercise:ai + ai:seq_num + (1 + exercise | part_id),364.344610,401.568740
sqrt(duration) ~ exercise + ai + seq_num + project_name + ipaq_category + occupation + exercise:ai + ai:seq_num + (1 | part_id) + (1 | stim_src_id),364.251737,399.286213
sqrt(duration) ~ exercise + ai + seq_num + project_name + ipaq_category + occupation + exercise:ai + ai:seq_num + (1 | stim_src_id) + (1 + ai | part_id),366.547482,405.961267
sqrt(duration) ~ exercise + ai + seq_num + project_name + ipaq_category + occupation + exercise:ai + ai:seq_num + (1 | stim_src_id) + (1 + exercise | part_id),366.344611,405.758396
sqrt(duration) ~ exercise + ai + seq_num + project_name + ipaq_category + occupation + exercise:ai + exercise:seq_num + (1 | part_id),363.136695,395.981516
sqrt(duration) ~ exercise + ai + seq_num + project_name + ipaq_category + occupation + exercise:ai + exercise:seq_num + (1 | stim_src_id),378.642107,411.486928
sqrt(duration) ~ exercise + ai + seq_num + project_name + ipaq_category + occupation + exercise:ai + exercise:seq_num + (1 + ai | part_id),365.762541,402.986672
sqrt(duration) ~ exercise + ai + seq_num + project_name + ipaq_category + occupation + exercise:ai + exercise:seq_num + (1 + exercise | part_id),365.453084,402.677215
sqrt(duration) ~ exercise + ai + seq_num + project_name + ipaq_category + occupation + exercise:ai + exercise:seq_num + (1 | part_id) + (1 | stim_src_id),364.750942,399.785418
sqrt(duration) ~ exercise + ai + seq_num + project_name + ipaq_category + occupation + exercise:ai + exercise:seq_num + (1 | stim_src_id) + (1 + ai | part_id),367.303608,406.717393
sqrt(duration) ~ exercise + ai + seq_num + project_name + ipaq_category + occupation + exercise:ai + exercise:seq_num + (1 | stim_src_id) + (1 + exercise | part_id),367.171222,406.585007
sqrt(duration) ~ exercise + ai + seq_num + project_name + ipaq_category + occupation + exercise:ipaq_category + ai:seq_num + (1 | part_id),365.417045,400.451521
sqrt(duration) ~ exercise + ai + seq_num + project_name + ipaq_category + occupation + exercise:ipaq_category + ai:seq_num + (1 | stim_src_id),385.726729,420.761205
sqrt(duration) ~ exercise + ai + seq_num + project_name + ipaq_category + occupation + exercise:ipaq_category + ai:seq_num + (1 + ai | part_id),367.811966,407.225752
sqrt(duration) ~ exercise + ai + seq_num + project_name + ipaq_category + occupation + exercise:ipaq_category + ai:seq_num + (1 + exercise | part_id),367.794559,407.208344
sqrt(duration) ~ exercise + ai + seq_num + project_name + ipaq_category + occupation + exercise:ipaq_category + ai:seq_num + (1 | part_id) + (1 | stim_src_id),367.176822,404.400952
sqrt(duration) ~ exercise + ai + seq_num + project_name + ipaq_category + occupation + exercise:ipaq_category + ai:seq_num + (1 | stim_src_id) + (1 + ai | part_id),369.638784,411.242224
sqrt(duration) ~ exercise + ai + seq_num + project_name + ipaq_category + occupation + exercise:ipaq_category + ai:seq_num + (1 | stim_src_id) + (1 + exercise | part_id),369.587680,411.191120
sqrt(duration) ~ exercise + ai + seq_num + project_name + ipaq_category + occupation + exercise:ipaq_category + exercise:seq_num + (1 | part_id),366.001508,401.035984
sqrt(duration) ~ exercise + ai + seq_num + project_name + ipaq_category + occupation + exercise:ipaq_category + exercise:seq_num + (1 | stim_src_id),382.234843,417.269319
sqrt(duration) ~ exercise + ai + seq_num + project_name + ipaq_category + occupation + exercise:ipaq_category + exercise:seq_num + (1 + ai | part_id),368.693083,408.106868
sqrt(duration) ~ exercise + ai + seq_num + project_name + ipaq_category + occupation + exercise:ipaq_category + exercise:seq_num + (1 + exercise | part_id),368.591644,408.005429
sqrt(duration) ~ exercise + ai + seq_num + project_name + ipaq_category + occupation + exercise:ipaq_category + exercise:seq_num + (1 | part_id) + (1 | stim_src_id),367.204690,404.428820
sqrt(duration) ~ exercise + ai + seq_num + project_name + ipaq_category + occupation + exercise:ipaq_category + exercise:seq_num + (1 | stim_src_id) + (1 + ai | part_id),369.827355,411.430795
sqrt(duration) ~ exercise + ai + seq_num + project_name + ipaq_category + occupation + exercise:ipaq_category + exercise:seq_num + (1 | stim_src_id) + (1 + exercise | part_id),369.842030,411.445470
sqrt(duration) ~ exercise + ai + seq_num + project_name + ipaq_category + occupation + ai:seq_num + exercise:seq_num + (1 | part_id),363.224110,396.068931
sqrt(duration) ~ exercise + ai + seq_num + project_name + ipaq_category + occupation + ai:seq_num + exercise:seq_num + (1 | stim_src_id),381.265911,414.110732
sqrt(duration) ~ exercise + ai + seq_num + project_name + ipaq_category + occupation + ai:seq_num + exercise:seq_num + (1 + ai | part_id),365.660063,402.884193
sqrt(duration) ~ exercise + ai + seq_num + project_name + ipaq_category + occupation + ai:seq_num + exercise:seq_num + (1 + exercise | part_id),365.757554,402.981685
sqrt(duration) ~ exercise + ai + seq_num + project_name + ipaq_category + occupation + ai:seq_num + exercise:seq_num + (1 | part_id) + (1 | stim_src_id),364.911279,399.945755
sqrt(duration) ~ exercise + ai + seq_num + project_name + ipaq_category + occupation + ai:seq_num + exercise:seq_num + (1 | stim_src_id) + (1 + ai | part_id),367.342526,406.756311
sqrt(duration) ~ exercise + ai + seq_num + project_name + ipaq_category + occupation + ai:seq_num + exercise:seq_num + (1 | stim_src_id) + (1 + exercise | part_id),367.486957,406.900742
sqrt(duration) ~ exercise + ai + seq_num + project_name + ipaq_category + occupation + exercise:ai + exercise:ipaq_category + ai:seq_num + (1 | part_id),366.236360,403.460490
sqrt(duration) ~ exercise + ai + seq_num + project_name + ipaq_category + occupation + exercise:ai + exercise:ipaq_category + ai:seq_num + (1 | stim_src_id),386.356834,423.580964
sqrt(duration) ~ exercise + ai + seq_num + project_name + ipaq_category + occupation + exercise:ai + exercise:ipaq_category + ai:seq_num + (1 + ai | part_id),368.528134,410.131574
sqrt(duration) ~ exercise + ai + seq_num + project_name + ipaq_category + occupation + exercise:ai + exercise:ipaq_category + ai:seq_num + (1 + exercise | part_id),368.303977,409.907417
sqrt(duration) ~ exercise + ai + seq_num + project_name + ipaq_category + occupation + exercise:ai + exercise:ipaq_category + ai:seq_num + (1 | part_id) + (1 | stim_src_id),368.233681,407.647467
sqrt(duration) ~ exercise + ai + seq_num + project_name + ipaq_category + occupation + exercise:ai + exercise:ipaq_category + ai:seq_num + (1 | stim_src_id) + (1 + ai | part_id),370.528134,414.321229
sqrt(duration) ~ exercise + ai + seq_num + project_name + ipaq_category + occupation + exercise:ai + exercise:ipaq_category + ai:seq_num + (1 | stim_src_id) + (1 + exercise | part_id),370.303977,414.097072
sqrt(duration) ~ exercise + ai + seq_num + project_name + ipaq_category + occupation + exercise:ai + exercise:ipaq_category + exercise:seq_num + (1 | part_id),366.931760,404.155890
sqrt(duration) ~ exercise + ai + seq_num + project_name + ipaq_category + occupation + exercise:ai + exercise:ipaq_category + exercise:seq_num + (1 | stim_src_id),381.533595,418.757725
sqrt(duration) ~ exercise + ai + seq_num + project_name + ipaq_category + occupation + exercise:ai + exercise:ipaq_category + exercise:seq_num + (1 + ai | part_id),369.560884,411.164324
sqrt(duration) ~ exercise + ai + seq_num + project_name + ipaq_category + occupation + exercise:ai + exercise:ipaq_category + exercise:seq_num + (1 + exercise | part_id),369.272206,410.875646
sqrt(duration) ~ exercise + ai + seq_num + project_name + ipaq_category + occupation + exercise:ai + exercise:ipaq_category + exercise:seq_num + (1 | part_id) + (1 | stim_src_id),368.555568,407.969354
sqrt(duration) ~ exercise + ai + seq_num + project_name + ipaq_category + occupation + exercise:ai + exercise:ipaq_category + exercise:seq_num + (1 | stim_src_id) + (1 + ai | part_id),371.113126,414.906221
sqrt(duration) ~ exercise + ai + seq_num + project_name + ipaq_category + occupation + exercise:ai + exercise:ipaq_category + exercise:seq_num + (1 | stim_src_id) + (1 + exercise | part_id),370.996294,414.789389
sqrt(duration) ~ exercise + ai + seq_num + project_name + ipaq_category + occupation + exercise:ai + ai:seq_num + exercise:seq_num + (1 | part_id),363.985595,399.020071
sqrt(duration) ~ exercise + ai + seq_num + project_name + ipaq_category + occupation + exercise:ai + ai:seq_num + exercise:seq_num + (1 | stim_src_id),380.293438,415.327914
sqrt(duration) ~ exercise + ai + seq_num + project_name + ipaq_category + occupation + exercise:ai + ai:seq_num + exercise:seq_num + (1 + ai | part_id),366.268942,405.682727
sqrt(duration) ~ exercise + ai + seq_num + project_name + ipaq_category + occupation + exercise:ai + ai:seq_num + exercise:seq_num + (1 + exercise | part_id),366.263462,405.677247
sqrt(duration) ~ exercise + ai + seq_num + project_name + ipaq_category + occupation + exercise:ai + ai:seq_num + exercise:seq_num + (1 | part_id) + (1 | stim_src_id),365.973932,403.198062
sqrt(duration) ~ exercise + ai + seq_num + project_name + ipaq_category + occupation + exercise:ai + ai:seq_num + exercise:seq_num + (1 | stim_src_id) + (1 + ai | part_id),368.248906,409.852346
sqrt(duration) ~ exercise + ai + seq_num + project_name + ipaq_category + occupation + exercise:ai + ai:seq_num + exercise:seq_num + (1 | stim_src_id) + (1 + exercise | part_id),368.263462,409.866902
sqrt(duration) ~ exercise + ai + seq_num + project_name + ipaq_category + occupation + exercise:ipaq_category + ai:seq_num + exercise:seq_num + (1 | part_id),367.220085,404.444216
sqrt(duration) ~ exercise + ai + seq_num + project_name + ipaq_category + occupation + exercise:ipaq_category + ai:seq_num + exercise:seq_num + (1 | stim_src_id),384.215661,421.439792
sqrt(duration) ~ exercise + ai + seq_num + project_name + ipaq_category + occupation + exercise:ipaq_category + ai:seq_num + exercise:seq_num + (1 + ai | part_id),369.631573,411.235014
sqrt(duration) ~ exercise + ai + seq_num + project_name + ipaq_category + occupation + exercise:ipaq_category + ai:seq_num + exercise:seq_num + (1 + exercise | part_id),369.734198,411.337638
sqrt(duration) ~ exercise + ai + seq_num + project_name + ipaq_category + occupation + exercise:ipaq_category + ai:seq_num + exercise:seq_num + (1 | part_id) + (1 | stim_src_id),368.890230,408.304015
sqrt(duration) ~ exercise + ai + seq_num + project_name + ipaq_category + occupation + exercise:ipaq_category + ai:seq_num + exercise:seq_num + (1 | stim_src_id) + (1 + ai | part_id),371.311272,415.104367
sqrt(duration) ~ exercise + ai + seq_num + project_name + ipaq_category + occupation + exercise:ipaq_category + ai:seq_num + exercise:seq_num + (1 | stim_src_id) + (1 + exercise | part_id),371.457469,415.250564
sqrt(duration) ~ exercise + ai + seq_num + project_name + ipaq_category + occupation + exercise:ai + exercise:ipaq_category + ai:seq_num + exercise:seq_num + (1 | part_id),367.924650,407.338435
sqrt(duration) ~ exercise + ai + seq_num + project_name + ipaq_category + occupation + exercise:ai + exercise:ipaq_category + ai:seq_num + exercise:seq_num + (1 | stim_src_id),383.299130,422.712916
sqrt(duration) ~ exercise + ai + seq_num + project_name + ipaq_category + occupation + exercise:ai + exercise:ipaq_category + ai:seq_num + exercise:seq_num + (1 + ai | part_id),370.229544,414.022639
sqrt(duration) ~ exercise + ai + seq_num + project_name + ipaq_category + occupation + exercise:ai + exercise:ipaq_category + ai:seq_num + exercise:seq_num + (1 + exercise | part_id),370.211006,414.004101
sqrt(duration) ~ exercise + ai + seq_num + project_name + ipaq_category + occupation + exercise:ai + exercise:ipaq_category + ai:seq_num + exercise:seq_num + (1 | part_id) + (1 | stim_src_id),369.909034,411.512474
sqrt(duration) ~ exercise + ai + seq_num + project_name + ipaq_category + occupation + exercise:ai + exercise:ipaq_category + ai:seq_num + exercise:seq_num + (1 | stim_src_id) + (1 + ai | part_id),372.204353,418.187103
sqrt(duration) ~ exercise + ai + seq_num + project_name + ipaq_category + occupation + exercise:ai + exercise:ipaq_category + ai:seq_num + exercise:seq_num + (1 | stim_src_id) + (1 + exercise | part_id),372.210633,418.193383
