formula,AIC,BIC
sqrt(duration) ~ (1 | part_id),394.677084,401.246048
sqrt(duration) ~ (1 | stim_src_id),396.940159,403.509123
sqrt(duration) ~ (1 + ai | part_id),369.460091,380.408365
sqrt(duration) ~ (1 + exercise | part_id),368.924608,379.872882
sqrt(duration) ~ (1 | part_id) + (1 | stim_src_id),395.101367,403.859986
sqrt(duration) ~ (1 | stim_src_id) + (1 + ai | part_id),371.460091,384.598020
sqrt(duration) ~ (1 | stim_src_id) + (1 + exercise | part_id),370.924608,384.062537
sqrt(duration) ~ exercise + (1 | part_id),394.294974,403.053593
sqrt(duration) ~ exercise + (1 | stim_src_id),396.169009,404.927628
sqrt(duration) ~ exercise + (1 + ai | part_id),370.400125,383.538053
sqrt(duration) ~ exercise + (1 + exercise | part_id),369.352492,382.490420
sqrt(duration) ~ exercise + (1 | part_id) + (1 | stim_src_id),393.662816,404.611089
sqrt(duration) ~ exercise + (1 | stim_src_id) + (1 + ai | part_id),372.400125,387.727708
sqrt(duration) ~ exercise + (1 | stim_src_id) + (1 + exercise | part_id),371.352492,386.680075
sqrt(duration) ~ ai + (1 | part_id),393.207972,401.966591
sqrt(duration) ~ ai + (1 | stim_src_id),396.052027,404.810646
sqrt(duration) ~ ai + (1 + ai | part_id),370.822651,383.960579
sqrt(duration) ~ ai + (1 + exercise | part_id),369.432214,382.570142
sqrt(duration) ~ ai + (1 | part_id) + (1 | stim_src_id),393.068796,404.017070
sqrt(duration) ~ ai + (1 | stim_src_id) + (1 + ai | part_id),372.822651,388.150234
sqrt(duration) ~ ai + (1 | stim_src_id) + (1 + exercise | part_id),371.432214,386.759797
sqrt(duration) ~ project_name + (1 | part_id),395.678958,404.437577
sqrt(duration) ~ project_name + (1 | stim_src_id),398.792879,407.551498
sqrt(duration) ~ project_name + (1 + ai | part_id),369.242261,382.380189
sqrt(duration) ~ project_name + (1 + exercise | part_id),368.221973,381.359901
sqrt(duration) ~ project_name + (1 | part_id) + (1 | stim_src_id),396.689214,407.637488
sqrt(duration) ~ project_name + (1 | stim_src_id) + (1 + ai | part_id),371.242261,386.569844
sqrt(duration) ~ project_name + (1 | stim_src_id) + (1 + exercise | part_id),370.221973,385.549556
sqrt(duration) ~ ipaq_category + (1 | part_id),395.617843,406.566117
sqrt(duration) ~ ipaq_category + (1 | stim_src_id),398.334567,409.282840
sqrt(duration) ~ ipaq_category + (1 + ai | part_id),370.570191,385.897774
sqrt(duration) ~ ipaq_category + (1 + exercise | part_id),369.638329,384.965913
sqrt(duration) ~ ipaq_category + (1 | part_id) + (1 | stim_src_id),396.389668,409.527596
sqrt(duration) ~ ipaq_category + (1 | stim_src_id) + (1 + ai | part_id),372.570191,390.087429
sqrt(duration) ~ ipaq_category + (1 | stim_src_id) + (1 + exercise | part_id),371.638329,389.155567
sqrt(duration) ~ occupation + (1 | part_id),400.099827,415.427410
sqrt(duration) ~ occupation + (1 | stim_src_id),402.050733,417.378316
sqrt(duration) ~ occupation + (1 + ai | part_id),375.745941,395.452834
sqrt(duration) ~ occupation + (1 + exercise | part_id),374.872818,394.579711
sqrt(duration) ~ occupation + (1 | part_id) + (1 | stim_src_id),400.555080,418.072318
sqrt(duration) ~ occupation + (1 | stim_src_id) + (1 + ai | part_id),377.745941,399.642488
sqrt(duration) ~ occupation + (1 | stim_src_id) + (1 + exercise | part_id),376.872818,398.769365
sqrt(duration) ~ seq_num + (1 | part_id),363.449823,372.208442
sqrt(duration) ~ seq_num + (1 | stim_src_id),378.618218,387.376837
sqrt(duration) ~ seq_num + (1 + ai | part_id),357.129971,370.267900
sqrt(duration) ~ seq_num + (1 + exercise | part_id),356.109726,369.247655
sqrt(duration) ~ seq_num + (1 | part_id) + (1 | stim_src_id),365.368150,376.316423
sqrt(duration) ~ seq_num + (1 | stim_src_id) + (1 + ai | part_id),358.876648,374.204231
sqrt(duration) ~ seq_num + (1 | stim_src_id) + (1 + exercise | part_id),357.775267,373.102850
sqrt(duration) ~ exercise * ai + (1 | part_id),393.804209,406.942137
sqrt(duration) ~ exercise * ai + (1 | stim_src_id),396.159997,409.297925
sqrt(duration) ~ exercise * ai + (1 + ai | part_id),372.101802,389.619040
sqrt(duration) ~ exercise * ai + (1 + exercise | part_id),370.195300,387.712538
sqrt(duration) ~ exercise * ai + (1 | part_id) + (1 | stim_src_id),392.932344,408.259927
sqrt(duration) ~ exercise * ai + (1 | stim_src_id) + (1 + ai | part_id),374.101802,393.808695
sqrt(duration) ~ exercise * ai + (1 | stim_src_id) + (1 + exercise | part_id),372.195300,391.902193
sqrt(duration) ~ exercise * ipaq_category + (1 | part_id),397.112818,414.630056
sqrt(duration) ~ exercise * ipaq_category + (1 | stim_src_id),400.388790,417.906028
sqrt(duration) ~ exercise * ipaq_category + (1 + ai | part_id),374.008865,395.905412
sqrt(duration) ~ exercise * ipaq_category + (1 + exercise | part_id),372.293177,394.189725
sqrt(duration) ~ exercise * ipaq_category + (1 | part_id) + (1 | stim_src_id),397.312857,417.019750
sqrt(duration) ~ exercise * ipaq_category + (1 | stim_src_id) + (1 + ai | part_id),376.008865,400.095067
sqrt(duration) ~ exercise * ipaq_category + (1 | stim_src_id) + (1 + exercise | part_id),374.293177,398.379379
