formula,AIC,BIC
(bug_found_num) ~ exercise + tp_tn + seq_num + (1 | stim_src_id),144.470037,164.324010
(bug_found_num) ~ exercise + tp_tn + seq_num + exercise:tp_tn + (1 | stim_src_id),147.171917,175.534736
(bug_found_num) ~ exercise + tp_tn + seq_num + tp_tn:seq_num + (1 | stim_src_id),143.951691,172.314510
(bug_found_num) ~ exercise + tp_tn + seq_num + exercise:seq_num + (1 | stim_src_id),144.146240,166.836495
(bug_found_num) ~ exercise + tp_tn + seq_num + exercise:tp_tn + tp_tn:seq_num + (1 | stim_src_id),145.629227,182.500891
(bug_found_num) ~ exercise + tp_tn + seq_num + exercise:tp_tn + exercise:seq_num + (1 | stim_src_id),146.039286,177.238387
(bug_found_num) ~ exercise + tp_tn + seq_num + tp_tn:seq_num + exercise:seq_num + (1 | stim_src_id),142.843187,174.042288
(bug_found_num) ~ exercise + tp_tn + seq_num + exercise:tp_tn + tp_tn:seq_num + exercise:seq_num + (1 | stim_src_id),143.625467,183.333414
(bug_found_num) ~ exercise + tp_tn + seq_num + project_name + (1 | stim_src_id),143.188122,165.878377
(bug_found_num) ~ exercise + tp_tn + seq_num + project_name + exercise:tp_tn + (1 | stim_src_id),145.244661,176.443762
(bug_found_num) ~ exercise + tp_tn + seq_num + project_name + tp_tn:seq_num + (1 | stim_src_id),143.073105,174.272206
(bug_found_num) ~ exercise + tp_tn + seq_num + project_name + exercise:seq_num + (1 | stim_src_id),142.630306,168.156843
(bug_found_num) ~ exercise + tp_tn + seq_num + project_name + exercise:tp_tn + tp_tn:seq_num + (1 | stim_src_id),144.203728,183.911675
(bug_found_num) ~ exercise + tp_tn + seq_num + project_name + exercise:tp_tn + exercise:seq_num + (1 | stim_src_id),143.857477,177.892860
(bug_found_num) ~ exercise + tp_tn + seq_num + project_name + tp_tn:seq_num + exercise:seq_num + (1 | stim_src_id),141.835609,175.870992
(bug_found_num) ~ exercise + tp_tn + seq_num + project_name + exercise:tp_tn + tp_tn:seq_num + exercise:seq_num + (1 | stim_src_id),142.155833,184.700062
(bug_found_num) ~ exercise + tp_tn + seq_num + ipaq_category + (1 | stim_src_id),148.387636,173.914173
(bug_found_num) ~ exercise + tp_tn + seq_num + ipaq_category + exercise:tp_tn + (1 | stim_src_id),151.108047,185.143430
(bug_found_num) ~ exercise + tp_tn + seq_num + ipaq_category + exercise:ipaq_category + (1 | stim_src_id),150.362741,178.725560
(bug_found_num) ~ exercise + tp_tn + seq_num + ipaq_category + tp_tn:seq_num + (1 | stim_src_id),147.812434,181.847817
(bug_found_num) ~ exercise + tp_tn + seq_num + ipaq_category + exercise:seq_num + (1 | stim_src_id),147.958653,176.321472
(bug_found_num) ~ exercise + tp_tn + seq_num + ipaq_category + exercise:tp_tn + exercise:ipaq_category + (1 | stim_src_id),153.107804,189.979468
(bug_found_num) ~ exercise + tp_tn + seq_num + ipaq_category + exercise:tp_tn + tp_tn:seq_num + (1 | stim_src_id),149.565055,192.109284
(bug_found_num) ~ exercise + tp_tn + seq_num + ipaq_category + exercise:tp_tn + exercise:seq_num + (1 | stim_src_id),149.892984,186.764649
(bug_found_num) ~ exercise + tp_tn + seq_num + ipaq_category + exercise:ipaq_category + tp_tn:seq_num + (1 | stim_src_id),149.753641,186.625306
(bug_found_num) ~ exercise + tp_tn + seq_num + ipaq_category + exercise:ipaq_category + exercise:seq_num + (1 | stim_src_id),149.793138,180.992239
(bug_found_num) ~ exercise + tp_tn + seq_num + ipaq_category + tp_tn:seq_num + exercise:seq_num + (1 | stim_src_id),146.066204,182.937869
(bug_found_num) ~ exercise + tp_tn + seq_num + ipaq_category + exercise:tp_tn + exercise:ipaq_category + tp_tn:seq_num + (1 | stim_src_id),151.554452,196.934962
(bug_found_num) ~ exercise + tp_tn + seq_num + ipaq_category + exercise:tp_tn + exercise:ipaq_category + exercise:seq_num + (1 | stim_src_id),151.802061,191.510007
(bug_found_num) ~ exercise + tp_tn + seq_num + ipaq_category + exercise:tp_tn + tp_tn:seq_num + exercise:seq_num + (1 | stim_src_id),147.131679,192.512189
(bug_found_num) ~ exercise + tp_tn + seq_num + ipaq_category + exercise:ipaq_category + tp_tn:seq_num + exercise:seq_num + (1 | stim_src_id),147.848553,187.556500
(bug_found_num) ~ exercise + tp_tn + seq_num + ipaq_category + exercise:tp_tn + exercise:ipaq_category + tp_tn:seq_num + exercise:seq_num + (1 | stim_src_id),148.926826,197.143618
(bug_found_num) ~ exercise + tp_tn + seq_num + occupation + (1 | stim_src_id),150.996158,185.031541
(bug_found_num) ~ exercise + tp_tn + seq_num + occupation + exercise:tp_tn + (1 | stim_src_id),152.787173,195.331402
(bug_found_num) ~ exercise + tp_tn + seq_num + occupation + tp_tn:seq_num + (1 | stim_src_id),150.700052,193.244280
(bug_found_num) ~ exercise + tp_tn + seq_num + occupation + exercise:seq_num + (1 | stim_src_id),150.946416,187.818081
(bug_found_num) ~ exercise + tp_tn + seq_num + occupation + exercise:tp_tn + tp_tn:seq_num + (1 | stim_src_id),151.102278,202.155353
(bug_found_num) ~ exercise + tp_tn + seq_num + occupation + exercise:tp_tn + exercise:seq_num + (1 | stim_src_id),152.027592,197.408102
(bug_found_num) ~ exercise + tp_tn + seq_num + occupation + tp_tn:seq_num + exercise:seq_num + (1 | stim_src_id),149.895232,195.275743
(bug_found_num) ~ exercise + tp_tn + seq_num + occupation + exercise:tp_tn + tp_tn:seq_num + exercise:seq_num + (1 | stim_src_id),149.485122,203.374479
(bug_found_num) ~ exercise + tp_tn + seq_num + project_name + ipaq_category + (1 | stim_src_id),147.116847,175.479666
(bug_found_num) ~ exercise + tp_tn + seq_num + project_name + ipaq_category + exercise:tp_tn + (1 | stim_src_id),149.154191,186.025856
(bug_found_num) ~ exercise + tp_tn + seq_num + project_name + ipaq_category + exercise:ipaq_category + (1 | stim_src_id),149.101444,180.300544
(bug_found_num) ~ exercise + tp_tn + seq_num + project_name + ipaq_category + tp_tn:seq_num + (1 | stim_src_id),146.955666,183.827331
(bug_found_num) ~ exercise + tp_tn + seq_num + project_name + ipaq_category + exercise:seq_num + (1 | stim_src_id),146.463925,177.663026
(bug_found_num) ~ exercise + tp_tn + seq_num + project_name + ipaq_category + exercise:tp_tn + exercise:ipaq_category + (1 | stim_src_id),151.145998,190.853945
(bug_found_num) ~ exercise + tp_tn + seq_num + project_name + ipaq_category + exercise:tp_tn + tp_tn:seq_num + (1 | stim_src_id),148.103158,193.483669
(bug_found_num) ~ exercise + tp_tn + seq_num + project_name + ipaq_category + exercise:tp_tn + exercise:seq_num + (1 | stim_src_id),147.691187,187.399134
(bug_found_num) ~ exercise + tp_tn + seq_num + project_name + ipaq_category + exercise:ipaq_category + tp_tn:seq_num + (1 | stim_src_id),148.913137,188.621084
(bug_found_num) ~ exercise + tp_tn + seq_num + project_name + ipaq_category + exercise:ipaq_category + exercise:seq_num + (1 | stim_src_id),148.328320,182.363703
(bug_found_num) ~ exercise + tp_tn + seq_num + project_name + ipaq_category + tp_tn:seq_num + exercise:seq_num + (1 | stim_src_id),145.112030,184.819977
(bug_found_num) ~ exercise + tp_tn + seq_num + project_name + ipaq_category + exercise:tp_tn + exercise:ipaq_category + tp_tn:seq_num + (1 | stim_src_id),150.103155,198.319948
(bug_found_num) ~ exercise + tp_tn + seq_num + project_name + ipaq_category + exercise:tp_tn + exercise:ipaq_category + exercise:seq_num + (1 | stim_src_id),149.662327,192.206555
(bug_found_num) ~ exercise + tp_tn + seq_num + project_name + ipaq_category + exercise:tp_tn + tp_tn:seq_num + exercise:seq_num + (1 | stim_src_id),145.667542,193.884334
(bug_found_num) ~ exercise + tp_tn + seq_num + project_name + ipaq_category + exercise:ipaq_category + tp_tn:seq_num + exercise:seq_num + (1 | stim_src_id),146.920570,189.464799
(bug_found_num) ~ exercise + tp_tn + seq_num + project_name + ipaq_category + exercise:tp_tn + exercise:ipaq_category + tp_tn:seq_num + exercise:seq_num + (1 | stim_src_id),147.527300,198.580375
(bug_found_num) ~ exercise + tp_tn + seq_num + project_name + occupation + (1 | stim_src_id),149.333302,186.204966
(bug_found_num) ~ exercise + tp_tn + seq_num + project_name + occupation + exercise:tp_tn + (1 | stim_src_id),150.425117,195.805627
(bug_found_num) ~ exercise + tp_tn + seq_num + project_name + occupation + tp_tn:seq_num + (1 | stim_src_id),149.690585,195.071096
(bug_found_num) ~ exercise + tp_tn + seq_num + project_name + occupation + exercise:seq_num + (1 | stim_src_id),148.579875,188.287821
(bug_found_num) ~ exercise + tp_tn + seq_num + project_name + occupation + exercise:tp_tn + tp_tn:seq_num + (1 | stim_src_id),149.520067,203.409424
(bug_found_num) ~ exercise + tp_tn + seq_num + project_name + occupation + exercise:tp_tn + exercise:seq_num + (1 | stim_src_id),148.893666,197.110459
(bug_found_num) ~ exercise + tp_tn + seq_num + project_name + occupation + tp_tn:seq_num + exercise:seq_num + (1 | stim_src_id),148.207788,196.424581
(bug_found_num) ~ exercise + tp_tn + seq_num + project_name + occupation + exercise:tp_tn + tp_tn:seq_num + exercise:seq_num + (1 | stim_src_id),147.409858,204.135496
(bug_found_num) ~ exercise + tp_tn + seq_num + ipaq_category + occupation + (1 | stim_src_id),154.915857,194.623804
(bug_found_num) ~ exercise + tp_tn + seq_num + ipaq_category + occupation + exercise:tp_tn + (1 | stim_src_id),156.653022,204.869815
(bug_found_num) ~ exercise + tp_tn + seq_num + ipaq_category + occupation + exercise:ipaq_category + (1 | stim_src_id),156.758796,199.303025
(bug_found_num) ~ exercise + tp_tn + seq_num + ipaq_category + occupation + tp_tn:seq_num + (1 | stim_src_id),154.451575,202.668367
(bug_found_num) ~ exercise + tp_tn + seq_num + ipaq_category + occupation + exercise:seq_num + (1 | stim_src_id),154.923042,197.467271
(bug_found_num) ~ exercise + tp_tn + seq_num + ipaq_category + occupation + exercise:tp_tn + exercise:ipaq_category + (1 | stim_src_id),158.219787,209.272862
(bug_found_num) ~ exercise + tp_tn + seq_num + ipaq_category + occupation + exercise:tp_tn + tp_tn:seq_num + (1 | stim_src_id),154.823898,211.549536
(bug_found_num) ~ exercise + tp_tn + seq_num + ipaq_category + occupation + exercise:tp_tn + exercise:seq_num + (1 | stim_src_id),155.989842,207.042916
(bug_found_num) ~ exercise + tp_tn + seq_num + ipaq_category + occupation + exercise:ipaq_category + tp_tn:seq_num + (1 | stim_src_id),156.346251,207.399325
(bug_found_num) ~ exercise + tp_tn + seq_num + ipaq_category + occupation + exercise:ipaq_category + exercise:seq_num + (1 | stim_src_id),156.922391,202.302901
(bug_found_num) ~ exercise + tp_tn + seq_num + ipaq_category + occupation + tp_tn:seq_num + exercise:seq_num + (1 | stim_src_id),153.403255,204.456329
(bug_found_num) ~ exercise + tp_tn + seq_num + ipaq_category + occupation + exercise:tp_tn + exercise:ipaq_category + tp_tn:seq_num + (1 | stim_src_id),156.404726,215.966646
(bug_found_num) ~ exercise + tp_tn + seq_num + ipaq_category + occupation + exercise:tp_tn + exercise:ipaq_category + exercise:seq_num + (1 | stim_src_id),157.955727,211.845083
(bug_found_num) ~ exercise + tp_tn + seq_num + ipaq_category + occupation + exercise:tp_tn + tp_tn:seq_num + exercise:seq_num + (1 | stim_src_id),153.138036,212.699956
(bug_found_num) ~ exercise + tp_tn + seq_num + ipaq_category + occupation + exercise:ipaq_category + tp_tn:seq_num + exercise:seq_num + (1 | stim_src_id),155.402487,209.291843
(bug_found_num) ~ exercise + tp_tn + seq_num + ipaq_category + occupation + exercise:tp_tn + exercise:ipaq_category + tp_tn:seq_num + exercise:seq_num + (1 | stim_src_id),155.117492,217.515694
(bug_found_num) ~ exercise + tp_tn + seq_num + project_name + ipaq_category + occupation + (1 | stim_src_id),153.284520,195.828749
(bug_found_num) ~ exercise + tp_tn + seq_num + project_name + ipaq_category + occupation + exercise:tp_tn + (1 | stim_src_id),154.321180,205.374255
(bug_found_num) ~ exercise + tp_tn + seq_num + project_name + ipaq_category + occupation + exercise:ipaq_category + (1 | stim_src_id),155.120837,200.501348
(bug_found_num) ~ exercise + tp_tn + seq_num + project_name + ipaq_category + occupation + tp_tn:seq_num + (1 | stim_src_id),153.563482,204.616556
(bug_found_num) ~ exercise + tp_tn + seq_num + project_name + ipaq_category + occupation + exercise:seq_num + (1 | stim_src_id),152.573759,197.954269
(bug_found_num) ~ exercise + tp_tn + seq_num + project_name + ipaq_category + occupation + exercise:tp_tn + exercise:ipaq_category + (1 | stim_src_id),155.839678,209.729035
(bug_found_num) ~ exercise + tp_tn + seq_num + project_name + ipaq_category + occupation + exercise:tp_tn + tp_tn:seq_num + (1 | stim_src_id),153.360421,212.922341
(bug_found_num) ~ exercise + tp_tn + seq_num + project_name + ipaq_category + occupation + exercise:tp_tn + exercise:seq_num + (1 | stim_src_id),152.883233,206.772589
(bug_found_num) ~ exercise + tp_tn + seq_num + project_name + ipaq_category + occupation + exercise:ipaq_category + tp_tn:seq_num + (1 | stim_src_id),155.483569,209.372925
(bug_found_num) ~ exercise + tp_tn + seq_num + project_name + ipaq_category + occupation + exercise:ipaq_category + exercise:seq_num + (1 | stim_src_id),154.573409,202.790201
(bug_found_num) ~ exercise + tp_tn + seq_num + project_name + ipaq_category + occupation + tp_tn:seq_num + exercise:seq_num + (1 | stim_src_id),151.855350,205.744706
(bug_found_num) ~ exercise + tp_tn + seq_num + project_name + ipaq_category + occupation + exercise:tp_tn + exercise:ipaq_category + tp_tn:seq_num + (1 | stim_src_id),154.934937,217.333139
(bug_found_num) ~ exercise + tp_tn + seq_num + project_name + ipaq_category + occupation + exercise:tp_tn + exercise:ipaq_category + exercise:seq_num + (1 | stim_src_id),154.814929,211.540567
(bug_found_num) ~ exercise + tp_tn + seq_num + project_name + ipaq_category + occupation + exercise:tp_tn + tp_tn:seq_num + exercise:seq_num + (1 | stim_src_id),151.154983,213.553185
(bug_found_num) ~ exercise + tp_tn + seq_num + project_name + ipaq_category + occupation + exercise:ipaq_category + tp_tn:seq_num + exercise:seq_num + (1 | stim_src_id),153.843437,210.569076
(bug_found_num) ~ exercise + tp_tn + seq_num + project_name + ipaq_category + occupation + exercise:tp_tn + exercise:ipaq_category + tp_tn:seq_num + exercise:seq_num + (1 | stim_src_id),153.137555,218.372039
