formula,AIC,BIC
(bug_found_num) ~ exercise + ai + seq_num + (1 | stim_src_id),334.948136,352.654454
(bug_found_num) ~ exercise + ai + seq_num + exercise:ai + (1 | stim_src_id),336.598841,357.846422
(bug_found_num) ~ exercise + ai + seq_num + ai:seq_num + (1 | stim_src_id),336.063698,357.311279
(bug_found_num) ~ exercise + ai + seq_num + exercise:seq_num + (1 | stim_src_id),334.270105,355.517686
(bug_found_num) ~ exercise + ai + seq_num + exercise:ai + ai:seq_num + (1 | stim_src_id),337.767288,362.556133
(bug_found_num) ~ exercise + ai + seq_num + exercise:ai + exercise:seq_num + (1 | stim_src_id),335.778088,360.566933
(bug_found_num) ~ exercise + ai + seq_num + ai:seq_num + exercise:seq_num + (1 | stim_src_id),335.327853,360.116698
(bug_found_num) ~ exercise + ai + seq_num + exercise:ai + ai:seq_num + exercise:seq_num + (1 | stim_src_id),336.897303,365.227411
(bug_found_num) ~ exercise + ai + seq_num + project_name + (1 | stim_src_id),336.612350,357.859931
(bug_found_num) ~ exercise + ai + seq_num + project_name + exercise:ai + (1 | stim_src_id),338.207715,362.996560
(bug_found_num) ~ exercise + ai + seq_num + project_name + ai:seq_num + (1 | stim_src_id),337.689207,362.478052
(bug_found_num) ~ exercise + ai + seq_num + project_name + exercise:seq_num + (1 | stim_src_id),335.839466,360.628311
(bug_found_num) ~ exercise + ai + seq_num + project_name + exercise:ai + ai:seq_num + (1 | stim_src_id),339.340487,367.670595
(bug_found_num) ~ exercise + ai + seq_num + project_name + exercise:ai + exercise:seq_num + (1 | stim_src_id),337.271564,365.601673
(bug_found_num) ~ exercise + ai + seq_num + project_name + ai:seq_num + exercise:seq_num + (1 | stim_src_id),336.858522,365.188630
(bug_found_num) ~ exercise + ai + seq_num + project_name + exercise:ai + ai:seq_num + exercise:seq_num + (1 | stim_src_id),338.355910,370.227282
(bug_found_num) ~ exercise + ai + seq_num + ipaq_category + (1 | stim_src_id),338.659156,363.448000
(bug_found_num) ~ exercise + ai + seq_num + ipaq_category + exercise:ai + (1 | stim_src_id),340.187084,368.517193
(bug_found_num) ~ exercise + ai + seq_num + ipaq_category + exercise:ipaq_category + (1 | stim_src_id),341.094356,372.965728
(bug_found_num) ~ exercise + ai + seq_num + ipaq_category + ai:seq_num + (1 | stim_src_id),339.855449,368.185557
(bug_found_num) ~ exercise + ai + seq_num + ipaq_category + exercise:seq_num + (1 | stim_src_id),338.162029,366.492137
(bug_found_num) ~ exercise + ai + seq_num + ipaq_category + exercise:ai + exercise:ipaq_category + (1 | stim_src_id),342.617806,378.030441
(bug_found_num) ~ exercise + ai + seq_num + ipaq_category + exercise:ai + ai:seq_num + (1 | stim_src_id),341.475708,373.347080
(bug_found_num) ~ exercise + ai + seq_num + ipaq_category + exercise:ai + exercise:seq_num + (1 | stim_src_id),339.567746,371.439117
(bug_found_num) ~ exercise + ai + seq_num + ipaq_category + exercise:ipaq_category + ai:seq_num + (1 | stim_src_id),342.255137,377.667772
(bug_found_num) ~ exercise + ai + seq_num + ipaq_category + exercise:ipaq_category + exercise:seq_num + (1 | stim_src_id),340.486088,375.898723
(bug_found_num) ~ exercise + ai + seq_num + ipaq_category + ai:seq_num + exercise:seq_num + (1 | stim_src_id),339.295083,371.166455
(bug_found_num) ~ exercise + ai + seq_num + ipaq_category + exercise:ai + exercise:ipaq_category + ai:seq_num + (1 | stim_src_id),343.873419,382.827318
(bug_found_num) ~ exercise + ai + seq_num + ipaq_category + exercise:ai + exercise:ipaq_category + exercise:seq_num + (1 | stim_src_id),341.884743,380.838642
(bug_found_num) ~ exercise + ai + seq_num + ipaq_category + exercise:ai + ai:seq_num + exercise:seq_num + (1 | stim_src_id),340.802300,376.214935
(bug_found_num) ~ exercise + ai + seq_num + ipaq_category + exercise:ipaq_category + ai:seq_num + exercise:seq_num + (1 | stim_src_id),341.586828,380.540727
(bug_found_num) ~ exercise + ai + seq_num + ipaq_category + exercise:ai + exercise:ipaq_category + ai:seq_num + exercise:seq_num + (1 | stim_src_id),343.089561,385.584723
(bug_found_num) ~ exercise + ai + seq_num + occupation + (1 | stim_src_id),343.215977,378.628613
(bug_found_num) ~ exercise + ai + seq_num + occupation + exercise:ai + (1 | stim_src_id),344.822421,383.776320
(bug_found_num) ~ exercise + ai + seq_num + occupation + ai:seq_num + (1 | stim_src_id),344.160028,383.113927
(bug_found_num) ~ exercise + ai + seq_num + occupation + exercise:seq_num + (1 | stim_src_id),343.263598,382.217497
(bug_found_num) ~ exercise + ai + seq_num + occupation + exercise:ai + ai:seq_num + (1 | stim_src_id),345.899025,388.394187
(bug_found_num) ~ exercise + ai + seq_num + occupation + exercise:ai + exercise:seq_num + (1 | stim_src_id),344.884687,387.379850
(bug_found_num) ~ exercise + ai + seq_num + occupation + ai:seq_num + exercise:seq_num + (1 | stim_src_id),344.137359,386.632521
(bug_found_num) ~ exercise + ai + seq_num + occupation + exercise:ai + ai:seq_num + exercise:seq_num + (1 | stim_src_id),345.890443,391.926869
(bug_found_num) ~ exercise + ai + seq_num + has_bug + (1 | stim_src_id),311.935548,333.183129
(bug_found_num) ~ exercise + ai + seq_num + has_bug + exercise:ai + (1 | stim_src_id),313.662444,338.451289
(bug_found_num) ~ exercise + ai + seq_num + has_bug + ai:seq_num + (1 | stim_src_id),313.094680,337.883524
(bug_found_num) ~ exercise + ai + seq_num + has_bug + exercise:seq_num + (1 | stim_src_id),310.346490,335.135335
(bug_found_num) ~ exercise + ai + seq_num + has_bug + ai:has_bug + (1 | stim_src_id),310.557759,335.346604
(bug_found_num) ~ exercise + ai + seq_num + has_bug + exercise:has_bug + (1 | stim_src_id),313.676490,338.465335
(bug_found_num) ~ exercise + ai + seq_num + has_bug + exercise:ai + ai:seq_num + (1 | stim_src_id),314.848142,343.178250
(bug_found_num) ~ exercise + ai + seq_num + has_bug + exercise:ai + exercise:seq_num + (1 | stim_src_id),311.897988,340.228096
(bug_found_num) ~ exercise + ai + seq_num + has_bug + exercise:ai + ai:has_bug + (1 | stim_src_id),312.209594,340.539703
(bug_found_num) ~ exercise + ai + seq_num + has_bug + exercise:ai + exercise:has_bug + (1 | stim_src_id),315.439341,343.769449
(bug_found_num) ~ exercise + ai + seq_num + has_bug + ai:seq_num + exercise:seq_num + (1 | stim_src_id),311.522688,339.852796
(bug_found_num) ~ exercise + ai + seq_num + has_bug + ai:seq_num + ai:has_bug + (1 | stim_src_id),311.878333,340.208442
(bug_found_num) ~ exercise + ai + seq_num + has_bug + ai:seq_num + exercise:has_bug + (1 | stim_src_id),314.796981,343.127089
(bug_found_num) ~ exercise + ai + seq_num + has_bug + exercise:seq_num + ai:has_bug + (1 | stim_src_id),309.212411,337.542519
(bug_found_num) ~ exercise + ai + seq_num + has_bug + exercise:seq_num + exercise:has_bug + (1 | stim_src_id),311.923275,340.253383
(bug_found_num) ~ exercise + ai + seq_num + has_bug + ai:has_bug + exercise:has_bug + (1 | stim_src_id),312.268325,340.598433
(bug_found_num) ~ exercise + ai + seq_num + has_bug + exercise:ai + ai:seq_num + exercise:seq_num + (1 | stim_src_id),313.099727,344.971099
(bug_found_num) ~ exercise + ai + seq_num + has_bug + exercise:ai + ai:seq_num + ai:has_bug + (1 | stim_src_id),313.557809,345.429181
(bug_found_num) ~ exercise + ai + seq_num + has_bug + exercise:ai + ai:seq_num + exercise:has_bug + (1 | stim_src_id),316.586911,348.458283
(bug_found_num) ~ exercise + ai + seq_num + has_bug + exercise:ai + exercise:seq_num + ai:has_bug + (1 | stim_src_id),310.671390,342.542762
(bug_found_num) ~ exercise + ai + seq_num + has_bug + exercise:ai + exercise:seq_num + exercise:has_bug + (1 | stim_src_id),313.530651,345.402023
(bug_found_num) ~ exercise + ai + seq_num + has_bug + exercise:ai + ai:has_bug + exercise:has_bug + (1 | stim_src_id),313.972752,345.844124
(bug_found_num) ~ exercise + ai + seq_num + has_bug + ai:seq_num + exercise:seq_num + ai:has_bug + (1 | stim_src_id),310.546564,342.417936
(bug_found_num) ~ exercise + ai + seq_num + has_bug + ai:seq_num + exercise:seq_num + exercise:has_bug + (1 | stim_src_id),313.059336,344.930708
(bug_found_num) ~ exercise + ai + seq_num + has_bug + ai:seq_num + ai:has_bug + exercise:has_bug + (1 | stim_src_id),313.554537,345.425909
(bug_found_num) ~ exercise + ai + seq_num + has_bug + exercise:seq_num + ai:has_bug + exercise:has_bug + (1 | stim_src_id),310.754312,342.625684
(bug_found_num) ~ exercise + ai + seq_num + has_bug + exercise:ai + ai:seq_num + exercise:seq_num + ai:has_bug + (1 | stim_src_id),312.035868,347.448503
(bug_found_num) ~ exercise + ai + seq_num + has_bug + exercise:ai + ai:seq_num + exercise:seq_num + exercise:has_bug + (1 | stim_src_id),314.692651,350.105287
(bug_found_num) ~ exercise + ai + seq_num + has_bug + exercise:ai + ai:seq_num + ai:has_bug + exercise:has_bug + (1 | stim_src_id),315.287047,350.699682
(bug_found_num) ~ exercise + ai + seq_num + has_bug + exercise:ai + exercise:seq_num + ai:has_bug + exercise:has_bug + (1 | stim_src_id),312.291954,347.704590
(bug_found_num) ~ exercise + ai + seq_num + has_bug + ai:seq_num + exercise:seq_num + ai:has_bug + exercise:has_bug + (1 | stim_src_id),312.079673,347.492309
(bug_found_num) ~ exercise + ai + seq_num + has_bug + exercise:ai + ai:seq_num + exercise:seq_num + ai:has_bug + exercise:has_bug + (1 | stim_src_id),313.645815,352.599714
(bug_found_num) ~ exercise + ai + seq_num + project_name + ipaq_category + (1 | stim_src_id),340.274920,368.605028
(bug_found_num) ~ exercise + ai + seq_num + project_name + ipaq_category + exercise:ai + (1 | stim_src_id),341.723027,373.594399
(bug_found_num) ~ exercise + ai + seq_num + project_name + ipaq_category + exercise:ipaq_category + (1 | stim_src_id),342.686966,378.099602
(bug_found_num) ~ exercise + ai + seq_num + project_name + ipaq_category + ai:seq_num + (1 | stim_src_id),341.438551,373.309923
(bug_found_num) ~ exercise + ai + seq_num + project_name + ipaq_category + exercise:seq_num + (1 | stim_src_id),339.713144,371.584516
(bug_found_num) ~ exercise + ai + seq_num + project_name + ipaq_category + exercise:ai + exercise:ipaq_category + (1 | stim_src_id),344.128261,383.082160
(bug_found_num) ~ exercise + ai + seq_num + project_name + ipaq_category + exercise:ai + ai:seq_num + (1 | stim_src_id),342.986885,378.399520
(bug_found_num) ~ exercise + ai + seq_num + project_name + ipaq_category + exercise:ai + exercise:seq_num + (1 | stim_src_id),341.022340,376.434975
(bug_found_num) ~ exercise + ai + seq_num + project_name + ipaq_category + exercise:ipaq_category + ai:seq_num + (1 | stim_src_id),343.813003,382.766902
(bug_found_num) ~ exercise + ai + seq_num + project_name + ipaq_category + exercise:ipaq_category + exercise:seq_num + (1 | stim_src_id),342.005785,380.959684
(bug_found_num) ~ exercise + ai + seq_num + project_name + ipaq_category + ai:seq_num + exercise:seq_num + (1 | stim_src_id),340.814129,376.226764
(bug_found_num) ~ exercise + ai + seq_num + project_name + ipaq_category + exercise:ai + exercise:ipaq_category + ai:seq_num + (1 | stim_src_id),345.357696,387.852859
(bug_found_num) ~ exercise + ai + seq_num + project_name + ipaq_category + exercise:ai + exercise:ipaq_category + exercise:seq_num + (1 | stim_src_id),343.304861,385.800024
(bug_found_num) ~ exercise + ai + seq_num + project_name + ipaq_category + exercise:ai + ai:seq_num + exercise:seq_num + (1 | stim_src_id),342.233350,381.187249
(bug_found_num) ~ exercise + ai + seq_num + project_name + ipaq_category + exercise:ipaq_category + ai:seq_num + exercise:seq_num + (1 | stim_src_id),343.073487,385.568649
(bug_found_num) ~ exercise + ai + seq_num + project_name + ipaq_category + exercise:ai + exercise:ipaq_category + ai:seq_num + exercise:seq_num + (1 | stim_src_id),344.485982,390.522408
(bug_found_num) ~ exercise + ai + seq_num + project_name + occupation + (1 | stim_src_id),344.943324,383.897223
(bug_found_num) ~ exercise + ai + seq_num + project_name + occupation + exercise:ai + (1 | stim_src_id),346.493480,388.988642
(bug_found_num) ~ exercise + ai + seq_num + project_name + occupation + ai:seq_num + (1 | stim_src_id),345.838639,388.333801
(bug_found_num) ~ exercise + ai + seq_num + project_name + occupation + exercise:seq_num + (1 | stim_src_id),344.885584,387.380746
(bug_found_num) ~ exercise + ai + seq_num + project_name + occupation + exercise:ai + ai:seq_num + (1 | stim_src_id),347.531515,393.567941
(bug_found_num) ~ exercise + ai + seq_num + project_name + occupation + exercise:ai + exercise:seq_num + (1 | stim_src_id),346.443808,392.480234
(bug_found_num) ~ exercise + ai + seq_num + project_name + occupation + ai:seq_num + exercise:seq_num + (1 | stim_src_id),345.705559,391.741985
(bug_found_num) ~ exercise + ai + seq_num + project_name + occupation + exercise:ai + ai:seq_num + exercise:seq_num + (1 | stim_src_id),347.407782,396.985472
(bug_found_num) ~ exercise + ai + seq_num + project_name + has_bug + (1 | stim_src_id),313.366705,338.155550
(bug_found_num) ~ exercise + ai + seq_num + project_name + has_bug + exercise:ai + (1 | stim_src_id),315.017120,343.347228
(bug_found_num) ~ exercise + ai + seq_num + project_name + has_bug + ai:seq_num + (1 | stim_src_id),314.446345,342.776454
(bug_found_num) ~ exercise + ai + seq_num + project_name + has_bug + exercise:seq_num + (1 | stim_src_id),311.574741,339.904849
(bug_found_num) ~ exercise + ai + seq_num + project_name + has_bug + ai:has_bug + (1 | stim_src_id),311.936153,340.266261
(bug_found_num) ~ exercise + ai + seq_num + project_name + has_bug + exercise:has_bug + (1 | stim_src_id),315.123204,343.453312
(bug_found_num) ~ exercise + ai + seq_num + project_name + has_bug + exercise:ai + ai:seq_num + (1 | stim_src_id),316.121686,347.993058
(bug_found_num) ~ exercise + ai + seq_num + project_name + has_bug + exercise:ai + exercise:seq_num + (1 | stim_src_id),313.007473,344.878845
(bug_found_num) ~ exercise + ai + seq_num + project_name + has_bug + exercise:ai + ai:has_bug + (1 | stim_src_id),313.497545,345.368917
(bug_found_num) ~ exercise + ai + seq_num + project_name + has_bug + exercise:ai + exercise:has_bug + (1 | stim_src_id),316.813743,348.685115
(bug_found_num) ~ exercise + ai + seq_num + project_name + has_bug + ai:seq_num + exercise:seq_num + (1 | stim_src_id),312.673422,344.544794
(bug_found_num) ~ exercise + ai + seq_num + project_name + has_bug + ai:seq_num + ai:has_bug + (1 | stim_src_id),313.181567,345.052939
(bug_found_num) ~ exercise + ai + seq_num + project_name + has_bug + ai:seq_num + exercise:has_bug + (1 | stim_src_id),316.161391,348.032763
(bug_found_num) ~ exercise + ai + seq_num + project_name + has_bug + exercise:seq_num + ai:has_bug + (1 | stim_src_id),310.410186,342.281558
(bug_found_num) ~ exercise + ai + seq_num + project_name + has_bug + exercise:seq_num + exercise:has_bug + (1 | stim_src_id),313.170123,345.041495
(bug_found_num) ~ exercise + ai + seq_num + project_name + has_bug + ai:has_bug + exercise:has_bug + (1 | stim_src_id),313.659400,345.530771
(bug_found_num) ~ exercise + ai + seq_num + project_name + has_bug + exercise:ai + ai:seq_num + exercise:seq_num + (1 | stim_src_id),314.129151,349.541786
(bug_found_num) ~ exercise + ai + seq_num + project_name + has_bug + exercise:ai + ai:seq_num + ai:has_bug + (1 | stim_src_id),314.769817,350.182452
(bug_found_num) ~ exercise + ai + seq_num + project_name + has_bug + exercise:ai + ai:seq_num + exercise:has_bug + (1 | stim_src_id),317.878313,353.290949
(bug_found_num) ~ exercise + ai + seq_num + project_name + has_bug + exercise:ai + exercise:seq_num + ai:has_bug + (1 | stim_src_id),311.735181,347.147816
(bug_found_num) ~ exercise + ai + seq_num + project_name + has_bug + exercise:ai + exercise:seq_num + exercise:has_bug + (1 | stim_src_id),314.664244,350.076880
(bug_found_num) ~ exercise + ai + seq_num + project_name + has_bug + exercise:ai + ai:has_bug + exercise:has_bug + (1 | stim_src_id),315.278935,350.691571
(bug_found_num) ~ exercise + ai + seq_num + project_name + has_bug + ai:seq_num + exercise:seq_num + ai:has_bug + (1 | stim_src_id),311.670684,347.083320
(bug_found_num) ~ exercise + ai + seq_num + project_name + has_bug + ai:seq_num + exercise:seq_num + exercise:has_bug + (1 | stim_src_id),314.223659,349.636295
(bug_found_num) ~ exercise + ai + seq_num + project_name + has_bug + ai:seq_num + ai:has_bug + exercise:has_bug + (1 | stim_src_id),314.865909,350.278544
(bug_found_num) ~ exercise + ai + seq_num + project_name + has_bug + exercise:seq_num + ai:has_bug + exercise:has_bug + (1 | stim_src_id),311.964453,347.377088
(bug_found_num) ~ exercise + ai + seq_num + project_name + has_bug + exercise:ai + ai:seq_num + exercise:seq_num + ai:has_bug + (1 | stim_src_id),313.025505,351.979404
(bug_found_num) ~ exercise + ai + seq_num + project_name + has_bug + exercise:ai + ai:seq_num + exercise:seq_num + exercise:has_bug + (1 | stim_src_id),315.742183,354.696082
(bug_found_num) ~ exercise + ai + seq_num + project_name + has_bug + exercise:ai + ai:seq_num + ai:has_bug + exercise:has_bug + (1 | stim_src_id),316.513888,355.467787
(bug_found_num) ~ exercise + ai + seq_num + project_name + has_bug + exercise:ai + exercise:seq_num + ai:has_bug + exercise:has_bug + (1 | stim_src_id),313.375421,352.329320
(bug_found_num) ~ exercise + ai + seq_num + project_name + has_bug + ai:seq_num + exercise:seq_num + ai:has_bug + exercise:has_bug + (1 | stim_src_id),313.211560,352.165459
(bug_found_num) ~ exercise + ai + seq_num + project_name + has_bug + exercise:ai + ai:seq_num + exercise:seq_num + ai:has_bug + exercise:has_bug + (1 | stim_src_id),314.651565,357.146728
(bug_found_num) ~ exercise + ai + seq_num + ipaq_category + occupation + (1 | stim_src_id),347.173866,389.669029
(bug_found_num) ~ exercise + ai + seq_num + ipaq_category + occupation + exercise:ai + (1 | stim_src_id),348.733615,394.770041
(bug_found_num) ~ exercise + ai + seq_num + ipaq_category + occupation + exercise:ipaq_category + (1 | stim_src_id),349.652388,399.230078
(bug_found_num) ~ exercise + ai + seq_num + ipaq_category + occupation + ai:seq_num + (1 | stim_src_id),348.151533,394.187959
(bug_found_num) ~ exercise + ai + seq_num + ipaq_category + occupation + exercise:seq_num + (1 | stim_src_id),347.117220,393.153646
(bug_found_num) ~ exercise + ai + seq_num + ipaq_category + occupation + exercise:ai + exercise:ipaq_category + (1 | stim_src_id),351.251151,404.370104
(bug_found_num) ~ exercise + ai + seq_num + ipaq_category + occupation + exercise:ai + ai:seq_num + (1 | stim_src_id),349.862140,399.439830
(bug_found_num) ~ exercise + ai + seq_num + ipaq_category + occupation + exercise:ai + exercise:seq_num + (1 | stim_src_id),348.756807,398.334497
(bug_found_num) ~ exercise + ai + seq_num + ipaq_category + occupation + exercise:ipaq_category + ai:seq_num + (1 | stim_src_id),350.540813,403.659766
(bug_found_num) ~ exercise + ai + seq_num + ipaq_category + occupation + exercise:ipaq_category + exercise:seq_num + (1 | stim_src_id),349.384191,402.503144
(bug_found_num) ~ exercise + ai + seq_num + ipaq_category + occupation + ai:seq_num + exercise:seq_num + (1 | stim_src_id),348.050148,397.627837
(bug_found_num) ~ exercise + ai + seq_num + ipaq_category + occupation + exercise:ai + exercise:ipaq_category + ai:seq_num + (1 | stim_src_id),352.290658,408.950875
(bug_found_num) ~ exercise + ai + seq_num + ipaq_category + occupation + exercise:ai + exercise:ipaq_category + exercise:seq_num + (1 | stim_src_id),351.069468,407.729685
(bug_found_num) ~ exercise + ai + seq_num + ipaq_category + occupation + exercise:ai + ai:seq_num + exercise:seq_num + (1 | stim_src_id),349.826017,402.944970
(bug_found_num) ~ exercise + ai + seq_num + ipaq_category + occupation + exercise:ipaq_category + ai:seq_num + exercise:seq_num + (1 | stim_src_id),350.229461,406.889678
(bug_found_num) ~ exercise + ai + seq_num + ipaq_category + occupation + exercise:ai + exercise:ipaq_category + ai:seq_num + exercise:seq_num + (1 | stim_src_id),352.046778,412.248259
(bug_found_num) ~ exercise + ai + seq_num + ipaq_category + has_bug + (1 | stim_src_id),315.734894,344.065002
(bug_found_num) ~ exercise + ai + seq_num + ipaq_category + has_bug + exercise:ai + (1 | stim_src_id),317.351985,349.223356
(bug_found_num) ~ exercise + ai + seq_num + ipaq_category + has_bug + exercise:ipaq_category + (1 | stim_src_id),318.664411,354.077046
(bug_found_num) ~ exercise + ai + seq_num + ipaq_category + has_bug + ai:seq_num + (1 | stim_src_id),317.002761,348.874133
(bug_found_num) ~ exercise + ai + seq_num + ipaq_category + has_bug + exercise:seq_num + (1 | stim_src_id),314.163174,346.034546
(bug_found_num) ~ exercise + ai + seq_num + ipaq_category + has_bug + ai:has_bug + (1 | stim_src_id),314.409463,346.280835
(bug_found_num) ~ exercise + ai + seq_num + ipaq_category + has_bug + exercise:has_bug + (1 | stim_src_id),317.465731,349.337103
(bug_found_num) ~ exercise + ai + seq_num + ipaq_category + has_bug + exercise:ai + exercise:ipaq_category + (1 | stim_src_id),320.276974,359.230873
(bug_found_num) ~ exercise + ai + seq_num + ipaq_category + has_bug + exercise:ai + ai:seq_num + (1 | stim_src_id),318.683689,354.096325
(bug_found_num) ~ exercise + ai + seq_num + ipaq_category + has_bug + exercise:ai + exercise:seq_num + (1 | stim_src_id),315.635809,351.048445
(bug_found_num) ~ exercise + ai + seq_num + ipaq_category + has_bug + exercise:ai + ai:has_bug + (1 | stim_src_id),315.954786,351.367421
(bug_found_num) ~ exercise + ai + seq_num + ipaq_category + has_bug + exercise:ai + exercise:has_bug + (1 | stim_src_id),319.125060,354.537695
(bug_found_num) ~ exercise + ai + seq_num + ipaq_category + has_bug + exercise:ipaq_category + ai:seq_num + (1 | stim_src_id),319.890430,358.844329
(bug_found_num) ~ exercise + ai + seq_num + ipaq_category + has_bug + exercise:ipaq_category + exercise:seq_num + (1 | stim_src_id),317.036582,355.990481
(bug_found_num) ~ exercise + ai + seq_num + ipaq_category + has_bug + exercise:ipaq_category + ai:has_bug + (1 | stim_src_id),317.381646,356.335545
(bug_found_num) ~ exercise + ai + seq_num + ipaq_category + has_bug + exercise:ipaq_category + exercise:has_bug + (1 | stim_src_id),320.403881,359.357780
(bug_found_num) ~ exercise + ai + seq_num + ipaq_category + has_bug + ai:seq_num + exercise:seq_num + (1 | stim_src_id),315.421137,350.833773
(bug_found_num) ~ exercise + ai + seq_num + ipaq_category + has_bug + ai:seq_num + ai:has_bug + (1 | stim_src_id),315.808960,351.221595
(bug_found_num) ~ exercise + ai + seq_num + ipaq_category + has_bug + ai:seq_num + exercise:has_bug + (1 | stim_src_id),318.698473,354.111109
(bug_found_num) ~ exercise + ai + seq_num + ipaq_category + has_bug + exercise:seq_num + ai:has_bug + (1 | stim_src_id),313.084803,348.497439
(bug_found_num) ~ exercise + ai + seq_num + ipaq_category + has_bug + exercise:seq_num + exercise:has_bug + (1 | stim_src_id),315.748303,351.160939
(bug_found_num) ~ exercise + ai + seq_num + ipaq_category + has_bug + ai:has_bug + exercise:has_bug + (1 | stim_src_id),316.110121,351.522756
(bug_found_num) ~ exercise + ai + seq_num + ipaq_category + has_bug + exercise:ai + exercise:ipaq_category + ai:seq_num + (1 | stim_src_id),321.569001,364.064164
(bug_found_num) ~ exercise + ai + seq_num + ipaq_category + has_bug + exercise:ai + exercise:ipaq_category + exercise:seq_num + (1 | stim_src_id),318.506046,361.001209
(bug_found_num) ~ exercise + ai + seq_num + ipaq_category + has_bug + exercise:ai + exercise:ipaq_category + ai:has_bug + (1 | stim_src_id),318.941724,361.436886
(bug_found_num) ~ exercise + ai + seq_num + ipaq_category + has_bug + exercise:ai + exercise:ipaq_category + exercise:has_bug + (1 | stim_src_id),322.052664,364.547826
(bug_found_num) ~ exercise + ai + seq_num + ipaq_category + has_bug + exercise:ai + ai:seq_num + exercise:seq_num + (1 | stim_src_id),316.957451,355.911350
(bug_found_num) ~ exercise + ai + seq_num + ipaq_category + has_bug + exercise:ai + ai:seq_num + ai:has_bug + (1 | stim_src_id),317.418052,356.371951
(bug_found_num) ~ exercise + ai + seq_num + ipaq_category + has_bug + exercise:ai + ai:seq_num + exercise:has_bug + (1 | stim_src_id),320.421293,359.375192
(bug_found_num) ~ exercise + ai + seq_num + ipaq_category + has_bug + exercise:ai + exercise:seq_num + ai:has_bug + (1 | stim_src_id),314.476010,353.429909
(bug_found_num) ~ exercise + ai + seq_num + ipaq_category + has_bug + exercise:ai + exercise:seq_num + exercise:has_bug + (1 | stim_src_id),317.281932,356.235831
(bug_found_num) ~ exercise + ai + seq_num + ipaq_category + has_bug + exercise:ai + ai:has_bug + exercise:has_bug + (1 | stim_src_id),317.715617,356.669516
(bug_found_num) ~ exercise + ai + seq_num + ipaq_category + has_bug + exercise:ipaq_category + ai:seq_num + exercise:seq_num + (1 | stim_src_id),318.254402,360.749564
(bug_found_num) ~ exercise + ai + seq_num + ipaq_category + has_bug + exercise:ipaq_category + ai:seq_num + ai:has_bug + (1 | stim_src_id),318.710918,361.206081
(bug_found_num) ~ exercise + ai + seq_num + ipaq_category + has_bug + exercise:ipaq_category + ai:seq_num + exercise:has_bug + (1 | stim_src_id),321.597034,364.092196
(bug_found_num) ~ exercise + ai + seq_num + ipaq_category + has_bug + exercise:ipaq_category + exercise:seq_num + ai:has_bug + (1 | stim_src_id),315.978098,358.473260
(bug_found_num) ~ exercise + ai + seq_num + ipaq_category + has_bug + exercise:ipaq_category + exercise:seq_num + exercise:has_bug + (1 | stim_src_id),318.653108,361.148270
(bug_found_num) ~ exercise + ai + seq_num + ipaq_category + has_bug + exercise:ipaq_category + ai:has_bug + exercise:has_bug + (1 | stim_src_id),319.101807,361.596970
(bug_found_num) ~ exercise + ai + seq_num + ipaq_category + has_bug + ai:seq_num + exercise:seq_num + ai:has_bug + (1 | stim_src_id),314.472735,353.426634
(bug_found_num) ~ exercise + ai + seq_num + ipaq_category + has_bug + ai:seq_num + exercise:seq_num + exercise:has_bug + (1 | stim_src_id),316.968942,355.922841
(bug_found_num) ~ exercise + ai + seq_num + ipaq_category + has_bug + ai:seq_num + ai:has_bug + exercise:has_bug + (1 | stim_src_id),317.478180,356.432079
(bug_found_num) ~ exercise + ai + seq_num + ipaq_category + has_bug + exercise:seq_num + ai:has_bug + exercise:has_bug + (1 | stim_src_id),314.637275,353.591174
(bug_found_num) ~ exercise + ai + seq_num + ipaq_category + has_bug + exercise:ai + exercise:ipaq_category + ai:seq_num + exercise:seq_num + (1 | stim_src_id),319.789196,365.825623
(bug_found_num) ~ exercise + ai + seq_num + ipaq_category + has_bug + exercise:ai + exercise:ipaq_category + ai:seq_num + ai:has_bug + (1 | stim_src_id),320.337040,366.373466
(bug_found_num) ~ exercise + ai + seq_num + ipaq_category + has_bug + exercise:ai + exercise:ipaq_category + ai:seq_num + exercise:has_bug + (1 | stim_src_id),323.311359,369.347785
(bug_found_num) ~ exercise + ai + seq_num + ipaq_category + has_bug + exercise:ai + exercise:ipaq_category + exercise:seq_num + ai:has_bug + (1 | stim_src_id),317.386499,363.422925
(bug_found_num) ~ exercise + ai + seq_num + ipaq_category + has_bug + exercise:ai + exercise:ipaq_category + exercise:seq_num + exercise:has_bug + (1 | stim_src_id),320.174504,366.210930
(bug_found_num) ~ exercise + ai + seq_num + ipaq_category + has_bug + exercise:ai + exercise:ipaq_category + ai:has_bug + exercise:has_bug + (1 | stim_src_id),320.713590,366.750016
(bug_found_num) ~ exercise + ai + seq_num + ipaq_category + has_bug + exercise:ai + ai:seq_num + exercise:seq_num + ai:has_bug + (1 | stim_src_id),315.930024,358.425187
(bug_found_num) ~ exercise + ai + seq_num + ipaq_category + has_bug + exercise:ai + ai:seq_num + exercise:seq_num + exercise:has_bug + (1 | stim_src_id),318.565795,361.060957
(bug_found_num) ~ exercise + ai + seq_num + ipaq_category + has_bug + exercise:ai + ai:seq_num + ai:has_bug + exercise:has_bug + (1 | stim_src_id),319.146795,361.641957
(bug_found_num) ~ exercise + ai + seq_num + ipaq_category + has_bug + exercise:ai + exercise:seq_num + ai:has_bug + exercise:has_bug + (1 | stim_src_id),316.113022,358.608184
(bug_found_num) ~ exercise + ai + seq_num + ipaq_category + has_bug + exercise:ipaq_category + ai:seq_num + exercise:seq_num + ai:has_bug + (1 | stim_src_id),317.296271,363.332697
(bug_found_num) ~ exercise + ai + seq_num + ipaq_category + has_bug + exercise:ipaq_category + ai:seq_num + exercise:seq_num + exercise:has_bug + (1 | stim_src_id),319.838770,365.875196
(bug_found_num) ~ exercise + ai + seq_num + ipaq_category + has_bug + exercise:ipaq_category + ai:seq_num + ai:has_bug + exercise:has_bug + (1 | stim_src_id),320.402001,366.438427
(bug_found_num) ~ exercise + ai + seq_num + ipaq_category + has_bug + exercise:ipaq_category + exercise:seq_num + ai:has_bug + exercise:has_bug + (1 | stim_src_id),317.577376,363.613802
(bug_found_num) ~ exercise + ai + seq_num + ipaq_category + has_bug + ai:seq_num + exercise:seq_num + ai:has_bug + exercise:has_bug + (1 | stim_src_id),316.016162,358.511324
(bug_found_num) ~ exercise + ai + seq_num + ipaq_category + has_bug + exercise:ai + exercise:ipaq_category + ai:seq_num + exercise:seq_num + ai:has_bug + (1 | stim_src_id),318.772799,368.350489
(bug_found_num) ~ exercise + ai + seq_num + ipaq_category + has_bug + exercise:ai + exercise:ipaq_category + ai:seq_num + exercise:seq_num + exercise:has_bug + (1 | stim_src_id),321.424968,371.002657
(bug_found_num) ~ exercise + ai + seq_num + ipaq_category + has_bug + exercise:ai + exercise:ipaq_category + ai:seq_num + ai:has_bug + exercise:has_bug + (1 | stim_src_id),322.078721,371.656410
(bug_found_num) ~ exercise + ai + seq_num + ipaq_category + has_bug + exercise:ai + exercise:ipaq_category + exercise:seq_num + ai:has_bug + exercise:has_bug + (1 | stim_src_id),319.057667,368.635356
(bug_found_num) ~ exercise + ai + seq_num + ipaq_category + has_bug + exercise:ai + ai:seq_num + exercise:seq_num + ai:has_bug + exercise:has_bug + (1 | stim_src_id),317.554371,363.590797
(bug_found_num) ~ exercise + ai + seq_num + ipaq_category + has_bug + exercise:ipaq_category + ai:seq_num + exercise:seq_num + ai:has_bug + exercise:has_bug + (1 | stim_src_id),318.891775,368.469464
(bug_found_num) ~ exercise + ai + seq_num + ipaq_category + has_bug + exercise:ai + exercise:ipaq_category + ai:seq_num + exercise:seq_num + ai:has_bug + exercise:has_bug + (1 | stim_src_id),320.435766,373.554720
(bug_found_num) ~ exercise + ai + seq_num + occupation + has_bug + (1 | stim_src_id),319.982927,358.936826
(bug_found_num) ~ exercise + ai + seq_num + occupation + has_bug + exercise:ai + (1 | stim_src_id),321.774707,364.269870
(bug_found_num) ~ exercise + ai + seq_num + occupation + has_bug + ai:seq_num + (1 | stim_src_id),321.070428,363.565591
(bug_found_num) ~ exercise + ai + seq_num + occupation + has_bug + exercise:seq_num + (1 | stim_src_id),319.237027,361.732189
(bug_found_num) ~ exercise + ai + seq_num + occupation + has_bug + ai:has_bug + (1 | stim_src_id),318.583098,361.078260
(bug_found_num) ~ exercise + ai + seq_num + occupation + has_bug + exercise:has_bug + (1 | stim_src_id),321.469335,363.964498
(bug_found_num) ~ exercise + ai + seq_num + occupation + has_bug + exercise:ai + ai:seq_num + (1 | stim_src_id),322.933157,368.969583
(bug_found_num) ~ exercise + ai + seq_num + occupation + has_bug + exercise:ai + exercise:seq_num + (1 | stim_src_id),321.029953,367.066379
(bug_found_num) ~ exercise + ai + seq_num + occupation + has_bug + exercise:ai + ai:has_bug + (1 | stim_src_id),320.348212,366.384638
(bug_found_num) ~ exercise + ai + seq_num + occupation + has_bug + exercise:ai + exercise:has_bug + (1 | stim_src_id),323.320503,369.356929
(bug_found_num) ~ exercise + ai + seq_num + occupation + has_bug + ai:seq_num + exercise:seq_num + (1 | stim_src_id),320.301181,366.337607
(bug_found_num) ~ exercise + ai + seq_num + occupation + has_bug + ai:seq_num + ai:has_bug + (1 | stim_src_id),319.805908,365.842334
(bug_found_num) ~ exercise + ai + seq_num + occupation + has_bug + ai:seq_num + exercise:has_bug + (1 | stim_src_id),322.507271,368.543697
(bug_found_num) ~ exercise + ai + seq_num + occupation + has_bug + exercise:seq_num + ai:has_bug + (1 | stim_src_id),317.925733,363.962160
(bug_found_num) ~ exercise + ai + seq_num + occupation + has_bug + exercise:seq_num + exercise:has_bug + (1 | stim_src_id),320.612842,366.649268
(bug_found_num) ~ exercise + ai + seq_num + occupation + has_bug + ai:has_bug + exercise:has_bug + (1 | stim_src_id),320.033537,366.069963
(bug_found_num) ~ exercise + ai + seq_num + occupation + has_bug + exercise:ai + ai:seq_num + exercise:seq_num + (1 | stim_src_id),322.159946,371.737636
(bug_found_num) ~ exercise + ai + seq_num + occupation + has_bug + exercise:ai + ai:seq_num + ai:has_bug + (1 | stim_src_id),321.640183,371.217873
(bug_found_num) ~ exercise + ai + seq_num + occupation + has_bug + exercise:ai + ai:seq_num + exercise:has_bug + (1 | stim_src_id),324.420138,373.997828
(bug_found_num) ~ exercise + ai + seq_num + occupation + has_bug + exercise:ai + exercise:seq_num + ai:has_bug + (1 | stim_src_id),319.685311,369.263000
(bug_found_num) ~ exercise + ai + seq_num + occupation + has_bug + exercise:ai + exercise:seq_num + exercise:has_bug + (1 | stim_src_id),322.472104,372.049794
(bug_found_num) ~ exercise + ai + seq_num + occupation + has_bug + exercise:ai + ai:has_bug + exercise:has_bug + (1 | stim_src_id),321.874844,371.452533
(bug_found_num) ~ exercise + ai + seq_num + occupation + has_bug + ai:seq_num + exercise:seq_num + ai:has_bug + (1 | stim_src_id),319.129443,368.707133
(bug_found_num) ~ exercise + ai + seq_num + occupation + has_bug + ai:seq_num + exercise:seq_num + exercise:has_bug + (1 | stim_src_id),321.629961,371.207651
(bug_found_num) ~ exercise + ai + seq_num + occupation + has_bug + ai:seq_num + ai:has_bug + exercise:has_bug + (1 | stim_src_id),321.217173,370.794863
(bug_found_num) ~ exercise + ai + seq_num + occupation + has_bug + exercise:seq_num + ai:has_bug + exercise:has_bug + (1 | stim_src_id),319.255023,368.832712
(bug_found_num) ~ exercise + ai + seq_num + occupation + has_bug + exercise:ai + ai:seq_num + exercise:seq_num + ai:has_bug + (1 | stim_src_id),320.956183,374.075136
(bug_found_num) ~ exercise + ai + seq_num + occupation + has_bug + exercise:ai + ai:seq_num + exercise:seq_num + exercise:has_bug + (1 | stim_src_id),323.545185,376.664138
(bug_found_num) ~ exercise + ai + seq_num + occupation + has_bug + exercise:ai + ai:seq_num + ai:has_bug + exercise:has_bug + (1 | stim_src_id),323.117310,376.236263
(bug_found_num) ~ exercise + ai + seq_num + occupation + has_bug + exercise:ai + exercise:seq_num + ai:has_bug + exercise:has_bug + (1 | stim_src_id),321.101067,374.220021
(bug_found_num) ~ exercise + ai + seq_num + occupation + has_bug + ai:seq_num + exercise:seq_num + ai:has_bug + exercise:has_bug + (1 | stim_src_id),320.452114,373.571068
(bug_found_num) ~ exercise + ai + seq_num + occupation + has_bug + exercise:ai + ai:seq_num + exercise:seq_num + ai:has_bug + exercise:has_bug + (1 | stim_src_id),322.351629,379.011846
(bug_found_num) ~ exercise + ai + seq_num + project_name + ipaq_category + occupation + (1 | stim_src_id),348.881995,394.918421
(bug_found_num) ~ exercise + ai + seq_num + project_name + ipaq_category + occupation + exercise:ai + (1 | stim_src_id),350.363850,399.941540
(bug_found_num) ~ exercise + ai + seq_num + project_name + ipaq_category + occupation + exercise:ipaq_category + (1 | stim_src_id),351.334457,404.453410
(bug_found_num) ~ exercise + ai + seq_num + project_name + ipaq_category + occupation + ai:seq_num + (1 | stim_src_id),349.818639,399.396329
(bug_found_num) ~ exercise + ai + seq_num + project_name + ipaq_category + occupation + exercise:seq_num + (1 | stim_src_id),348.733787,398.311476
(bug_found_num) ~ exercise + ai + seq_num + project_name + ipaq_category + occupation + exercise:ai + exercise:ipaq_category + (1 | stim_src_id),352.857055,409.517271
(bug_found_num) ~ exercise + ai + seq_num + project_name + ipaq_category + occupation + exercise:ai + ai:seq_num + (1 | stim_src_id),351.466288,404.585241
(bug_found_num) ~ exercise + ai + seq_num + project_name + ipaq_category + occupation + exercise:ai + exercise:seq_num + (1 | stim_src_id),350.296646,403.415600
(bug_found_num) ~ exercise + ai + seq_num + project_name + ipaq_category + occupation + exercise:ipaq_category + ai:seq_num + (1 | stim_src_id),352.176542,408.836759
(bug_found_num) ~ exercise + ai + seq_num + project_name + ipaq_category + occupation + exercise:ipaq_category + exercise:seq_num + (1 | stim_src_id),350.958126,407.618343
(bug_found_num) ~ exercise + ai + seq_num + project_name + ipaq_category + occupation + ai:seq_num + exercise:seq_num + (1 | stim_src_id),349.623336,402.742289
(bug_found_num) ~ exercise + ai + seq_num + project_name + ipaq_category + occupation + exercise:ai + exercise:ipaq_category + ai:seq_num + (1 | stim_src_id),353.866512,414.067993
(bug_found_num) ~ exercise + ai + seq_num + project_name + ipaq_category + occupation + exercise:ai + exercise:ipaq_category + exercise:seq_num + (1 | stim_src_id),352.569612,412.771092
(bug_found_num) ~ exercise + ai + seq_num + project_name + ipaq_category + occupation + exercise:ai + ai:seq_num + exercise:seq_num + (1 | stim_src_id),351.338312,407.998528
(bug_found_num) ~ exercise + ai + seq_num + project_name + ipaq_category + occupation + exercise:ipaq_category + ai:seq_num + exercise:seq_num + (1 | stim_src_id),351.755207,411.956687
(bug_found_num) ~ exercise + ai + seq_num + project_name + ipaq_category + occupation + exercise:ai + exercise:ipaq_category + ai:seq_num + exercise:seq_num + (1 | stim_src_id),353.516707,417.259451
(bug_found_num) ~ exercise + ai + seq_num + project_name + ipaq_category + has_bug + (1 | stim_src_id),317.099451,348.970823
(bug_found_num) ~ exercise + ai + seq_num + project_name + ipaq_category + has_bug + exercise:ai + (1 | stim_src_id),318.597325,354.009961
(bug_found_num) ~ exercise + ai + seq_num + project_name + ipaq_category + has_bug + exercise:ipaq_category + (1 | stim_src_id),320.034712,358.988611
(bug_found_num) ~ exercise + ai + seq_num + project_name + ipaq_category + has_bug + ai:seq_num + (1 | stim_src_id),318.303724,353.716360
(bug_found_num) ~ exercise + ai + seq_num + project_name + ipaq_category + has_bug + exercise:seq_num + (1 | stim_src_id),315.400674,350.813309
(bug_found_num) ~ exercise + ai + seq_num + project_name + ipaq_category + has_bug + ai:has_bug + (1 | stim_src_id),315.720289,351.132925
(bug_found_num) ~ exercise + ai + seq_num + project_name + ipaq_category + has_bug + exercise:has_bug + (1 | stim_src_id),318.843516,354.256151
(bug_found_num) ~ exercise + ai + seq_num + project_name + ipaq_category + has_bug + exercise:ai + exercise:ipaq_category + (1 | stim_src_id),321.530461,364.025624
(bug_found_num) ~ exercise + ai + seq_num + project_name + ipaq_category + has_bug + exercise:ai + ai:seq_num + (1 | stim_src_id),319.872876,358.826775
(bug_found_num) ~ exercise + ai + seq_num + project_name + ipaq_category + has_bug + exercise:ai + exercise:seq_num + (1 | stim_src_id),316.718769,355.672668
(bug_found_num) ~ exercise + ai + seq_num + project_name + ipaq_category + has_bug + exercise:ai + ai:has_bug + (1 | stim_src_id),317.129691,356.083590
(bug_found_num) ~ exercise + ai + seq_num + project_name + ipaq_category + has_bug + exercise:ai + exercise:has_bug + (1 | stim_src_id),320.389408,359.343307
(bug_found_num) ~ exercise + ai + seq_num + project_name + ipaq_category + has_bug + exercise:ipaq_category + ai:seq_num + (1 | stim_src_id),321.196829,363.691991
(bug_found_num) ~ exercise + ai + seq_num + project_name + ipaq_category + has_bug + exercise:ipaq_category + exercise:seq_num + (1 | stim_src_id),318.269384,360.764547
(bug_found_num) ~ exercise + ai + seq_num + project_name + ipaq_category + has_bug + exercise:ipaq_category + ai:has_bug + (1 | stim_src_id),318.698844,361.194007
(bug_found_num) ~ exercise + ai + seq_num + project_name + ipaq_category + has_bug + exercise:ipaq_category + exercise:has_bug + (1 | stim_src_id),321.785218,364.280380
(bug_found_num) ~ exercise + ai + seq_num + project_name + ipaq_category + has_bug + ai:seq_num + exercise:seq_num + (1 | stim_src_id),316.594576,355.548475
(bug_found_num) ~ exercise + ai + seq_num + project_name + ipaq_category + has_bug + ai:seq_num + ai:has_bug + (1 | stim_src_id),317.060700,356.014599
(bug_found_num) ~ exercise + ai + seq_num + project_name + ipaq_category + has_bug + ai:seq_num + exercise:has_bug + (1 | stim_src_id),320.009038,358.962937
(bug_found_num) ~ exercise + ai + seq_num + project_name + ipaq_category + has_bug + exercise:seq_num + ai:has_bug + (1 | stim_src_id),314.292714,353.246613
(bug_found_num) ~ exercise + ai + seq_num + project_name + ipaq_category + has_bug + exercise:seq_num + exercise:has_bug + (1 | stim_src_id),317.005279,355.959178
(bug_found_num) ~ exercise + ai + seq_num + project_name + ipaq_category + has_bug + ai:has_bug + exercise:has_bug + (1 | stim_src_id),317.429732,356.383631
(bug_found_num) ~ exercise + ai + seq_num + project_name + ipaq_category + has_bug + exercise:ai + exercise:ipaq_category + ai:seq_num + (1 | stim_src_id),322.766357,368.802784
(bug_found_num) ~ exercise + ai + seq_num + project_name + ipaq_category + has_bug + exercise:ai + exercise:ipaq_category + exercise:seq_num + (1 | stim_src_id),319.588380,365.624807
(bug_found_num) ~ exercise + ai + seq_num + project_name + ipaq_category + has_bug + exercise:ai + exercise:ipaq_category + ai:has_bug + (1 | stim_src_id),320.127886,366.164313
(bug_found_num) ~ exercise + ai + seq_num + project_name + ipaq_category + has_bug + exercise:ai + exercise:ipaq_category + exercise:has_bug + (1 | stim_src_id),323.321781,369.358207
(bug_found_num) ~ exercise + ai + seq_num + project_name + ipaq_category + has_bug + exercise:ai + ai:seq_num + exercise:seq_num + (1 | stim_src_id),317.983587,360.478750
(bug_found_num) ~ exercise + ai + seq_num + project_name + ipaq_category + has_bug + exercise:ai + ai:seq_num + ai:has_bug + (1 | stim_src_id),318.542622,361.037785
(bug_found_num) ~ exercise + ai + seq_num + project_name + ipaq_category + has_bug + exercise:ai + ai:seq_num + exercise:has_bug + (1 | stim_src_id),321.626940,364.122103
(bug_found_num) ~ exercise + ai + seq_num + project_name + ipaq_category + has_bug + exercise:ai + exercise:seq_num + ai:has_bug + (1 | stim_src_id),315.513467,358.008630
(bug_found_num) ~ exercise + ai + seq_num + project_name + ipaq_category + has_bug + exercise:ai + exercise:seq_num + exercise:has_bug + (1 | stim_src_id),318.391249,360.886412
(bug_found_num) ~ exercise + ai + seq_num + project_name + ipaq_category + has_bug + exercise:ai + ai:has_bug + exercise:has_bug + (1 | stim_src_id),318.907118,361.402280
(bug_found_num) ~ exercise + ai + seq_num + project_name + ipaq_category + has_bug + exercise:ipaq_category + ai:seq_num + exercise:seq_num + (1 | stim_src_id),319.425453,365.461879
(bug_found_num) ~ exercise + ai + seq_num + project_name + ipaq_category + has_bug + exercise:ipaq_category + ai:seq_num + ai:has_bug + (1 | stim_src_id),319.968881,366.005307
(bug_found_num) ~ exercise + ai + seq_num + project_name + ipaq_category + has_bug + exercise:ipaq_category + ai:seq_num + exercise:has_bug + (1 | stim_src_id),322.910392,368.946818
(bug_found_num) ~ exercise + ai + seq_num + project_name + ipaq_category + has_bug + exercise:ipaq_category + exercise:seq_num + ai:has_bug + (1 | stim_src_id),317.186912,363.223338
(bug_found_num) ~ exercise + ai + seq_num + project_name + ipaq_category + has_bug + exercise:ipaq_category + exercise:seq_num + exercise:has_bug + (1 | stim_src_id),319.898467,365.934893
(bug_found_num) ~ exercise + ai + seq_num + project_name + ipaq_category + has_bug + exercise:ipaq_category + ai:has_bug + exercise:has_bug + (1 | stim_src_id),320.424718,366.461144
(bug_found_num) ~ exercise + ai + seq_num + project_name + ipaq_category + has_bug + ai:seq_num + exercise:seq_num + ai:has_bug + (1 | stim_src_id),315.620155,358.115318
(bug_found_num) ~ exercise + ai + seq_num + project_name + ipaq_category + has_bug + ai:seq_num + exercise:seq_num + exercise:has_bug + (1 | stim_src_id),318.156747,360.651910
(bug_found_num) ~ exercise + ai + seq_num + project_name + ipaq_category + has_bug + ai:seq_num + ai:has_bug + exercise:has_bug + (1 | stim_src_id),318.733709,361.228872
(bug_found_num) ~ exercise + ai + seq_num + project_name + ipaq_category + has_bug + exercise:seq_num + ai:has_bug + exercise:has_bug + (1 | stim_src_id),315.857925,358.353088
(bug_found_num) ~ exercise + ai + seq_num + project_name + ipaq_category + has_bug + exercise:ai + exercise:ipaq_category + ai:seq_num + exercise:seq_num + (1 | stim_src_id),320.817566,370.395255
(bug_found_num) ~ exercise + ai + seq_num + project_name + ipaq_category + has_bug + exercise:ai + exercise:ipaq_category + ai:seq_num + ai:has_bug + (1 | stim_src_id),321.473319,371.051008
(bug_found_num) ~ exercise + ai + seq_num + project_name + ipaq_category + has_bug + exercise:ai + exercise:ipaq_category + ai:seq_num + exercise:has_bug + (1 | stim_src_id),324.521098,374.098787
(bug_found_num) ~ exercise + ai + seq_num + project_name + ipaq_category + has_bug + exercise:ai + exercise:ipaq_category + exercise:seq_num + ai:has_bug + (1 | stim_src_id),318.431917,368.009606
(bug_found_num) ~ exercise + ai + seq_num + project_name + ipaq_category + has_bug + exercise:ai + exercise:ipaq_category + exercise:seq_num + exercise:has_bug + (1 | stim_src_id),321.274231,370.851921
(bug_found_num) ~ exercise + ai + seq_num + project_name + ipaq_category + has_bug + exercise:ai + exercise:ipaq_category + ai:has_bug + exercise:has_bug + (1 | stim_src_id),321.911903,371.489593
(bug_found_num) ~ exercise + ai + seq_num + project_name + ipaq_category + has_bug + exercise:ai + ai:seq_num + exercise:seq_num + ai:has_bug + (1 | stim_src_id),316.916156,362.952582
(bug_found_num) ~ exercise + ai + seq_num + project_name + ipaq_category + has_bug + exercise:ai + ai:seq_num + exercise:seq_num + exercise:has_bug + (1 | stim_src_id),319.614407,365.650833
(bug_found_num) ~ exercise + ai + seq_num + project_name + ipaq_category + has_bug + exercise:ai + ai:seq_num + ai:has_bug + exercise:has_bug + (1 | stim_src_id),320.284340,366.320766
(bug_found_num) ~ exercise + ai + seq_num + project_name + ipaq_category + has_bug + exercise:ai + exercise:seq_num + ai:has_bug + exercise:has_bug + (1 | stim_src_id),317.172225,363.208651
(bug_found_num) ~ exercise + ai + seq_num + project_name + ipaq_category + has_bug + exercise:ipaq_category + ai:seq_num + exercise:seq_num + ai:has_bug + (1 | stim_src_id),318.446711,368.024400
(bug_found_num) ~ exercise + ai + seq_num + project_name + ipaq_category + has_bug + exercise:ipaq_category + ai:seq_num + exercise:seq_num + exercise:has_bug + (1 | stim_src_id),321.016671,370.594361
(bug_found_num) ~ exercise + ai + seq_num + project_name + ipaq_category + has_bug + exercise:ipaq_category + ai:seq_num + ai:has_bug + exercise:has_bug + (1 | stim_src_id),321.660153,371.237843
(bug_found_num) ~ exercise + ai + seq_num + project_name + ipaq_category + has_bug + exercise:ipaq_category + exercise:seq_num + ai:has_bug + exercise:has_bug + (1 | stim_src_id),318.791170,368.368859
(bug_found_num) ~ exercise + ai + seq_num + project_name + ipaq_category + has_bug + ai:seq_num + exercise:seq_num + ai:has_bug + exercise:has_bug + (1 | stim_src_id),317.171460,363.207886
(bug_found_num) ~ exercise + ai + seq_num + project_name + ipaq_category + has_bug + exercise:ai + exercise:ipaq_category + ai:seq_num + exercise:seq_num + ai:has_bug + (1 | stim_src_id),319.768749,372.887702
(bug_found_num) ~ exercise + ai + seq_num + project_name + ipaq_category + has_bug + exercise:ai + exercise:ipaq_category + ai:seq_num + exercise:seq_num + exercise:has_bug + (1 | stim_src_id),322.466013,375.584966
(bug_found_num) ~ exercise + ai + seq_num + project_name + ipaq_category + has_bug + exercise:ai + exercise:ipaq_category + ai:seq_num + ai:has_bug + exercise:has_bug + (1 | stim_src_id),323.222807,376.341760
(bug_found_num) ~ exercise + ai + seq_num + project_name + ipaq_category + has_bug + exercise:ai + exercise:ipaq_category + exercise:seq_num + ai:has_bug + exercise:has_bug + (1 | stim_src_id),320.115276,373.234229
(bug_found_num) ~ exercise + ai + seq_num + project_name + ipaq_category + has_bug + exercise:ai + ai:seq_num + exercise:seq_num + ai:has_bug + exercise:has_bug + (1 | stim_src_id),318.558589,368.136278
(bug_found_num) ~ exercise + ai + seq_num + project_name + ipaq_category + has_bug + exercise:ipaq_category + ai:seq_num + exercise:seq_num + ai:has_bug + exercise:has_bug + (1 | stim_src_id),320.042178,373.161131
(bug_found_num) ~ exercise + ai + seq_num + project_name + ipaq_category + has_bug + exercise:ai + exercise:ipaq_category + ai:seq_num + exercise:seq_num + ai:has_bug + exercise:has_bug + (1 | stim_src_id),321.440524,378.100740
(bug_found_num) ~ exercise + ai + seq_num + project_name + occupation + has_bug + (1 | stim_src_id),321.545201,364.040364
(bug_found_num) ~ exercise + ai + seq_num + project_name + occupation + has_bug + exercise:ai + (1 | stim_src_id),323.272071,369.308497
(bug_found_num) ~ exercise + ai + seq_num + project_name + occupation + has_bug + ai:seq_num + (1 | stim_src_id),322.549074,368.585500
(bug_found_num) ~ exercise + ai + seq_num + project_name + occupation + has_bug + exercise:seq_num + (1 | stim_src_id),320.583444,366.619870
(bug_found_num) ~ exercise + ai + seq_num + project_name + occupation + has_bug + ai:has_bug + (1 | stim_src_id),320.109113,366.145539
(bug_found_num) ~ exercise + ai + seq_num + project_name + occupation + has_bug + exercise:has_bug + (1 | stim_src_id),323.058595,369.095021
(bug_found_num) ~ exercise + ai + seq_num + project_name + occupation + has_bug + exercise:ai + ai:seq_num + (1 | stim_src_id),324.356538,373.934227
(bug_found_num) ~ exercise + ai + seq_num + project_name + occupation + has_bug + exercise:ai + exercise:seq_num + (1 | stim_src_id),322.298491,371.876181
(bug_found_num) ~ exercise + ai + seq_num + project_name + occupation + has_bug + exercise:ai + ai:has_bug + (1 | stim_src_id),321.804425,371.382115
(bug_found_num) ~ exercise + ai + seq_num + project_name + occupation + has_bug + exercise:ai + exercise:has_bug + (1 | stim_src_id),324.853090,374.430779
(bug_found_num) ~ exercise + ai + seq_num + project_name + occupation + has_bug + ai:seq_num + exercise:seq_num + (1 | stim_src_id),321.554308,371.131998
(bug_found_num) ~ exercise + ai + seq_num + project_name + occupation + has_bug + ai:seq_num + ai:has_bug + (1 | stim_src_id),321.249863,370.827552
(bug_found_num) ~ exercise + ai + seq_num + project_name + occupation + has_bug + ai:seq_num + exercise:has_bug + (1 | stim_src_id),324.011759,373.589448
(bug_found_num) ~ exercise + ai + seq_num + project_name + occupation + has_bug + exercise:seq_num + ai:has_bug + (1 | stim_src_id),319.233579,368.811268
(bug_found_num) ~ exercise + ai + seq_num + project_name + occupation + has_bug + exercise:seq_num + exercise:has_bug + (1 | stim_src_id),321.990241,371.567931
(bug_found_num) ~ exercise + ai + seq_num + project_name + occupation + has_bug + ai:has_bug + exercise:has_bug + (1 | stim_src_id),321.583627,371.161317
(bug_found_num) ~ exercise + ai + seq_num + project_name + occupation + has_bug + exercise:ai + ai:seq_num + exercise:seq_num + (1 | stim_src_id),323.346267,376.465220
(bug_found_num) ~ exercise + ai + seq_num + project_name + occupation + has_bug + exercise:ai + ai:seq_num + ai:has_bug + (1 | stim_src_id),323.024318,376.143271
(bug_found_num) ~ exercise + ai + seq_num + project_name + occupation + has_bug + exercise:ai + ai:seq_num + exercise:has_bug + (1 | stim_src_id),325.878854,378.997807
(bug_found_num) ~ exercise + ai + seq_num + project_name + occupation + has_bug + exercise:ai + exercise:seq_num + ai:has_bug + (1 | stim_src_id),320.909493,374.028446
(bug_found_num) ~ exercise + ai + seq_num + project_name + occupation + has_bug + exercise:ai + exercise:seq_num + exercise:has_bug + (1 | stim_src_id),323.782396,376.901349
(bug_found_num) ~ exercise + ai + seq_num + project_name + occupation + has_bug + exercise:ai + ai:has_bug + exercise:has_bug + (1 | stim_src_id),323.364885,376.483839
(bug_found_num) ~ exercise + ai + seq_num + project_name + occupation + has_bug + ai:seq_num + exercise:seq_num + ai:has_bug + (1 | stim_src_id),320.346740,373.465693
(bug_found_num) ~ exercise + ai + seq_num + project_name + occupation + has_bug + ai:seq_num + exercise:seq_num + exercise:has_bug + (1 | stim_src_id),322.911755,376.030708
(bug_found_num) ~ exercise + ai + seq_num + project_name + occupation + has_bug + ai:seq_num + ai:has_bug + exercise:has_bug + (1 | stim_src_id),322.681767,375.800721
(bug_found_num) ~ exercise + ai + seq_num + project_name + occupation + has_bug + exercise:seq_num + ai:has_bug + exercise:has_bug + (1 | stim_src_id),320.586637,373.705590
(bug_found_num) ~ exercise + ai + seq_num + project_name + occupation + has_bug + exercise:ai + ai:seq_num + exercise:seq_num + ai:has_bug + (1 | stim_src_id),322.101169,378.761386
(bug_found_num) ~ exercise + ai + seq_num + project_name + occupation + has_bug + exercise:ai + ai:seq_num + exercise:seq_num + exercise:has_bug + (1 | stim_src_id),324.772147,381.432364
(bug_found_num) ~ exercise + ai + seq_num + project_name + occupation + has_bug + exercise:ai + ai:seq_num + ai:has_bug + exercise:has_bug + (1 | stim_src_id),324.532983,381.193200
(bug_found_num) ~ exercise + ai + seq_num + project_name + occupation + has_bug + exercise:ai + exercise:seq_num + ai:has_bug + exercise:has_bug + (1 | stim_src_id),322.361843,379.022060
(bug_found_num) ~ exercise + ai + seq_num + project_name + occupation + has_bug + ai:seq_num + exercise:seq_num + ai:has_bug + exercise:has_bug + (1 | stim_src_id),321.691052,378.351269
(bug_found_num) ~ exercise + ai + seq_num + project_name + occupation + has_bug + exercise:ai + ai:seq_num + exercise:seq_num + ai:has_bug + exercise:has_bug + (1 | stim_src_id),323.531450,383.732930
(bug_found_num) ~ exercise + ai + seq_num + ipaq_category + occupation + has_bug + (1 | stim_src_id),323.884374,369.920800
(bug_found_num) ~ exercise + ai + seq_num + ipaq_category + occupation + has_bug + exercise:ai + (1 | stim_src_id),325.682995,375.260685
(bug_found_num) ~ exercise + ai + seq_num + ipaq_category + occupation + has_bug + exercise:ipaq_category + (1 | stim_src_id),326.861462,379.980415
(bug_found_num) ~ exercise + ai + seq_num + ipaq_category + occupation + has_bug + ai:seq_num + (1 | stim_src_id),325.023957,374.601647
(bug_found_num) ~ exercise + ai + seq_num + ipaq_category + occupation + has_bug + exercise:seq_num + (1 | stim_src_id),322.755260,372.332949
(bug_found_num) ~ exercise + ai + seq_num + ipaq_category + occupation + has_bug + ai:has_bug + (1 | stim_src_id),322.496003,372.073692
(bug_found_num) ~ exercise + ai + seq_num + ipaq_category + occupation + has_bug + exercise:has_bug + (1 | stim_src_id),325.376697,374.954387
(bug_found_num) ~ exercise + ai + seq_num + ipaq_category + occupation + has_bug + exercise:ai + exercise:ipaq_category + (1 | stim_src_id),328.671623,385.331840
(bug_found_num) ~ exercise + ai + seq_num + ipaq_category + occupation + has_bug + exercise:ai + ai:seq_num + (1 | stim_src_id),326.899177,380.018130
(bug_found_num) ~ exercise + ai + seq_num + ipaq_category + occupation + has_bug + exercise:ai + exercise:seq_num + (1 | stim_src_id),324.616198,377.735151
(bug_found_num) ~ exercise + ai + seq_num + ipaq_category + occupation + has_bug + exercise:ai + ai:has_bug + (1 | stim_src_id),324.267281,377.386234
(bug_found_num) ~ exercise + ai + seq_num + ipaq_category + occupation + has_bug + exercise:ai + exercise:has_bug + (1 | stim_src_id),327.236198,380.355151
(bug_found_num) ~ exercise + ai + seq_num + ipaq_category + occupation + has_bug + exercise:ipaq_category + ai:seq_num + (1 | stim_src_id),327.917168,384.577385
(bug_found_num) ~ exercise + ai + seq_num + ipaq_category + occupation + has_bug + exercise:ipaq_category + exercise:seq_num + (1 | stim_src_id),325.589196,382.249413
(bug_found_num) ~ exercise + ai + seq_num + ipaq_category + occupation + has_bug + exercise:ipaq_category + ai:has_bug + (1 | stim_src_id),325.500174,382.160390
(bug_found_num) ~ exercise + ai + seq_num + ipaq_category + occupation + has_bug + exercise:ipaq_category + exercise:has_bug + (1 | stim_src_id),328.372933,385.033150
(bug_found_num) ~ exercise + ai + seq_num + ipaq_category + occupation + has_bug + ai:seq_num + exercise:seq_num + (1 | stim_src_id),323.901500,377.020454
(bug_found_num) ~ exercise + ai + seq_num + ipaq_category + occupation + has_bug + ai:seq_num + ai:has_bug + (1 | stim_src_id),323.762090,376.881043
(bug_found_num) ~ exercise + ai + seq_num + ipaq_category + occupation + has_bug + ai:seq_num + exercise:has_bug + (1 | stim_src_id),326.463001,379.581954
(bug_found_num) ~ exercise + ai + seq_num + ipaq_category + occupation + has_bug + exercise:seq_num + ai:has_bug + (1 | stim_src_id),321.478331,374.597284
(bug_found_num) ~ exercise + ai + seq_num + ipaq_category + occupation + has_bug + exercise:seq_num + exercise:has_bug + (1 | stim_src_id),324.131163,377.250117
(bug_found_num) ~ exercise + ai + seq_num + ipaq_category + occupation + has_bug + ai:has_bug + exercise:has_bug + (1 | stim_src_id),323.953846,377.072800
(bug_found_num) ~ exercise + ai + seq_num + ipaq_category + occupation + has_bug + exercise:ai + exercise:ipaq_category + ai:seq_num + (1 | stim_src_id),329.806362,390.007842
(bug_found_num) ~ exercise + ai + seq_num + ipaq_category + occupation + has_bug + exercise:ai + exercise:ipaq_category + exercise:seq_num + (1 | stim_src_id),327.464849,387.666329
(bug_found_num) ~ exercise + ai + seq_num + ipaq_category + occupation + has_bug + exercise:ai + exercise:ipaq_category + ai:has_bug + (1 | stim_src_id),327.288162,387.489642
(bug_found_num) ~ exercise + ai + seq_num + ipaq_category + occupation + has_bug + exercise:ai + exercise:ipaq_category + exercise:has_bug + (1 | stim_src_id),330.237619,390.439099
(bug_found_num) ~ exercise + ai + seq_num + ipaq_category + occupation + has_bug + exercise:ai + ai:seq_num + exercise:seq_num + (1 | stim_src_id),325.819403,382.479620
(bug_found_num) ~ exercise + ai + seq_num + ipaq_category + occupation + has_bug + exercise:ai + ai:seq_num + ai:has_bug + (1 | stim_src_id),325.609168,382.269385
(bug_found_num) ~ exercise + ai + seq_num + ipaq_category + occupation + has_bug + exercise:ai + ai:seq_num + exercise:has_bug + (1 | stim_src_id),328.388594,385.048811
(bug_found_num) ~ exercise + ai + seq_num + ipaq_category + occupation + has_bug + exercise:ai + exercise:seq_num + ai:has_bug + (1 | stim_src_id),323.309587,379.969803
(bug_found_num) ~ exercise + ai + seq_num + ipaq_category + occupation + has_bug + exercise:ai + exercise:seq_num + exercise:has_bug + (1 | stim_src_id),326.048931,382.709148
(bug_found_num) ~ exercise + ai + seq_num + ipaq_category + occupation + has_bug + exercise:ai + ai:has_bug + exercise:has_bug + (1 | stim_src_id),325.802521,382.462738
(bug_found_num) ~ exercise + ai + seq_num + ipaq_category + occupation + has_bug + exercise:ipaq_category + ai:seq_num + exercise:seq_num + (1 | stim_src_id),326.654879,386.856360
(bug_found_num) ~ exercise + ai + seq_num + ipaq_category + occupation + has_bug + exercise:ipaq_category + ai:seq_num + ai:has_bug + (1 | stim_src_id),326.654030,386.855510
(bug_found_num) ~ exercise + ai + seq_num + ipaq_category + occupation + has_bug + exercise:ipaq_category + ai:seq_num + exercise:has_bug + (1 | stim_src_id),329.376529,389.578009
(bug_found_num) ~ exercise + ai + seq_num + ipaq_category + occupation + has_bug + exercise:ipaq_category + exercise:seq_num + ai:has_bug + (1 | stim_src_id),324.344932,384.546412
(bug_found_num) ~ exercise + ai + seq_num + ipaq_category + occupation + has_bug + exercise:ipaq_category + exercise:seq_num + exercise:has_bug + (1 | stim_src_id),327.003962,387.205442
(bug_found_num) ~ exercise + ai + seq_num + ipaq_category + occupation + has_bug + exercise:ipaq_category + ai:has_bug + exercise:has_bug + (1 | stim_src_id),326.990032,387.191512
(bug_found_num) ~ exercise + ai + seq_num + ipaq_category + occupation + has_bug + ai:seq_num + exercise:seq_num + ai:has_bug + (1 | stim_src_id),322.750713,379.410929
(bug_found_num) ~ exercise + ai + seq_num + ipaq_category + occupation + has_bug + ai:seq_num + exercise:seq_num + exercise:has_bug + (1 | stim_src_id),325.230134,381.890350
(bug_found_num) ~ exercise + ai + seq_num + ipaq_category + occupation + has_bug + ai:seq_num + ai:has_bug + exercise:has_bug + (1 | stim_src_id),325.175771,381.835987
(bug_found_num) ~ exercise + ai + seq_num + ipaq_category + occupation + has_bug + exercise:seq_num + ai:has_bug + exercise:has_bug + (1 | stim_src_id),322.813365,379.473582
(bug_found_num) ~ exercise + ai + seq_num + ipaq_category + occupation + has_bug + exercise:ai + exercise:ipaq_category + ai:seq_num + exercise:seq_num + (1 | stim_src_id),328.587112,392.329856
(bug_found_num) ~ exercise + ai + seq_num + ipaq_category + occupation + has_bug + exercise:ai + exercise:ipaq_category + ai:seq_num + ai:has_bug + (1 | stim_src_id),328.521794,392.264538
(bug_found_num) ~ exercise + ai + seq_num + ipaq_category + occupation + has_bug + exercise:ai + exercise:ipaq_category + ai:seq_num + exercise:has_bug + (1 | stim_src_id),331.309140,395.051884
(bug_found_num) ~ exercise + ai + seq_num + ipaq_category + occupation + has_bug + exercise:ai + exercise:ipaq_category + exercise:seq_num + ai:has_bug + (1 | stim_src_id),326.194481,389.937225
(bug_found_num) ~ exercise + ai + seq_num + ipaq_category + occupation + has_bug + exercise:ai + exercise:ipaq_category + exercise:seq_num + exercise:has_bug + (1 | stim_src_id),328.927805,392.670549
(bug_found_num) ~ exercise + ai + seq_num + ipaq_category + occupation + has_bug + exercise:ai + exercise:ipaq_category + ai:has_bug + exercise:has_bug + (1 | stim_src_id),328.846546,392.589290
(bug_found_num) ~ exercise + ai + seq_num + ipaq_category + occupation + has_bug + exercise:ai + ai:seq_num + exercise:seq_num + ai:has_bug + (1 | stim_src_id),324.641851,384.843331
(bug_found_num) ~ exercise + ai + seq_num + ipaq_category + occupation + has_bug + exercise:ai + ai:seq_num + exercise:seq_num + exercise:has_bug + (1 | stim_src_id),327.191840,387.393321
(bug_found_num) ~ exercise + ai + seq_num + ipaq_category + occupation + has_bug + exercise:ai + ai:seq_num + ai:has_bug + exercise:has_bug + (1 | stim_src_id),327.089063,387.290543
(bug_found_num) ~ exercise + ai + seq_num + ipaq_category + occupation + has_bug + exercise:ai + exercise:seq_num + ai:has_bug + exercise:has_bug + (1 | stim_src_id),324.719353,384.920834
(bug_found_num) ~ exercise + ai + seq_num + ipaq_category + occupation + has_bug + exercise:ipaq_category + ai:seq_num + exercise:seq_num + ai:has_bug + (1 | stim_src_id),325.505649,389.248393
(bug_found_num) ~ exercise + ai + seq_num + ipaq_category + occupation + has_bug + exercise:ipaq_category + ai:seq_num + exercise:seq_num + exercise:has_bug + (1 | stim_src_id),328.026236,391.768980
(bug_found_num) ~ exercise + ai + seq_num + ipaq_category + occupation + has_bug + exercise:ipaq_category + ai:seq_num + ai:has_bug + exercise:has_bug + (1 | stim_src_id),328.100885,391.843628
(bug_found_num) ~ exercise + ai + seq_num + ipaq_category + occupation + has_bug + exercise:ipaq_category + exercise:seq_num + ai:has_bug + exercise:has_bug + (1 | stim_src_id),325.735542,389.478286
(bug_found_num) ~ exercise + ai + seq_num + ipaq_category + occupation + has_bug + ai:seq_num + exercise:seq_num + ai:has_bug + exercise:has_bug + (1 | stim_src_id),324.076083,384.277563
(bug_found_num) ~ exercise + ai + seq_num + ipaq_category + occupation + has_bug + exercise:ai + exercise:ipaq_category + ai:seq_num + exercise:seq_num + ai:has_bug + (1 | stim_src_id),327.416572,394.700579
(bug_found_num) ~ exercise + ai + seq_num + ipaq_category + occupation + has_bug + exercise:ai + exercise:ipaq_category + ai:seq_num + exercise:seq_num + exercise:has_bug + (1 | stim_src_id),329.994363,397.278370
(bug_found_num) ~ exercise + ai + seq_num + ipaq_category + occupation + has_bug + exercise:ai + exercise:ipaq_category + ai:seq_num + ai:has_bug + exercise:has_bug + (1 | stim_src_id),330.024852,397.308859
(bug_found_num) ~ exercise + ai + seq_num + ipaq_category + occupation + has_bug + exercise:ai + exercise:ipaq_category + exercise:seq_num + ai:has_bug + exercise:has_bug + (1 | stim_src_id),327.649655,394.933662
(bug_found_num) ~ exercise + ai + seq_num + ipaq_category + occupation + has_bug + exercise:ai + ai:seq_num + exercise:seq_num + ai:has_bug + exercise:has_bug + (1 | stim_src_id),326.025813,389.768557
(bug_found_num) ~ exercise + ai + seq_num + ipaq_category + occupation + has_bug + exercise:ipaq_category + ai:seq_num + exercise:seq_num + ai:has_bug + exercise:has_bug + (1 | stim_src_id),326.892512,394.176519
(bug_found_num) ~ exercise + ai + seq_num + ipaq_category + occupation + has_bug + exercise:ai + exercise:ipaq_category + ai:seq_num + exercise:seq_num + ai:has_bug + exercise:has_bug + (1 | stim_src_id),328.851059,399.676330
(bug_found_num) ~ exercise + ai + seq_num + project_name + ipaq_category + occupation + has_bug + (1 | stim_src_id),325.439674,375.017364
(bug_found_num) ~ exercise + ai + seq_num + project_name + ipaq_category + occupation + has_bug + exercise:ai + (1 | stim_src_id),327.151198,380.270151
(bug_found_num) ~ exercise + ai + seq_num + project_name + ipaq_category + occupation + has_bug + exercise:ipaq_category + (1 | stim_src_id),328.414316,385.074533
(bug_found_num) ~ exercise + ai + seq_num + project_name + ipaq_category + occupation + has_bug + ai:seq_num + (1 | stim_src_id),326.511688,379.630642
(bug_found_num) ~ exercise + ai + seq_num + project_name + ipaq_category + occupation + has_bug + exercise:seq_num + (1 | stim_src_id),324.133245,377.252198
(bug_found_num) ~ exercise + ai + seq_num + project_name + ipaq_category + occupation + has_bug + ai:has_bug + (1 | stim_src_id),324.012650,377.131603
(bug_found_num) ~ exercise + ai + seq_num + project_name + ipaq_category + occupation + has_bug + exercise:has_bug + (1 | stim_src_id),326.963507,380.082461
(bug_found_num) ~ exercise + ai + seq_num + project_name + ipaq_category + occupation + has_bug + exercise:ai + exercise:ipaq_category + (1 | stim_src_id),330.142249,390.343730
(bug_found_num) ~ exercise + ai + seq_num + project_name + ipaq_category + occupation + has_bug + exercise:ai + ai:seq_num + (1 | stim_src_id),328.316412,384.976629
(bug_found_num) ~ exercise + ai + seq_num + project_name + ipaq_category + occupation + has_bug + exercise:ai + exercise:seq_num + (1 | stim_src_id),325.908643,382.568859
(bug_found_num) ~ exercise + ai + seq_num + project_name + ipaq_category + occupation + has_bug + exercise:ai + ai:has_bug + (1 | stim_src_id),325.688606,382.348822
(bug_found_num) ~ exercise + ai + seq_num + project_name + ipaq_category + occupation + has_bug + exercise:ai + exercise:has_bug + (1 | stim_src_id),328.747570,385.407786
(bug_found_num) ~ exercise + ai + seq_num + project_name + ipaq_category + occupation + has_bug + exercise:ipaq_category + ai:seq_num + (1 | stim_src_id),329.399360,389.600841
(bug_found_num) ~ exercise + ai + seq_num + project_name + ipaq_category + occupation + has_bug + exercise:ipaq_category + exercise:seq_num + (1 | stim_src_id),326.947913,387.149393
(bug_found_num) ~ exercise + ai + seq_num + project_name + ipaq_category + occupation + has_bug + exercise:ipaq_category + ai:has_bug + (1 | stim_src_id),327.012177,387.213657
(bug_found_num) ~ exercise + ai + seq_num + project_name + ipaq_category + occupation + has_bug + exercise:ipaq_category + exercise:has_bug + (1 | stim_src_id),329.953943,390.155423
(bug_found_num) ~ exercise + ai + seq_num + project_name + ipaq_category + occupation + has_bug + ai:seq_num + exercise:seq_num + (1 | stim_src_id),325.205891,381.866108
(bug_found_num) ~ exercise + ai + seq_num + project_name + ipaq_category + occupation + has_bug + ai:seq_num + ai:has_bug + (1 | stim_src_id),325.213892,381.874108
(bug_found_num) ~ exercise + ai + seq_num + project_name + ipaq_category + occupation + has_bug + ai:seq_num + exercise:has_bug + (1 | stim_src_id),327.981309,384.641526
(bug_found_num) ~ exercise + ai + seq_num + project_name + ipaq_category + occupation + has_bug + exercise:seq_num + ai:has_bug + (1 | stim_src_id),322.816383,379.476599
(bug_found_num) ~ exercise + ai + seq_num + project_name + ipaq_category + occupation + has_bug + exercise:seq_num + exercise:has_bug + (1 | stim_src_id),325.550826,382.211043
(bug_found_num) ~ exercise + ai + seq_num + project_name + ipaq_category + occupation + has_bug + ai:has_bug + exercise:has_bug + (1 | stim_src_id),325.499211,382.159428
(bug_found_num) ~ exercise + ai + seq_num + project_name + ipaq_category + occupation + has_bug + exercise:ai + exercise:ipaq_category + ai:seq_num + (1 | stim_src_id),331.223510,394.966254
(bug_found_num) ~ exercise + ai + seq_num + project_name + ipaq_category + occupation + has_bug + exercise:ai + exercise:ipaq_category + exercise:seq_num + (1 | stim_src_id),328.745121,392.487864
(bug_found_num) ~ exercise + ai + seq_num + project_name + ipaq_category + occupation + has_bug + exercise:ai + exercise:ipaq_category + ai:has_bug + (1 | stim_src_id),328.709527,392.452271
(bug_found_num) ~ exercise + ai + seq_num + project_name + ipaq_category + occupation + has_bug + exercise:ai + exercise:ipaq_category + exercise:has_bug + (1 | stim_src_id),331.746381,395.489125
(bug_found_num) ~ exercise + ai + seq_num + project_name + ipaq_category + occupation + has_bug + exercise:ai + ai:seq_num + exercise:seq_num + (1 | stim_src_id),327.056045,387.257525
(bug_found_num) ~ exercise + ai + seq_num + project_name + ipaq_category + occupation + has_bug + exercise:ai + ai:seq_num + ai:has_bug + (1 | stim_src_id),326.982425,387.183906
(bug_found_num) ~ exercise + ai + seq_num + project_name + ipaq_category + occupation + has_bug + exercise:ai + ai:seq_num + exercise:has_bug + (1 | stim_src_id),329.849380,390.050860
(bug_found_num) ~ exercise + ai + seq_num + project_name + ipaq_category + occupation + has_bug + exercise:ai + exercise:seq_num + ai:has_bug + (1 | stim_src_id),324.552803,384.754283
(bug_found_num) ~ exercise + ai + seq_num + project_name + ipaq_category + occupation + has_bug + exercise:ai + exercise:seq_num + exercise:has_bug + (1 | stim_src_id),327.398088,387.599568
(bug_found_num) ~ exercise + ai + seq_num + project_name + ipaq_category + occupation + has_bug + exercise:ai + ai:has_bug + exercise:has_bug + (1 | stim_src_id),327.266536,387.468017
(bug_found_num) ~ exercise + ai + seq_num + project_name + ipaq_category + occupation + has_bug + exercise:ipaq_category + ai:seq_num + exercise:seq_num + (1 | stim_src_id),327.939128,391.681872
(bug_found_num) ~ exercise + ai + seq_num + project_name + ipaq_category + occupation + has_bug + exercise:ipaq_category + ai:seq_num + ai:has_bug + (1 | stim_src_id),328.097316,391.840060
(bug_found_num) ~ exercise + ai + seq_num + project_name + ipaq_category + occupation + has_bug + exercise:ipaq_category + ai:seq_num + exercise:has_bug + (1 | stim_src_id),330.885101,394.627844
(bug_found_num) ~ exercise + ai + seq_num + project_name + ipaq_category + occupation + has_bug + exercise:ipaq_category + exercise:seq_num + ai:has_bug + (1 | stim_src_id),325.667513,389.410256
(bug_found_num) ~ exercise + ai + seq_num + project_name + ipaq_category + occupation + has_bug + exercise:ipaq_category + exercise:seq_num + exercise:has_bug + (1 | stim_src_id),328.395559,392.138303
(bug_found_num) ~ exercise + ai + seq_num + project_name + ipaq_category + occupation + has_bug + exercise:ipaq_category + ai:has_bug + exercise:has_bug + (1 | stim_src_id),328.526020,392.268763
(bug_found_num) ~ exercise + ai + seq_num + project_name + ipaq_category + occupation + has_bug + ai:seq_num + exercise:seq_num + ai:has_bug + (1 | stim_src_id),324.018315,384.219795
(bug_found_num) ~ exercise + ai + seq_num + project_name + ipaq_category + occupation + has_bug + ai:seq_num + exercise:seq_num + exercise:has_bug + (1 | stim_src_id),326.573696,386.775176
(bug_found_num) ~ exercise + ai + seq_num + project_name + ipaq_category + occupation + has_bug + ai:seq_num + ai:has_bug + exercise:has_bug + (1 | stim_src_id),326.653288,386.854768
(bug_found_num) ~ exercise + ai + seq_num + project_name + ipaq_category + occupation + has_bug + exercise:seq_num + ai:has_bug + exercise:has_bug + (1 | stim_src_id),324.187228,384.388708
(bug_found_num) ~ exercise + ai + seq_num + project_name + ipaq_category + occupation + has_bug + exercise:ai + exercise:ipaq_category + ai:seq_num + exercise:seq_num + (1 | stim_src_id),329.811516,397.095523
(bug_found_num) ~ exercise + ai + seq_num + project_name + ipaq_category + occupation + has_bug + exercise:ai + exercise:ipaq_category + ai:seq_num + ai:has_bug + (1 | stim_src_id),329.892797,397.176804
(bug_found_num) ~ exercise + ai + seq_num + project_name + ipaq_category + occupation + has_bug + exercise:ai + exercise:ipaq_category + ai:seq_num + exercise:has_bug + (1 | stim_src_id),332.764253,400.048261
(bug_found_num) ~ exercise + ai + seq_num + project_name + ipaq_category + occupation + has_bug + exercise:ai + exercise:ipaq_category + exercise:seq_num + ai:has_bug + (1 | stim_src_id),327.429896,394.713903
(bug_found_num) ~ exercise + ai + seq_num + project_name + ipaq_category + occupation + has_bug + exercise:ai + exercise:ipaq_category + exercise:seq_num + exercise:has_bug + (1 | stim_src_id),330.254686,397.538693
(bug_found_num) ~ exercise + ai + seq_num + project_name + ipaq_category + occupation + has_bug + exercise:ai + exercise:ipaq_category + ai:has_bug + exercise:has_bug + (1 | stim_src_id),330.304168,397.588176
(bug_found_num) ~ exercise + ai + seq_num + project_name + ipaq_category + occupation + has_bug + exercise:ai + ai:seq_num + exercise:seq_num + ai:has_bug + (1 | stim_src_id),325.832207,389.574951
(bug_found_num) ~ exercise + ai + seq_num + project_name + ipaq_category + occupation + has_bug + exercise:ai + ai:seq_num + exercise:seq_num + exercise:has_bug + (1 | stim_src_id),328.484279,392.227023
(bug_found_num) ~ exercise + ai + seq_num + project_name + ipaq_category + occupation + has_bug + exercise:ai + ai:seq_num + ai:has_bug + exercise:has_bug + (1 | stim_src_id),328.503206,392.245950
(bug_found_num) ~ exercise + ai + seq_num + project_name + ipaq_category + occupation + has_bug + exercise:ai + exercise:seq_num + ai:has_bug + exercise:has_bug + (1 | stim_src_id),326.016067,389.758811
(bug_found_num) ~ exercise + ai + seq_num + project_name + ipaq_category + occupation + has_bug + exercise:ipaq_category + ai:seq_num + exercise:seq_num + ai:has_bug + (1 | stim_src_id),326.756325,394.040332
(bug_found_num) ~ exercise + ai + seq_num + project_name + ipaq_category + occupation + has_bug + exercise:ipaq_category + ai:seq_num + exercise:seq_num + exercise:has_bug + (1 | stim_src_id),329.340787,396.624795
(bug_found_num) ~ exercise + ai + seq_num + project_name + ipaq_category + occupation + has_bug + exercise:ipaq_category + ai:seq_num + ai:has_bug + exercise:has_bug + (1 | stim_src_id),329.564006,396.848013
(bug_found_num) ~ exercise + ai + seq_num + project_name + ipaq_category + occupation + has_bug + exercise:ipaq_category + exercise:seq_num + ai:has_bug + exercise:has_bug + (1 | stim_src_id),327.084574,394.368582
(bug_found_num) ~ exercise + ai + seq_num + project_name + ipaq_category + occupation + has_bug + ai:seq_num + exercise:seq_num + ai:has_bug + exercise:has_bug + (1 | stim_src_id),325.376522,389.119266
(bug_found_num) ~ exercise + ai + seq_num + project_name + ipaq_category + occupation + has_bug + exercise:ai + exercise:ipaq_category + ai:seq_num + exercise:seq_num + ai:has_bug + (1 | stim_src_id),328.598914,399.424185
(bug_found_num) ~ exercise + ai + seq_num + project_name + ipaq_category + occupation + has_bug + exercise:ai + exercise:ipaq_category + ai:seq_num + exercise:seq_num + exercise:has_bug + (1 | stim_src_id),331.263911,402.089182
(bug_found_num) ~ exercise + ai + seq_num + project_name + ipaq_category + occupation + has_bug + exercise:ai + exercise:ipaq_category + ai:seq_num + ai:has_bug + exercise:has_bug + (1 | stim_src_id),331.429364,402.254635
(bug_found_num) ~ exercise + ai + seq_num + project_name + ipaq_category + occupation + has_bug + exercise:ai + exercise:ipaq_category + exercise:seq_num + ai:has_bug + exercise:has_bug + (1 | stim_src_id),328.926650,399.751920
(bug_found_num) ~ exercise + ai + seq_num + project_name + ipaq_category + occupation + has_bug + exercise:ai + ai:seq_num + exercise:seq_num + ai:has_bug + exercise:has_bug + (1 | stim_src_id),327.267939,394.551946
(bug_found_num) ~ exercise + ai + seq_num + project_name + ipaq_category + occupation + has_bug + exercise:ipaq_category + ai:seq_num + exercise:seq_num + ai:has_bug + exercise:has_bug + (1 | stim_src_id),328.165421,398.990691
(bug_found_num) ~ exercise + ai + seq_num + project_name + ipaq_category + occupation + has_bug + exercise:ai + exercise:ipaq_category + ai:seq_num + exercise:seq_num + ai:has_bug + exercise:has_bug + (1 | stim_src_id),330.071876,404.438411
