formula,AIC,BIC
(bug_found_num) ~ exercise + AI_correct + seq_num + (1 | stim_src_id),147.336484,161.517893
(bug_found_num) ~ exercise + AI_correct + seq_num + exercise:AI_correct + (1 | stim_src_id),149.308498,166.326189
(bug_found_num) ~ exercise + AI_correct + seq_num + AI_correct:seq_num + (1 | stim_src_id),148.233039,165.250730
(bug_found_num) ~ exercise + AI_correct + seq_num + exercise:seq_num + (1 | stim_src_id),147.499759,164.517451
(bug_found_num) ~ exercise + AI_correct + seq_num + exercise:AI_correct + AI_correct:seq_num + (1 | stim_src_id),150.213035,170.067008
(bug_found_num) ~ exercise + AI_correct + seq_num + exercise:AI_correct + exercise:seq_num + (1 | stim_src_id),149.488637,169.342611
(bug_found_num) ~ exercise + AI_correct + seq_num + AI_correct:seq_num + exercise:seq_num + (1 | stim_src_id),147.679472,167.533445
(bug_found_num) ~ exercise + AI_correct + seq_num + exercise:AI_correct + AI_correct:seq_num + exercise:seq_num + (1 | stim_src_id),149.678997,172.369252
(bug_found_num) ~ exercise + AI_correct + seq_num + project_name + (1 | stim_src_id),146.213601,163.231293
(bug_found_num) ~ exercise + AI_correct + seq_num + project_name + exercise:AI_correct + (1 | stim_src_id),148.125035,167.979008
(bug_found_num) ~ exercise + AI_correct + seq_num + project_name + AI_correct:seq_num + (1 | stim_src_id),147.476159,167.330132
(bug_found_num) ~ exercise + AI_correct + seq_num + project_name + exercise:seq_num + (1 | stim_src_id),146.447370,166.301343
(bug_found_num) ~ exercise + AI_correct + seq_num + project_name + exercise:AI_correct + AI_correct:seq_num + (1 | stim_src_id),149.409697,172.099952
(bug_found_num) ~ exercise + AI_correct + seq_num + project_name + exercise:AI_correct + exercise:seq_num + (1 | stim_src_id),148.390707,171.080962
(bug_found_num) ~ exercise + AI_correct + seq_num + project_name + AI_correct:seq_num + exercise:seq_num + (1 | stim_src_id),147.083992,169.774248
(bug_found_num) ~ exercise + AI_correct + seq_num + project_name + exercise:AI_correct + AI_correct:seq_num + exercise:seq_num + (1 | stim_src_id),149.064335,174.590872
(bug_found_num) ~ exercise + AI_correct + seq_num + ipaq_category + (1 | stim_src_id),151.138779,170.992752
(bug_found_num) ~ exercise + AI_correct + seq_num + ipaq_category + exercise:AI_correct + (1 | stim_src_id),153.129356,175.819612
(bug_found_num) ~ exercise + AI_correct + seq_num + ipaq_category + exercise:ipaq_category + (1 | stim_src_id),153.003050,175.693305
(bug_found_num) ~ exercise + AI_correct + seq_num + ipaq_category + AI_correct:seq_num + (1 | stim_src_id),151.971850,174.662106
(bug_found_num) ~ exercise + AI_correct + seq_num + ipaq_category + exercise:seq_num + (1 | stim_src_id),151.314841,174.005096
(bug_found_num) ~ exercise + AI_correct + seq_num + ipaq_category + exercise:AI_correct + exercise:ipaq_category + (1 | stim_src_id),154.995881,180.522418
(bug_found_num) ~ exercise + AI_correct + seq_num + ipaq_category + exercise:AI_correct + AI_correct:seq_num + (1 | stim_src_id),153.971185,179.497722
(bug_found_num) ~ exercise + AI_correct + seq_num + ipaq_category + exercise:AI_correct + exercise:seq_num + (1 | stim_src_id),153.314785,178.841322
(bug_found_num) ~ exercise + AI_correct + seq_num + ipaq_category + exercise:ipaq_category + AI_correct:seq_num + (1 | stim_src_id),153.870896,179.397433
(bug_found_num) ~ exercise + AI_correct + seq_num + ipaq_category + exercise:ipaq_category + exercise:seq_num + (1 | stim_src_id),152.946029,178.472566
(bug_found_num) ~ exercise + AI_correct + seq_num + ipaq_category + AI_correct:seq_num + exercise:seq_num + (1 | stim_src_id),151.278423,176.804960
(bug_found_num) ~ exercise + AI_correct + seq_num + ipaq_category + exercise:AI_correct + exercise:ipaq_category + AI_correct:seq_num + (1 | stim_src_id),155.870586,184.233405
(bug_found_num) ~ exercise + AI_correct + seq_num + ipaq_category + exercise:AI_correct + exercise:ipaq_category + exercise:seq_num + (1 | stim_src_id),154.946855,183.309674
(bug_found_num) ~ exercise + AI_correct + seq_num + ipaq_category + exercise:AI_correct + AI_correct:seq_num + exercise:seq_num + (1 | stim_src_id),153.251116,181.613935
(bug_found_num) ~ exercise + AI_correct + seq_num + ipaq_category + exercise:ipaq_category + AI_correct:seq_num + exercise:seq_num + (1 | stim_src_id),152.942609,181.305428
(bug_found_num) ~ exercise + AI_correct + seq_num + ipaq_category + exercise:AI_correct + exercise:ipaq_category + AI_correct:seq_num + exercise:seq_num + (1 | stim_src_id),154.912006,186.111107
(bug_found_num) ~ exercise + AI_correct + seq_num + occupation + (1 | stim_src_id),152.695974,181.058793
(bug_found_num) ~ exercise + AI_correct + seq_num + occupation + exercise:AI_correct + (1 | stim_src_id),154.688557,185.887658
(bug_found_num) ~ exercise + AI_correct + seq_num + occupation + AI_correct:seq_num + (1 | stim_src_id),153.805315,185.004416
(bug_found_num) ~ exercise + AI_correct + seq_num + occupation + exercise:seq_num + (1 | stim_src_id),152.837591,184.036692
(bug_found_num) ~ exercise + AI_correct + seq_num + occupation + exercise:AI_correct + AI_correct:seq_num + (1 | stim_src_id),155.796978,189.832361
(bug_found_num) ~ exercise + AI_correct + seq_num + occupation + exercise:AI_correct + exercise:seq_num + (1 | stim_src_id),154.834617,188.869999
(bug_found_num) ~ exercise + AI_correct + seq_num + occupation + AI_correct:seq_num + exercise:seq_num + (1 | stim_src_id),153.236118,187.271501
(bug_found_num) ~ exercise + AI_correct + seq_num + occupation + exercise:AI_correct + AI_correct:seq_num + exercise:seq_num + (1 | stim_src_id),155.233588,192.105253
(bug_found_num) ~ exercise + AI_correct + seq_num + has_bug + (1 | stim_src_id),142.817888,159.835579
(bug_found_num) ~ exercise + AI_correct + seq_num + has_bug + exercise:AI_correct + (1 | stim_src_id),144.657465,164.511438
(bug_found_num) ~ exercise + AI_correct + seq_num + has_bug + AI_correct:seq_num + (1 | stim_src_id),144.006575,163.860549
(bug_found_num) ~ exercise + AI_correct + seq_num + has_bug + exercise:seq_num + (1 | stim_src_id),142.589290,162.443263
(bug_found_num) ~ exercise + AI_correct + seq_num + has_bug + AI_correct:has_bug + (1 | stim_src_id),144.470037,164.324010
(bug_found_num) ~ exercise + AI_correct + seq_num + has_bug + exercise:has_bug + (1 | stim_src_id),141.450044,161.304017
(bug_found_num) ~ exercise + AI_correct + seq_num + has_bug + exercise:AI_correct + AI_correct:seq_num + (1 | stim_src_id),145.864647,168.554903
(bug_found_num) ~ exercise + AI_correct + seq_num + has_bug + exercise:AI_correct + exercise:seq_num + (1 | stim_src_id),144.485074,167.175329
(bug_found_num) ~ exercise + AI_correct + seq_num + has_bug + exercise:AI_correct + AI_correct:has_bug + (1 | stim_src_id),146.310529,169.000785
(bug_found_num) ~ exercise + AI_correct + seq_num + has_bug + exercise:AI_correct + exercise:has_bug + (1 | stim_src_id),143.344788,166.035043
(bug_found_num) ~ exercise + AI_correct + seq_num + has_bug + AI_correct:seq_num + exercise:seq_num + (1 | stim_src_id),142.884939,165.575194
(bug_found_num) ~ exercise + AI_correct + seq_num + has_bug + AI_correct:seq_num + AI_correct:has_bug + (1 | stim_src_id),145.734777,168.425032
(bug_found_num) ~ exercise + AI_correct + seq_num + has_bug + AI_correct:seq_num + exercise:has_bug + (1 | stim_src_id),142.642635,165.332890
(bug_found_num) ~ exercise + AI_correct + seq_num + has_bug + exercise:seq_num + AI_correct:has_bug + (1 | stim_src_id),144.146240,166.836495
(bug_found_num) ~ exercise + AI_correct + seq_num + has_bug + exercise:seq_num + exercise:has_bug + (1 | stim_src_id),140.296746,162.987001
(bug_found_num) ~ exercise + AI_correct + seq_num + has_bug + AI_correct:has_bug + exercise:has_bug + (1 | stim_src_id),143.327119,166.017374
(bug_found_num) ~ exercise + AI_correct + seq_num + has_bug + exercise:AI_correct + AI_correct:seq_num + exercise:seq_num + (1 | stim_src_id),144.824248,170.350785
(bug_found_num) ~ exercise + AI_correct + seq_num + has_bug + exercise:AI_correct + AI_correct:seq_num + AI_correct:has_bug + (1 | stim_src_id),147.596488,173.123025
(bug_found_num) ~ exercise + AI_correct + seq_num + has_bug + exercise:AI_correct + AI_correct:seq_num + exercise:has_bug + (1 | stim_src_id),144.543810,170.070348
(bug_found_num) ~ exercise + AI_correct + seq_num + has_bug + exercise:AI_correct + exercise:seq_num + AI_correct:has_bug + (1 | stim_src_id),146.043169,171.569706
(bug_found_num) ~ exercise + AI_correct + seq_num + has_bug + exercise:AI_correct + exercise:seq_num + exercise:has_bug + (1 | stim_src_id),142.257576,167.784113
(bug_found_num) ~ exercise + AI_correct + seq_num + has_bug + exercise:AI_correct + AI_correct:has_bug + exercise:has_bug + (1 | stim_src_id),145.205684,170.732222
(bug_found_num) ~ exercise + AI_correct + seq_num + has_bug + AI_correct:seq_num + exercise:seq_num + AI_correct:has_bug + (1 | stim_src_id),144.592187,170.118724
(bug_found_num) ~ exercise + AI_correct + seq_num + has_bug + AI_correct:seq_num + exercise:seq_num + exercise:has_bug + (1 | stim_src_id),140.434550,165.961087
(bug_found_num) ~ exercise + AI_correct + seq_num + has_bug + AI_correct:seq_num + AI_correct:has_bug + exercise:has_bug + (1 | stim_src_id),144.562708,170.089245
(bug_found_num) ~ exercise + AI_correct + seq_num + has_bug + exercise:seq_num + AI_correct:has_bug + exercise:has_bug + (1 | stim_src_id),142.093642,167.620179
(bug_found_num) ~ exercise + AI_correct + seq_num + has_bug + exercise:AI_correct + AI_correct:seq_num + exercise:seq_num + AI_correct:has_bug + (1 | stim_src_id),146.533448,174.896267
(bug_found_num) ~ exercise + AI_correct + seq_num + has_bug + exercise:AI_correct + AI_correct:seq_num + exercise:seq_num + exercise:has_bug + (1 | stim_src_id),142.418842,170.781661
(bug_found_num) ~ exercise + AI_correct + seq_num + has_bug + exercise:AI_correct + AI_correct:seq_num + AI_correct:has_bug + exercise:has_bug + (1 | stim_src_id),146.454155,174.816974
(bug_found_num) ~ exercise + AI_correct + seq_num + has_bug + exercise:AI_correct + exercise:seq_num + AI_correct:has_bug + exercise:has_bug + (1 | stim_src_id),144.041948,172.404768
(bug_found_num) ~ exercise + AI_correct + seq_num + has_bug + AI_correct:seq_num + exercise:seq_num + AI_correct:has_bug + exercise:has_bug + (1 | stim_src_id),142.368135,170.730954
(bug_found_num) ~ exercise + AI_correct + seq_num + has_bug + exercise:AI_correct + AI_correct:seq_num + exercise:seq_num + AI_correct:has_bug + exercise:has_bug + (1 | stim_src_id),144.353281,175.552382
(bug_found_num) ~ exercise + AI_correct + seq_num + project_name + ipaq_category + (1 | stim_src_id),149.963963,172.654219
(bug_found_num) ~ exercise + AI_correct + seq_num + project_name + ipaq_category + exercise:AI_correct + (1 | stim_src_id),151.909004,177.435541
(bug_found_num) ~ exercise + AI_correct + seq_num + project_name + ipaq_category + exercise:ipaq_category + (1 | stim_src_id),151.882805,177.409343
(bug_found_num) ~ exercise + AI_correct + seq_num + project_name + ipaq_category + AI_correct:seq_num + (1 | stim_src_id),151.219320,176.745857
(bug_found_num) ~ exercise + AI_correct + seq_num + project_name + ipaq_category + exercise:seq_num + (1 | stim_src_id),150.249230,175.775767
(bug_found_num) ~ exercise + AI_correct + seq_num + project_name + ipaq_category + exercise:AI_correct + exercise:ipaq_category + (1 | stim_src_id),153.832947,182.195766
(bug_found_num) ~ exercise + AI_correct + seq_num + project_name + ipaq_category + exercise:AI_correct + AI_correct:seq_num + (1 | stim_src_id),153.194829,181.557648
(bug_found_num) ~ exercise + AI_correct + seq_num + project_name + ipaq_category + exercise:AI_correct + exercise:seq_num + (1 | stim_src_id),152.227445,180.590264
(bug_found_num) ~ exercise + AI_correct + seq_num + project_name + ipaq_category + exercise:ipaq_category + AI_correct:seq_num + (1 | stim_src_id),153.160166,181.522985
(bug_found_num) ~ exercise + AI_correct + seq_num + project_name + ipaq_category + exercise:ipaq_category + exercise:seq_num + (1 | stim_src_id),151.976433,180.339253
(bug_found_num) ~ exercise + AI_correct + seq_num + project_name + ipaq_category + AI_correct:seq_num + exercise:seq_num + (1 | stim_src_id),150.755979,179.118798
(bug_found_num) ~ exercise + AI_correct + seq_num + project_name + ipaq_category + exercise:AI_correct + exercise:ipaq_category + AI_correct:seq_num + (1 | stim_src_id),155.128775,186.327876
(bug_found_num) ~ exercise + AI_correct + seq_num + project_name + ipaq_category + exercise:AI_correct + exercise:ipaq_category + exercise:seq_num + (1 | stim_src_id),153.961853,185.160954
(bug_found_num) ~ exercise + AI_correct + seq_num + project_name + ipaq_category + exercise:AI_correct + AI_correct:seq_num + exercise:seq_num + (1 | stim_src_id),152.755116,183.954217
(bug_found_num) ~ exercise + AI_correct + seq_num + project_name + ipaq_category + exercise:ipaq_category + AI_correct:seq_num + exercise:seq_num + (1 | stim_src_id),152.486561,183.685662
(bug_found_num) ~ exercise + AI_correct + seq_num + project_name + ipaq_category + exercise:AI_correct + exercise:ipaq_category + AI_correct:seq_num + exercise:seq_num + (1 | stim_src_id),154.478236,188.513618
(bug_found_num) ~ exercise + AI_correct + seq_num + project_name + occupation + (1 | stim_src_id),151.170411,182.369512
(bug_found_num) ~ exercise + AI_correct + seq_num + project_name + occupation + exercise:AI_correct + (1 | stim_src_id),153.110730,187.146113
(bug_found_num) ~ exercise + AI_correct + seq_num + project_name + occupation + AI_correct:seq_num + (1 | stim_src_id),152.688612,186.723995
(bug_found_num) ~ exercise + AI_correct + seq_num + project_name + occupation + exercise:seq_num + (1 | stim_src_id),150.972701,185.008084
(bug_found_num) ~ exercise + AI_correct + seq_num + project_name + occupation + exercise:AI_correct + AI_correct:seq_num + (1 | stim_src_id),154.645484,191.517149
(bug_found_num) ~ exercise + AI_correct + seq_num + project_name + occupation + exercise:AI_correct + exercise:seq_num + (1 | stim_src_id),152.952361,189.824026
(bug_found_num) ~ exercise + AI_correct + seq_num + project_name + occupation + AI_correct:seq_num + exercise:seq_num + (1 | stim_src_id),151.824732,188.696397
(bug_found_num) ~ exercise + AI_correct + seq_num + project_name + occupation + exercise:AI_correct + AI_correct:seq_num + exercise:seq_num + (1 | stim_src_id),153.828331,193.536278
(bug_found_num) ~ exercise + AI_correct + seq_num + project_name + has_bug + (1 | stim_src_id),141.508480,161.362453
(bug_found_num) ~ exercise + AI_correct + seq_num + project_name + has_bug + exercise:AI_correct + (1 | stim_src_id),143.180467,165.870723
(bug_found_num) ~ exercise + AI_correct + seq_num + project_name + has_bug + AI_correct:seq_num + (1 | stim_src_id),143.006050,165.696305
(bug_found_num) ~ exercise + AI_correct + seq_num + project_name + has_bug + exercise:seq_num + (1 | stim_src_id),141.073620,163.763875
(bug_found_num) ~ exercise + AI_correct + seq_num + project_name + has_bug + AI_correct:has_bug + (1 | stim_src_id),143.188122,165.878377
(bug_found_num) ~ exercise + AI_correct + seq_num + project_name + has_bug + exercise:has_bug + (1 | stim_src_id),139.616405,162.306660
(bug_found_num) ~ exercise + AI_correct + seq_num + project_name + has_bug + exercise:AI_correct + AI_correct:seq_num + (1 | stim_src_id),144.716925,170.243462
(bug_found_num) ~ exercise + AI_correct + seq_num + project_name + has_bug + exercise:AI_correct + exercise:seq_num + (1 | stim_src_id),142.830264,168.356801
(bug_found_num) ~ exercise + AI_correct + seq_num + project_name + has_bug + exercise:AI_correct + AI_correct:has_bug + (1 | stim_src_id),144.876036,170.402574
(bug_found_num) ~ exercise + AI_correct + seq_num + project_name + has_bug + exercise:AI_correct + exercise:has_bug + (1 | stim_src_id),141.381117,166.907654
(bug_found_num) ~ exercise + AI_correct + seq_num + project_name + has_bug + AI_correct:seq_num + exercise:seq_num + (1 | stim_src_id),141.781074,167.307611
(bug_found_num) ~ exercise + AI_correct + seq_num + project_name + has_bug + AI_correct:seq_num + AI_correct:has_bug + (1 | stim_src_id),144.742151,170.268688
(bug_found_num) ~ exercise + AI_correct + seq_num + project_name + has_bug + AI_correct:seq_num + exercise:has_bug + (1 | stim_src_id),141.199077,166.725614
(bug_found_num) ~ exercise + AI_correct + seq_num + project_name + has_bug + exercise:seq_num + AI_correct:has_bug + (1 | stim_src_id),142.630576,168.157113
(bug_found_num) ~ exercise + AI_correct + seq_num + project_name + has_bug + exercise:seq_num + exercise:has_bug + (1 | stim_src_id),138.119441,163.645978
(bug_found_num) ~ exercise + AI_correct + seq_num + project_name + has_bug + AI_correct:has_bug + exercise:has_bug + (1 | stim_src_id),141.534450,167.060987
(bug_found_num) ~ exercise + AI_correct + seq_num + project_name + has_bug + exercise:AI_correct + AI_correct:seq_num + exercise:seq_num + (1 | stim_src_id),143.620599,171.983418
(bug_found_num) ~ exercise + AI_correct + seq_num + project_name + has_bug + exercise:AI_correct + AI_correct:seq_num + AI_correct:has_bug + (1 | stim_src_id),146.466358,174.829177
(bug_found_num) ~ exercise + AI_correct + seq_num + project_name + has_bug + exercise:AI_correct + AI_correct:seq_num + exercise:has_bug + (1 | stim_src_id),142.988774,171.351593
(bug_found_num) ~ exercise + AI_correct + seq_num + project_name + has_bug + exercise:AI_correct + exercise:seq_num + AI_correct:has_bug + (1 | stim_src_id),144.401537,172.764356
(bug_found_num) ~ exercise + AI_correct + seq_num + project_name + has_bug + exercise:AI_correct + exercise:seq_num + exercise:has_bug + (1 | stim_src_id),140.027805,168.390624
(bug_found_num) ~ exercise + AI_correct + seq_num + project_name + has_bug + exercise:AI_correct + AI_correct:has_bug + exercise:has_bug + (1 | stim_src_id),143.292893,171.655712
(bug_found_num) ~ exercise + AI_correct + seq_num + project_name + has_bug + AI_correct:seq_num + exercise:seq_num + AI_correct:has_bug + (1 | stim_src_id),143.455175,171.817994
(bug_found_num) ~ exercise + AI_correct + seq_num + project_name + has_bug + AI_correct:seq_num + exercise:seq_num + exercise:has_bug + (1 | stim_src_id),138.869120,167.231939
(bug_found_num) ~ exercise + AI_correct + seq_num + project_name + has_bug + AI_correct:seq_num + AI_correct:has_bug + exercise:has_bug + (1 | stim_src_id),143.150215,171.513034
(bug_found_num) ~ exercise + AI_correct + seq_num + project_name + has_bug + exercise:seq_num + AI_correct:has_bug + exercise:has_bug + (1 | stim_src_id),139.982174,168.344993
(bug_found_num) ~ exercise + AI_correct + seq_num + project_name + has_bug + exercise:AI_correct + AI_correct:seq_num + exercise:seq_num + AI_correct:has_bug + (1 | stim_src_id),145.303880,176.502981
(bug_found_num) ~ exercise + AI_correct + seq_num + project_name + has_bug + exercise:AI_correct + AI_correct:seq_num + exercise:seq_num + exercise:has_bug + (1 | stim_src_id),140.819529,172.018630
(bug_found_num) ~ exercise + AI_correct + seq_num + project_name + has_bug + exercise:AI_correct + AI_correct:seq_num + AI_correct:has_bug + exercise:has_bug + (1 | stim_src_id),144.933537,176.132638
(bug_found_num) ~ exercise + AI_correct + seq_num + project_name + has_bug + exercise:AI_correct + exercise:seq_num + AI_correct:has_bug + exercise:has_bug + (1 | stim_src_id),141.879007,173.078108
(bug_found_num) ~ exercise + AI_correct + seq_num + project_name + has_bug + AI_correct:seq_num + exercise:seq_num + AI_correct:has_bug + exercise:has_bug + (1 | stim_src_id),140.806663,172.005764
(bug_found_num) ~ exercise + AI_correct + seq_num + project_name + has_bug + exercise:AI_correct + AI_correct:seq_num + exercise:seq_num + AI_correct:has_bug + exercise:has_bug + (1 | stim_src_id),142.751349,176.786732
(bug_found_num) ~ exercise + AI_correct + seq_num + ipaq_category + occupation + (1 | stim_src_id),156.479435,190.514818
(bug_found_num) ~ exercise + AI_correct + seq_num + ipaq_category + occupation + exercise:AI_correct + (1 | stim_src_id),158.474160,195.345825
(bug_found_num) ~ exercise + AI_correct + seq_num + ipaq_category + occupation + exercise:ipaq_category + (1 | stim_src_id),158.384836,195.256501
(bug_found_num) ~ exercise + AI_correct + seq_num + ipaq_category + occupation + AI_correct:seq_num + (1 | stim_src_id),157.585790,194.457455
(bug_found_num) ~ exercise + AI_correct + seq_num + ipaq_category + occupation + exercise:seq_num + (1 | stim_src_id),156.766168,193.637833
(bug_found_num) ~ exercise + AI_correct + seq_num + ipaq_category + occupation + exercise:AI_correct + exercise:ipaq_category + (1 | stim_src_id),160.375404,200.083350
(bug_found_num) ~ exercise + AI_correct + seq_num + ipaq_category + occupation + exercise:AI_correct + AI_correct:seq_num + (1 | stim_src_id),159.586103,199.294050
(bug_found_num) ~ exercise + AI_correct + seq_num + ipaq_category + occupation + exercise:AI_correct + exercise:seq_num + (1 | stim_src_id),158.765457,198.473404
(bug_found_num) ~ exercise + AI_correct + seq_num + ipaq_category + occupation + exercise:ipaq_category + AI_correct:seq_num + (1 | stim_src_id),159.453434,199.161381
(bug_found_num) ~ exercise + AI_correct + seq_num + ipaq_category + occupation + exercise:ipaq_category + exercise:seq_num + (1 | stim_src_id),158.763877,198.471824
(bug_found_num) ~ exercise + AI_correct + seq_num + ipaq_category + occupation + AI_correct:seq_num + exercise:seq_num + (1 | stim_src_id),157.152857,196.860804
(bug_found_num) ~ exercise + AI_correct + seq_num + ipaq_category + occupation + exercise:AI_correct + exercise:ipaq_category + AI_correct:seq_num + (1 | stim_src_id),161.451579,203.995808
(bug_found_num) ~ exercise + AI_correct + seq_num + ipaq_category + occupation + exercise:AI_correct + exercise:ipaq_category + exercise:seq_num + (1 | stim_src_id),160.764711,203.308940
(bug_found_num) ~ exercise + AI_correct + seq_num + ipaq_category + occupation + exercise:AI_correct + AI_correct:seq_num + exercise:seq_num + (1 | stim_src_id),159.130875,201.675104
(bug_found_num) ~ exercise + AI_correct + seq_num + ipaq_category + occupation + exercise:ipaq_category + AI_correct:seq_num + exercise:seq_num + (1 | stim_src_id),159.154405,201.698634
(bug_found_num) ~ exercise + AI_correct + seq_num + ipaq_category + occupation + exercise:AI_correct + exercise:ipaq_category + AI_correct:seq_num + exercise:seq_num + (1 | stim_src_id),161.140998,206.521508
(bug_found_num) ~ exercise + AI_correct + seq_num + ipaq_category + has_bug + (1 | stim_src_id),146.722934,169.413189
(bug_found_num) ~ exercise + AI_correct + seq_num + ipaq_category + has_bug + exercise:AI_correct + (1 | stim_src_id),148.606618,174.133155
(bug_found_num) ~ exercise + AI_correct + seq_num + ipaq_category + has_bug + exercise:ipaq_category + (1 | stim_src_id),148.667511,174.194048
(bug_found_num) ~ exercise + AI_correct + seq_num + ipaq_category + has_bug + AI_correct:seq_num + (1 | stim_src_id),147.819199,173.345736
(bug_found_num) ~ exercise + AI_correct + seq_num + ipaq_category + has_bug + exercise:seq_num + (1 | stim_src_id),146.418296,171.944833
(bug_found_num) ~ exercise + AI_correct + seq_num + ipaq_category + has_bug + AI_correct:has_bug + (1 | stim_src_id),148.387655,173.914193
(bug_found_num) ~ exercise + AI_correct + seq_num + ipaq_category + has_bug + exercise:has_bug + (1 | stim_src_id),145.363006,170.889543
(bug_found_num) ~ exercise + AI_correct + seq_num + ipaq_category + has_bug + exercise:AI_correct + exercise:ipaq_category + (1 | stim_src_id),150.555716,178.918535
(bug_found_num) ~ exercise + AI_correct + seq_num + ipaq_category + has_bug + exercise:AI_correct + AI_correct:seq_num + (1 | stim_src_id),149.741371,178.104190
(bug_found_num) ~ exercise + AI_correct + seq_num + ipaq_category + has_bug + exercise:AI_correct + exercise:seq_num + (1 | stim_src_id),148.368342,176.731161
(bug_found_num) ~ exercise + AI_correct + seq_num + ipaq_category + has_bug + exercise:AI_correct + AI_correct:has_bug + (1 | stim_src_id),150.272119,178.634939
(bug_found_num) ~ exercise + AI_correct + seq_num + ipaq_category + has_bug + exercise:AI_correct + exercise:has_bug + (1 | stim_src_id),147.283399,175.646218
(bug_found_num) ~ exercise + AI_correct + seq_num + ipaq_category + has_bug + exercise:ipaq_category + AI_correct:seq_num + (1 | stim_src_id),149.781412,178.144231
(bug_found_num) ~ exercise + AI_correct + seq_num + ipaq_category + has_bug + exercise:ipaq_category + exercise:seq_num + (1 | stim_src_id),148.178637,176.541456
(bug_found_num) ~ exercise + AI_correct + seq_num + ipaq_category + has_bug + exercise:ipaq_category + AI_correct:has_bug + (1 | stim_src_id),150.362298,178.725117
(bug_found_num) ~ exercise + AI_correct + seq_num + ipaq_category + has_bug + exercise:ipaq_category + exercise:has_bug + (1 | stim_src_id),147.362482,175.725301
(bug_found_num) ~ exercise + AI_correct + seq_num + ipaq_category + has_bug + AI_correct:seq_num + exercise:seq_num + (1 | stim_src_id),146.326882,174.689701
(bug_found_num) ~ exercise + AI_correct + seq_num + ipaq_category + has_bug + AI_correct:seq_num + AI_correct:has_bug + (1 | stim_src_id),149.566041,177.928860
(bug_found_num) ~ exercise + AI_correct + seq_num + ipaq_category + has_bug + AI_correct:seq_num + exercise:has_bug + (1 | stim_src_id),146.482359,174.845178
(bug_found_num) ~ exercise + AI_correct + seq_num + ipaq_category + has_bug + exercise:seq_num + AI_correct:has_bug + (1 | stim_src_id),147.958538,176.321357
(bug_found_num) ~ exercise + AI_correct + seq_num + ipaq_category + has_bug + exercise:seq_num + exercise:has_bug + (1 | stim_src_id),144.120259,172.483079
(bug_found_num) ~ exercise + AI_correct + seq_num + ipaq_category + has_bug + AI_correct:has_bug + exercise:has_bug + (1 | stim_src_id),147.247769,175.610588
(bug_found_num) ~ exercise + AI_correct + seq_num + ipaq_category + has_bug + exercise:AI_correct + exercise:ipaq_category + AI_correct:seq_num + (1 | stim_src_id),151.706408,182.905509
(bug_found_num) ~ exercise + AI_correct + seq_num + ipaq_category + has_bug + exercise:AI_correct + exercise:ipaq_category + exercise:seq_num + (1 | stim_src_id),150.138968,181.338069
(bug_found_num) ~ exercise + AI_correct + seq_num + ipaq_category + has_bug + exercise:AI_correct + exercise:ipaq_category + AI_correct:has_bug + (1 | stim_src_id),152.249203,183.448304
(bug_found_num) ~ exercise + AI_correct + seq_num + ipaq_category + has_bug + exercise:AI_correct + exercise:ipaq_category + exercise:has_bug + (1 | stim_src_id),149.282831,180.481932
(bug_found_num) ~ exercise + AI_correct + seq_num + ipaq_category + has_bug + exercise:AI_correct + AI_correct:seq_num + exercise:seq_num + (1 | stim_src_id),148.325108,179.524209
(bug_found_num) ~ exercise + AI_correct + seq_num + ipaq_category + has_bug + exercise:AI_correct + AI_correct:seq_num + AI_correct:has_bug + (1 | stim_src_id),151.493268,182.692369
(bug_found_num) ~ exercise + AI_correct + seq_num + ipaq_category + has_bug + exercise:AI_correct + AI_correct:seq_num + exercise:has_bug + (1 | stim_src_id),148.431413,179.630514
(bug_found_num) ~ exercise + AI_correct + seq_num + ipaq_category + has_bug + exercise:AI_correct + exercise:seq_num + AI_correct:has_bug + (1 | stim_src_id),149.911572,181.110673
(bug_found_num) ~ exercise + AI_correct + seq_num + ipaq_category + has_bug + exercise:AI_correct + exercise:seq_num + exercise:has_bug + (1 | stim_src_id),146.113351,177.312452
(bug_found_num) ~ exercise + AI_correct + seq_num + ipaq_category + has_bug + exercise:AI_correct + AI_correct:has_bug + exercise:has_bug + (1 | stim_src_id),149.155832,180.354933
(bug_found_num) ~ exercise + AI_correct + seq_num + ipaq_category + has_bug + exercise:ipaq_category + AI_correct:seq_num + exercise:seq_num + (1 | stim_src_id),148.136374,179.335475
(bug_found_num) ~ exercise + AI_correct + seq_num + ipaq_category + has_bug + exercise:ipaq_category + AI_correct:seq_num + AI_correct:has_bug + (1 | stim_src_id),151.555021,182.754122
(bug_found_num) ~ exercise + AI_correct + seq_num + ipaq_category + has_bug + exercise:ipaq_category + AI_correct:seq_num + exercise:has_bug + (1 | stim_src_id),148.481935,179.681036
(bug_found_num) ~ exercise + AI_correct + seq_num + ipaq_category + has_bug + exercise:ipaq_category + exercise:seq_num + AI_correct:has_bug + (1 | stim_src_id),149.793725,180.992826
(bug_found_num) ~ exercise + AI_correct + seq_num + ipaq_category + has_bug + exercise:ipaq_category + exercise:seq_num + exercise:has_bug + (1 | stim_src_id),146.008273,177.207374
(bug_found_num) ~ exercise + AI_correct + seq_num + ipaq_category + has_bug + exercise:ipaq_category + AI_correct:has_bug + exercise:has_bug + (1 | stim_src_id),149.247462,180.446563
(bug_found_num) ~ exercise + AI_correct + seq_num + ipaq_category + has_bug + AI_correct:seq_num + exercise:seq_num + AI_correct:has_bug + (1 | stim_src_id),148.028997,179.228098
(bug_found_num) ~ exercise + AI_correct + seq_num + ipaq_category + has_bug + AI_correct:seq_num + exercise:seq_num + exercise:has_bug + (1 | stim_src_id),143.844805,175.043906
(bug_found_num) ~ exercise + AI_correct + seq_num + ipaq_category + has_bug + AI_correct:seq_num + AI_correct:has_bug + exercise:has_bug + (1 | stim_src_id),148.412328,179.611429
(bug_found_num) ~ exercise + AI_correct + seq_num + ipaq_category + has_bug + exercise:seq_num + AI_correct:has_bug + exercise:has_bug + (1 | stim_src_id),145.903781,177.102882
(bug_found_num) ~ exercise + AI_correct + seq_num + ipaq_category + has_bug + exercise:AI_correct + exercise:ipaq_category + AI_correct:seq_num + exercise:seq_num + (1 | stim_src_id),150.126307,184.161690
(bug_found_num) ~ exercise + AI_correct + seq_num + ipaq_category + has_bug + exercise:AI_correct + exercise:ipaq_category + AI_correct:seq_num + AI_correct:has_bug + (1 | stim_src_id),153.473499,187.508882
(bug_found_num) ~ exercise + AI_correct + seq_num + ipaq_category + has_bug + exercise:AI_correct + exercise:ipaq_category + AI_correct:seq_num + exercise:has_bug + (1 | stim_src_id),150.431111,184.466494
(bug_found_num) ~ exercise + AI_correct + seq_num + ipaq_category + has_bug + exercise:AI_correct + exercise:ipaq_category + exercise:seq_num + AI_correct:has_bug + (1 | stim_src_id),151.751719,185.787102
(bug_found_num) ~ exercise + AI_correct + seq_num + ipaq_category + has_bug + exercise:AI_correct + exercise:ipaq_category + exercise:seq_num + exercise:has_bug + (1 | stim_src_id),148.003193,182.038576
(bug_found_num) ~ exercise + AI_correct + seq_num + ipaq_category + has_bug + exercise:AI_correct + exercise:ipaq_category + AI_correct:has_bug + exercise:has_bug + (1 | stim_src_id),151.156301,185.191684
(bug_found_num) ~ exercise + AI_correct + seq_num + ipaq_category + has_bug + exercise:AI_correct + AI_correct:seq_num + exercise:seq_num + AI_correct:has_bug + (1 | stim_src_id),150.028039,184.063422
(bug_found_num) ~ exercise + AI_correct + seq_num + ipaq_category + has_bug + exercise:AI_correct + AI_correct:seq_num + exercise:seq_num + exercise:has_bug + (1 | stim_src_id),145.827650,179.863033
(bug_found_num) ~ exercise + AI_correct + seq_num + ipaq_category + has_bug + exercise:AI_correct + AI_correct:seq_num + AI_correct:has_bug + exercise:has_bug + (1 | stim_src_id),150.353048,184.388431
(bug_found_num) ~ exercise + AI_correct + seq_num + ipaq_category + has_bug + exercise:AI_correct + exercise:seq_num + AI_correct:has_bug + exercise:has_bug + (1 | stim_src_id),147.888456,181.923839
(bug_found_num) ~ exercise + AI_correct + seq_num + ipaq_category + has_bug + exercise:ipaq_category + AI_correct:seq_num + exercise:seq_num + AI_correct:has_bug + (1 | stim_src_id),149.893916,183.929299
(bug_found_num) ~ exercise + AI_correct + seq_num + ipaq_category + has_bug + exercise:ipaq_category + AI_correct:seq_num + exercise:seq_num + exercise:has_bug + (1 | stim_src_id),145.774470,179.809853
(bug_found_num) ~ exercise + AI_correct + seq_num + ipaq_category + has_bug + exercise:ipaq_category + AI_correct:seq_num + AI_correct:has_bug + exercise:has_bug + (1 | stim_src_id),150.409941,184.445324
(bug_found_num) ~ exercise + AI_correct + seq_num + ipaq_category + has_bug + exercise:ipaq_category + exercise:seq_num + AI_correct:has_bug + exercise:has_bug + (1 | stim_src_id),147.818049,181.853432
(bug_found_num) ~ exercise + AI_correct + seq_num + ipaq_category + has_bug + AI_correct:seq_num + exercise:seq_num + AI_correct:has_bug + exercise:has_bug + (1 | stim_src_id),145.780662,179.816045
(bug_found_num) ~ exercise + AI_correct + seq_num + ipaq_category + has_bug + exercise:AI_correct + exercise:ipaq_category + AI_correct:seq_num + exercise:seq_num + AI_correct:has_bug + (1 | stim_src_id),151.894363,188.766028
(bug_found_num) ~ exercise + AI_correct + seq_num + ipaq_category + has_bug + exercise:AI_correct + exercise:ipaq_category + AI_correct:seq_num + exercise:seq_num + exercise:has_bug + (1 | stim_src_id),147.757532,184.629197
(bug_found_num) ~ exercise + AI_correct + seq_num + ipaq_category + has_bug + exercise:AI_correct + exercise:ipaq_category + AI_correct:seq_num + AI_correct:has_bug + exercise:has_bug + (1 | stim_src_id),152.351317,189.222981
(bug_found_num) ~ exercise + AI_correct + seq_num + ipaq_category + has_bug + exercise:AI_correct + exercise:ipaq_category + exercise:seq_num + AI_correct:has_bug + exercise:has_bug + (1 | stim_src_id),149.809269,186.680933
(bug_found_num) ~ exercise + AI_correct + seq_num + ipaq_category + has_bug + exercise:AI_correct + AI_correct:seq_num + exercise:seq_num + AI_correct:has_bug + exercise:has_bug + (1 | stim_src_id),147.771278,184.642943
(bug_found_num) ~ exercise + AI_correct + seq_num + ipaq_category + has_bug + exercise:ipaq_category + AI_correct:seq_num + exercise:seq_num + AI_correct:has_bug + exercise:has_bug + (1 | stim_src_id),147.726583,184.598248
(bug_found_num) ~ exercise + AI_correct + seq_num + ipaq_category + has_bug + exercise:AI_correct + exercise:ipaq_category + AI_correct:seq_num + exercise:seq_num + AI_correct:has_bug + exercise:has_bug + (1 | stim_src_id),149.710812,189.418758
(bug_found_num) ~ exercise + AI_correct + seq_num + occupation + has_bug + (1 | stim_src_id),149.014680,180.213781
(bug_found_num) ~ exercise + AI_correct + seq_num + occupation + has_bug + exercise:AI_correct + (1 | stim_src_id),150.856903,184.892286
(bug_found_num) ~ exercise + AI_correct + seq_num + occupation + has_bug + AI_correct:seq_num + (1 | stim_src_id),150.343797,184.379180
(bug_found_num) ~ exercise + AI_correct + seq_num + occupation + has_bug + exercise:seq_num + (1 | stim_src_id),148.971223,183.006606
(bug_found_num) ~ exercise + AI_correct + seq_num + occupation + has_bug + AI_correct:has_bug + (1 | stim_src_id),150.997556,185.032939
(bug_found_num) ~ exercise + AI_correct + seq_num + occupation + has_bug + exercise:has_bug + (1 | stim_src_id),147.054751,181.090134
(bug_found_num) ~ exercise + AI_correct + seq_num + occupation + has_bug + exercise:AI_correct + AI_correct:seq_num + (1 | stim_src_id),152.219967,189.091632
(bug_found_num) ~ exercise + AI_correct + seq_num + occupation + has_bug + exercise:AI_correct + exercise:seq_num + (1 | stim_src_id),150.889691,187.761356
(bug_found_num) ~ exercise + AI_correct + seq_num + occupation + has_bug + exercise:AI_correct + AI_correct:has_bug + (1 | stim_src_id),152.842412,189.714076
(bug_found_num) ~ exercise + AI_correct + seq_num + occupation + has_bug + exercise:AI_correct + exercise:has_bug + (1 | stim_src_id),148.901227,185.772892
(bug_found_num) ~ exercise + AI_correct + seq_num + occupation + has_bug + AI_correct:seq_num + exercise:seq_num + (1 | stim_src_id),149.449341,186.321006
(bug_found_num) ~ exercise + AI_correct + seq_num + occupation + has_bug + AI_correct:seq_num + AI_correct:has_bug + (1 | stim_src_id),152.338860,189.210525
(bug_found_num) ~ exercise + AI_correct + seq_num + occupation + has_bug + AI_correct:seq_num + exercise:has_bug + (1 | stim_src_id),148.357069,185.228734
(bug_found_num) ~ exercise + AI_correct + seq_num + occupation + has_bug + exercise:seq_num + AI_correct:has_bug + (1 | stim_src_id),150.947436,187.819100
(bug_found_num) ~ exercise + AI_correct + seq_num + occupation + has_bug + exercise:seq_num + exercise:has_bug + (1 | stim_src_id),146.118625,182.990290
(bug_found_num) ~ exercise + AI_correct + seq_num + occupation + has_bug + AI_correct:has_bug + exercise:has_bug + (1 | stim_src_id),149.011037,185.882702
(bug_found_num) ~ exercise + AI_correct + seq_num + occupation + has_bug + exercise:AI_correct + AI_correct:seq_num + exercise:seq_num + (1 | stim_src_id),151.421407,191.129354
(bug_found_num) ~ exercise + AI_correct + seq_num + occupation + has_bug + exercise:AI_correct + AI_correct:seq_num + AI_correct:has_bug + (1 | stim_src_id),154.216236,193.924183
(bug_found_num) ~ exercise + AI_correct + seq_num + occupation + has_bug + exercise:AI_correct + AI_correct:seq_num + exercise:has_bug + (1 | stim_src_id),150.230066,189.938013
(bug_found_num) ~ exercise + AI_correct + seq_num + occupation + has_bug + exercise:AI_correct + exercise:seq_num + AI_correct:has_bug + (1 | stim_src_id),152.866131,192.574078
(bug_found_num) ~ exercise + AI_correct + seq_num + occupation + has_bug + exercise:AI_correct + exercise:seq_num + exercise:has_bug + (1 | stim_src_id),148.071354,187.779301
(bug_found_num) ~ exercise + AI_correct + seq_num + occupation + has_bug + exercise:AI_correct + AI_correct:has_bug + exercise:has_bug + (1 | stim_src_id),150.862096,190.570042
(bug_found_num) ~ exercise + AI_correct + seq_num + occupation + has_bug + AI_correct:seq_num + exercise:seq_num + AI_correct:has_bug + (1 | stim_src_id),151.451881,191.159827
(bug_found_num) ~ exercise + AI_correct + seq_num + occupation + has_bug + AI_correct:seq_num + exercise:seq_num + exercise:has_bug + (1 | stim_src_id),146.448145,186.156092
(bug_found_num) ~ exercise + AI_correct + seq_num + occupation + has_bug + AI_correct:seq_num + AI_correct:has_bug + exercise:has_bug + (1 | stim_src_id),150.263569,189.971516
(bug_found_num) ~ exercise + AI_correct + seq_num + occupation + has_bug + exercise:seq_num + AI_correct:has_bug + exercise:has_bug + (1 | stim_src_id),148.084070,187.792017
(bug_found_num) ~ exercise + AI_correct + seq_num + occupation + has_bug + exercise:AI_correct + AI_correct:seq_num + exercise:seq_num + AI_correct:has_bug + (1 | stim_src_id),153.418480,195.962709
(bug_found_num) ~ exercise + AI_correct + seq_num + occupation + has_bug + exercise:AI_correct + AI_correct:seq_num + exercise:seq_num + exercise:has_bug + (1 | stim_src_id),148.434892,190.979121
(bug_found_num) ~ exercise + AI_correct + seq_num + occupation + has_bug + exercise:AI_correct + AI_correct:seq_num + AI_correct:has_bug + exercise:has_bug + (1 | stim_src_id),152.143406,194.687634
(bug_found_num) ~ exercise + AI_correct + seq_num + occupation + has_bug + exercise:AI_correct + exercise:seq_num + AI_correct:has_bug + exercise:has_bug + (1 | stim_src_id),150.039462,192.583691
(bug_found_num) ~ exercise + AI_correct + seq_num + occupation + has_bug + AI_correct:seq_num + exercise:seq_num + AI_correct:has_bug + exercise:has_bug + (1 | stim_src_id),148.264239,190.808467
(bug_found_num) ~ exercise + AI_correct + seq_num + occupation + has_bug + exercise:AI_correct + AI_correct:seq_num + exercise:seq_num + AI_correct:has_bug + exercise:has_bug + (1 | stim_src_id),150.248247,195.628757
(bug_found_num) ~ exercise + AI_correct + seq_num + project_name + ipaq_category + occupation + (1 | stim_src_id),154.892228,191.763893
(bug_found_num) ~ exercise + AI_correct + seq_num + project_name + ipaq_category + occupation + exercise:AI_correct + (1 | stim_src_id),156.849502,196.557449
(bug_found_num) ~ exercise + AI_correct + seq_num + project_name + ipaq_category + occupation + exercise:ipaq_category + (1 | stim_src_id),156.751618,196.459565
(bug_found_num) ~ exercise + AI_correct + seq_num + project_name + ipaq_category + occupation + AI_correct:seq_num + (1 | stim_src_id),156.472113,196.180060
(bug_found_num) ~ exercise + AI_correct + seq_num + project_name + ipaq_category + occupation + exercise:seq_num + (1 | stim_src_id),154.864925,194.572872
(bug_found_num) ~ exercise + AI_correct + seq_num + project_name + ipaq_category + occupation + exercise:AI_correct + exercise:ipaq_category + (1 | stim_src_id),158.697160,201.241389
(bug_found_num) ~ exercise + AI_correct + seq_num + project_name + ipaq_category + occupation + exercise:AI_correct + AI_correct:seq_num + (1 | stim_src_id),158.451207,200.995436
(bug_found_num) ~ exercise + AI_correct + seq_num + project_name + ipaq_category + occupation + exercise:AI_correct + exercise:seq_num + (1 | stim_src_id),156.842643,199.386871
(bug_found_num) ~ exercise + AI_correct + seq_num + project_name + ipaq_category + occupation + exercise:ipaq_category + AI_correct:seq_num + (1 | stim_src_id),158.313284,200.857513
(bug_found_num) ~ exercise + AI_correct + seq_num + project_name + ipaq_category + occupation + exercise:ipaq_category + exercise:seq_num + (1 | stim_src_id),156.867977,199.412206
(bug_found_num) ~ exercise + AI_correct + seq_num + project_name + ipaq_category + occupation + AI_correct:seq_num + exercise:seq_num + (1 | stim_src_id),155.799641,198.343870
(bug_found_num) ~ exercise + AI_correct + seq_num + project_name + ipaq_category + occupation + exercise:AI_correct + exercise:ipaq_category + AI_correct:seq_num + (1 | stim_src_id),160.284456,205.664966
(bug_found_num) ~ exercise + AI_correct + seq_num + project_name + ipaq_category + occupation + exercise:AI_correct + exercise:ipaq_category + exercise:seq_num + (1 | stim_src_id),158.844861,204.225371
(bug_found_num) ~ exercise + AI_correct + seq_num + project_name + ipaq_category + occupation + exercise:AI_correct + AI_correct:seq_num + exercise:seq_num + (1 | stim_src_id),157.795611,203.176122
(bug_found_num) ~ exercise + AI_correct + seq_num + project_name + ipaq_category + occupation + exercise:ipaq_category + AI_correct:seq_num + exercise:seq_num + (1 | stim_src_id),157.795313,203.175824
(bug_found_num) ~ exercise + AI_correct + seq_num + project_name + ipaq_category + occupation + exercise:AI_correct + exercise:ipaq_category + AI_correct:seq_num + exercise:seq_num + (1 | stim_src_id),159.791455,208.008247
(bug_found_num) ~ exercise + AI_correct + seq_num + project_name + ipaq_category + has_bug + (1 | stim_src_id),145.408672,170.935210
(bug_found_num) ~ exercise + AI_correct + seq_num + project_name + ipaq_category + has_bug + exercise:AI_correct + (1 | stim_src_id),147.139977,175.502796
(bug_found_num) ~ exercise + AI_correct + seq_num + project_name + ipaq_category + has_bug + exercise:ipaq_category + (1 | stim_src_id),147.371666,175.734485
(bug_found_num) ~ exercise + AI_correct + seq_num + project_name + ipaq_category + has_bug + AI_correct:seq_num + (1 | stim_src_id),146.852322,175.215141
(bug_found_num) ~ exercise + AI_correct + seq_num + project_name + ipaq_category + has_bug + exercise:seq_num + (1 | stim_src_id),144.904844,173.267664
(bug_found_num) ~ exercise + AI_correct + seq_num + project_name + ipaq_category + has_bug + AI_correct:has_bug + (1 | stim_src_id),147.116838,175.479657
(bug_found_num) ~ exercise + AI_correct + seq_num + project_name + ipaq_category + has_bug + exercise:has_bug + (1 | stim_src_id),143.482085,171.844904
(bug_found_num) ~ exercise + AI_correct + seq_num + project_name + ipaq_category + has_bug + exercise:AI_correct + exercise:ipaq_category + (1 | stim_src_id),149.109338,180.308439
(bug_found_num) ~ exercise + AI_correct + seq_num + project_name + ipaq_category + has_bug + exercise:AI_correct + AI_correct:seq_num + (1 | stim_src_id),148.648934,179.848035
(bug_found_num) ~ exercise + AI_correct + seq_num + project_name + ipaq_category + has_bug + exercise:AI_correct + exercise:seq_num + (1 | stim_src_id),146.748732,177.947833
(bug_found_num) ~ exercise + AI_correct + seq_num + project_name + ipaq_category + has_bug + exercise:AI_correct + AI_correct:has_bug + (1 | stim_src_id),148.855914,180.055015
(bug_found_num) ~ exercise + AI_correct + seq_num + project_name + ipaq_category + has_bug + exercise:AI_correct + exercise:has_bug + (1 | stim_src_id),145.293935,176.493036
(bug_found_num) ~ exercise + AI_correct + seq_num + project_name + ipaq_category + has_bug + exercise:ipaq_category + AI_correct:seq_num + (1 | stim_src_id),148.822659,180.021760
(bug_found_num) ~ exercise + AI_correct + seq_num + project_name + ipaq_category + has_bug + exercise:ipaq_category + exercise:seq_num + (1 | stim_src_id),146.702965,177.902066
(bug_found_num) ~ exercise + AI_correct + seq_num + project_name + ipaq_category + has_bug + exercise:ipaq_category + AI_correct:has_bug + (1 | stim_src_id),149.101459,180.300560
(bug_found_num) ~ exercise + AI_correct + seq_num + project_name + ipaq_category + has_bug + exercise:ipaq_category + exercise:has_bug + (1 | stim_src_id),145.477269,176.676370
(bug_found_num) ~ exercise + AI_correct + seq_num + project_name + ipaq_category + has_bug + AI_correct:seq_num + exercise:seq_num + (1 | stim_src_id),145.284790,176.483891
(bug_found_num) ~ exercise + AI_correct + seq_num + project_name + ipaq_category + has_bug + AI_correct:seq_num + AI_correct:has_bug + (1 | stim_src_id),148.620709,179.819810
(bug_found_num) ~ exercise + AI_correct + seq_num + project_name + ipaq_category + has_bug + AI_correct:seq_num + exercise:has_bug + (1 | stim_src_id),145.027194,176.226295
(bug_found_num) ~ exercise + AI_correct + seq_num + project_name + ipaq_category + has_bug + exercise:seq_num + AI_correct:has_bug + (1 | stim_src_id),146.463930,177.663031
(bug_found_num) ~ exercise + AI_correct + seq_num + project_name + ipaq_category + has_bug + exercise:seq_num + exercise:has_bug + (1 | stim_src_id),141.873257,173.072358
(bug_found_num) ~ exercise + AI_correct + seq_num + project_name + ipaq_category + has_bug + AI_correct:has_bug + exercise:has_bug + (1 | stim_src_id),145.415532,176.614633
(bug_found_num) ~ exercise + AI_correct + seq_num + project_name + ipaq_category + has_bug + exercise:AI_correct + exercise:ipaq_category + AI_correct:seq_num + (1 | stim_src_id),150.623299,184.658682
(bug_found_num) ~ exercise + AI_correct + seq_num + project_name + ipaq_category + has_bug + exercise:AI_correct + exercise:ipaq_category + exercise:seq_num + (1 | stim_src_id),148.563654,182.599037
(bug_found_num) ~ exercise + AI_correct + seq_num + project_name + ipaq_category + has_bug + exercise:AI_correct + exercise:ipaq_category + AI_correct:has_bug + (1 | stim_src_id),150.844641,184.880024
(bug_found_num) ~ exercise + AI_correct + seq_num + project_name + ipaq_category + has_bug + exercise:AI_correct + exercise:ipaq_category + exercise:has_bug + (1 | stim_src_id),147.286299,181.321682
(bug_found_num) ~ exercise + AI_correct + seq_num + project_name + ipaq_category + has_bug + exercise:AI_correct + AI_correct:seq_num + exercise:seq_num + (1 | stim_src_id),147.243453,181.278836
(bug_found_num) ~ exercise + AI_correct + seq_num + project_name + ipaq_category + has_bug + exercise:AI_correct + AI_correct:seq_num + AI_correct:has_bug + (1 | stim_src_id),150.419442,184.454824
(bug_found_num) ~ exercise + AI_correct + seq_num + project_name + ipaq_category + has_bug + exercise:AI_correct + AI_correct:seq_num + exercise:has_bug + (1 | stim_src_id),146.889304,180.924687
(bug_found_num) ~ exercise + AI_correct + seq_num + project_name + ipaq_category + has_bug + exercise:AI_correct + exercise:seq_num + AI_correct:has_bug + (1 | stim_src_id),148.316234,182.351617
(bug_found_num) ~ exercise + AI_correct + seq_num + project_name + ipaq_category + has_bug + exercise:AI_correct + exercise:seq_num + exercise:has_bug + (1 | stim_src_id),143.850307,177.885690
(bug_found_num) ~ exercise + AI_correct + seq_num + project_name + ipaq_category + has_bug + exercise:AI_correct + AI_correct:has_bug + exercise:has_bug + (1 | stim_src_id),147.224114,181.259497
(bug_found_num) ~ exercise + AI_correct + seq_num + project_name + ipaq_category + has_bug + exercise:ipaq_category + AI_correct:seq_num + exercise:seq_num + (1 | stim_src_id),147.088014,181.123397
(bug_found_num) ~ exercise + AI_correct + seq_num + project_name + ipaq_category + has_bug + exercise:ipaq_category + AI_correct:seq_num + AI_correct:has_bug + (1 | stim_src_id),150.608872,184.644255
(bug_found_num) ~ exercise + AI_correct + seq_num + project_name + ipaq_category + has_bug + exercise:ipaq_category + AI_correct:seq_num + exercise:has_bug + (1 | stim_src_id),147.017342,181.052725
(bug_found_num) ~ exercise + AI_correct + seq_num + project_name + ipaq_category + has_bug + exercise:ipaq_category + exercise:seq_num + AI_correct:has_bug + (1 | stim_src_id),148.328608,182.363991
(bug_found_num) ~ exercise + AI_correct + seq_num + project_name + ipaq_category + has_bug + exercise:ipaq_category + exercise:seq_num + exercise:has_bug + (1 | stim_src_id),143.843387,177.878770
(bug_found_num) ~ exercise + AI_correct + seq_num + project_name + ipaq_category + has_bug + exercise:ipaq_category + AI_correct:has_bug + exercise:has_bug + (1 | stim_src_id),147.402429,181.437812
(bug_found_num) ~ exercise + AI_correct + seq_num + project_name + ipaq_category + has_bug + AI_correct:seq_num + exercise:seq_num + AI_correct:has_bug + (1 | stim_src_id),146.968764,181.004147
(bug_found_num) ~ exercise + AI_correct + seq_num + project_name + ipaq_category + has_bug + AI_correct:seq_num + exercise:seq_num + exercise:has_bug + (1 | stim_src_id),142.270982,176.306365
(bug_found_num) ~ exercise + AI_correct + seq_num + project_name + ipaq_category + has_bug + AI_correct:seq_num + AI_correct:has_bug + exercise:has_bug + (1 | stim_src_id),146.989585,181.024968
(bug_found_num) ~ exercise + AI_correct + seq_num + project_name + ipaq_category + has_bug + exercise:seq_num + AI_correct:has_bug + exercise:has_bug + (1 | stim_src_id),143.735307,177.770690
(bug_found_num) ~ exercise + AI_correct + seq_num + project_name + ipaq_category + has_bug + exercise:AI_correct + exercise:ipaq_category + AI_correct:seq_num + exercise:seq_num + (1 | stim_src_id),149.053645,185.925309
(bug_found_num) ~ exercise + AI_correct + seq_num + project_name + ipaq_category + has_bug + exercise:AI_correct + exercise:ipaq_category + AI_correct:seq_num + AI_correct:has_bug + (1 | stim_src_id),152.410182,189.281847
(bug_found_num) ~ exercise + AI_correct + seq_num + project_name + ipaq_category + has_bug + exercise:AI_correct + exercise:ipaq_category + AI_correct:seq_num + exercise:has_bug + (1 | stim_src_id),148.876288,185.747953
(bug_found_num) ~ exercise + AI_correct + seq_num + project_name + ipaq_category + has_bug + exercise:AI_correct + exercise:ipaq_category + exercise:seq_num + AI_correct:has_bug + (1 | stim_src_id),150.194178,187.065842
(bug_found_num) ~ exercise + AI_correct + seq_num + project_name + ipaq_category + has_bug + exercise:AI_correct + exercise:ipaq_category + exercise:seq_num + exercise:has_bug + (1 | stim_src_id),145.822615,182.694279
(bug_found_num) ~ exercise + AI_correct + seq_num + project_name + ipaq_category + has_bug + exercise:AI_correct + exercise:ipaq_category + AI_correct:has_bug + exercise:has_bug + (1 | stim_src_id),149.205924,186.077589
(bug_found_num) ~ exercise + AI_correct + seq_num + project_name + ipaq_category + has_bug + exercise:AI_correct + AI_correct:seq_num + exercise:seq_num + AI_correct:has_bug + (1 | stim_src_id),148.931416,185.803080
(bug_found_num) ~ exercise + AI_correct + seq_num + project_name + ipaq_category + has_bug + exercise:AI_correct + AI_correct:seq_num + exercise:seq_num + exercise:has_bug + (1 | stim_src_id),144.268289,181.139954
(bug_found_num) ~ exercise + AI_correct + seq_num + project_name + ipaq_category + has_bug + exercise:AI_correct + AI_correct:seq_num + AI_correct:has_bug + exercise:has_bug + (1 | stim_src_id),148.847633,185.719297
(bug_found_num) ~ exercise + AI_correct + seq_num + project_name + ipaq_category + has_bug + exercise:AI_correct + exercise:seq_num + AI_correct:has_bug + exercise:has_bug + (1 | stim_src_id),145.706619,182.578284
(bug_found_num) ~ exercise + AI_correct + seq_num + project_name + ipaq_category + has_bug + exercise:ipaq_category + AI_correct:seq_num + exercise:seq_num + AI_correct:has_bug + (1 | stim_src_id),148.838224,185.709888
(bug_found_num) ~ exercise + AI_correct + seq_num + project_name + ipaq_category + has_bug + exercise:ipaq_category + AI_correct:seq_num + exercise:seq_num + exercise:has_bug + (1 | stim_src_id),144.239637,181.111302
(bug_found_num) ~ exercise + AI_correct + seq_num + project_name + ipaq_category + has_bug + exercise:ipaq_category + AI_correct:seq_num + AI_correct:has_bug + exercise:has_bug + (1 | stim_src_id),148.971625,185.843290
(bug_found_num) ~ exercise + AI_correct + seq_num + project_name + ipaq_category + has_bug + exercise:ipaq_category + exercise:seq_num + AI_correct:has_bug + exercise:has_bug + (1 | stim_src_id),145.714952,182.586617
(bug_found_num) ~ exercise + AI_correct + seq_num + project_name + ipaq_category + has_bug + AI_correct:seq_num + exercise:seq_num + AI_correct:has_bug + exercise:has_bug + (1 | stim_src_id),144.217825,181.089490
(bug_found_num) ~ exercise + AI_correct + seq_num + project_name + ipaq_category + has_bug + exercise:AI_correct + exercise:ipaq_category + AI_correct:seq_num + exercise:seq_num + AI_correct:has_bug + (1 | stim_src_id),150.805050,190.512997
(bug_found_num) ~ exercise + AI_correct + seq_num + project_name + ipaq_category + has_bug + exercise:AI_correct + exercise:ipaq_category + AI_correct:seq_num + exercise:seq_num + exercise:has_bug + (1 | stim_src_id),146.236539,185.944485
(bug_found_num) ~ exercise + AI_correct + seq_num + project_name + ipaq_category + has_bug + exercise:AI_correct + exercise:ipaq_category + AI_correct:seq_num + AI_correct:has_bug + exercise:has_bug + (1 | stim_src_id),150.825809,190.533755
(bug_found_num) ~ exercise + AI_correct + seq_num + project_name + ipaq_category + has_bug + exercise:AI_correct + exercise:ipaq_category + exercise:seq_num + AI_correct:has_bug + exercise:has_bug + (1 | stim_src_id),147.688210,187.396157
(bug_found_num) ~ exercise + AI_correct + seq_num + project_name + ipaq_category + has_bug + exercise:AI_correct + AI_correct:seq_num + exercise:seq_num + AI_correct:has_bug + exercise:has_bug + (1 | stim_src_id),146.216606,185.924553
(bug_found_num) ~ exercise + AI_correct + seq_num + project_name + ipaq_category + has_bug + exercise:ipaq_category + AI_correct:seq_num + exercise:seq_num + AI_correct:has_bug + exercise:has_bug + (1 | stim_src_id),146.194640,185.902586
(bug_found_num) ~ exercise + AI_correct + seq_num + project_name + ipaq_category + has_bug + exercise:AI_correct + exercise:ipaq_category + AI_correct:seq_num + exercise:seq_num + AI_correct:has_bug + exercise:has_bug + (1 | stim_src_id),148.193437,190.737665
(bug_found_num) ~ exercise + AI_correct + seq_num + project_name + occupation + has_bug + (1 | stim_src_id),147.338720,181.374103
(bug_found_num) ~ exercise + AI_correct + seq_num + project_name + occupation + has_bug + exercise:AI_correct + (1 | stim_src_id),149.033054,185.904719
(bug_found_num) ~ exercise + AI_correct + seq_num + project_name + occupation + has_bug + AI_correct:seq_num + (1 | stim_src_id),149.025387,185.897052
(bug_found_num) ~ exercise + AI_correct + seq_num + project_name + occupation + has_bug + exercise:seq_num + (1 | stim_src_id),146.589405,183.461070
(bug_found_num) ~ exercise + AI_correct + seq_num + project_name + occupation + has_bug + AI_correct:has_bug + (1 | stim_src_id),149.333297,186.204962
(bug_found_num) ~ exercise + AI_correct + seq_num + project_name + occupation + has_bug + exercise:has_bug + (1 | stim_src_id),144.914032,181.785697
(bug_found_num) ~ exercise + AI_correct + seq_num + project_name + occupation + has_bug + exercise:AI_correct + AI_correct:seq_num + (1 | stim_src_id),150.768303,190.476250
(bug_found_num) ~ exercise + AI_correct + seq_num + project_name + occupation + has_bug + exercise:AI_correct + exercise:seq_num + (1 | stim_src_id),148.416845,188.124792
(bug_found_num) ~ exercise + AI_correct + seq_num + project_name + occupation + has_bug + exercise:AI_correct + AI_correct:has_bug + (1 | stim_src_id),151.031411,190.739358
(bug_found_num) ~ exercise + AI_correct + seq_num + project_name + occupation + has_bug + exercise:AI_correct + exercise:has_bug + (1 | stim_src_id),146.622543,186.330489
(bug_found_num) ~ exercise + AI_correct + seq_num + project_name + occupation + has_bug + AI_correct:seq_num + exercise:seq_num + (1 | stim_src_id),147.473854,187.181801
(bug_found_num) ~ exercise + AI_correct + seq_num + project_name + occupation + has_bug + AI_correct:seq_num + AI_correct:has_bug + (1 | stim_src_id),151.024270,190.732217
(bug_found_num) ~ exercise + AI_correct + seq_num + project_name + occupation + has_bug + AI_correct:seq_num + exercise:has_bug + (1 | stim_src_id),146.624391,186.332337
(bug_found_num) ~ exercise + AI_correct + seq_num + project_name + occupation + has_bug + exercise:seq_num + AI_correct:has_bug + (1 | stim_src_id),148.579867,188.287814
(bug_found_num) ~ exercise + AI_correct + seq_num + project_name + occupation + has_bug + exercise:seq_num + exercise:has_bug + (1 | stim_src_id),143.116378,182.824325
(bug_found_num) ~ exercise + AI_correct + seq_num + project_name + occupation + has_bug + AI_correct:has_bug + exercise:has_bug + (1 | stim_src_id),146.836772,186.544718
(bug_found_num) ~ exercise + AI_correct + seq_num + project_name + occupation + has_bug + exercise:AI_correct + AI_correct:seq_num + exercise:seq_num + (1 | stim_src_id),149.393646,191.937874
(bug_found_num) ~ exercise + AI_correct + seq_num + project_name + occupation + has_bug + exercise:AI_correct + AI_correct:seq_num + AI_correct:has_bug + (1 | stim_src_id),152.768276,195.312505
(bug_found_num) ~ exercise + AI_correct + seq_num + project_name + occupation + has_bug + exercise:AI_correct + AI_correct:seq_num + exercise:has_bug + (1 | stim_src_id),148.374984,190.919213
(bug_found_num) ~ exercise + AI_correct + seq_num + project_name + occupation + has_bug + exercise:AI_correct + exercise:seq_num + AI_correct:has_bug + (1 | stim_src_id),150.410241,192.954469
(bug_found_num) ~ exercise + AI_correct + seq_num + project_name + occupation + has_bug + exercise:AI_correct + exercise:seq_num + exercise:has_bug + (1 | stim_src_id),145.031700,187.575929
(bug_found_num) ~ exercise + AI_correct + seq_num + project_name + occupation + has_bug + exercise:AI_correct + AI_correct:has_bug + exercise:has_bug + (1 | stim_src_id),148.547037,191.091266
(bug_found_num) ~ exercise + AI_correct + seq_num + project_name + occupation + has_bug + AI_correct:seq_num + exercise:seq_num + AI_correct:has_bug + (1 | stim_src_id),149.474822,192.019051
(bug_found_num) ~ exercise + AI_correct + seq_num + project_name + occupation + has_bug + AI_correct:seq_num + exercise:seq_num + exercise:has_bug + (1 | stim_src_id),144.018308,186.562537
(bug_found_num) ~ exercise + AI_correct + seq_num + project_name + occupation + has_bug + AI_correct:seq_num + AI_correct:has_bug + exercise:has_bug + (1 | stim_src_id),148.508617,191.052846
(bug_found_num) ~ exercise + AI_correct + seq_num + project_name + occupation + has_bug + exercise:seq_num + AI_correct:has_bug + exercise:has_bug + (1 | stim_src_id),145.021346,187.565575
(bug_found_num) ~ exercise + AI_correct + seq_num + project_name + occupation + has_bug + exercise:AI_correct + AI_correct:seq_num + exercise:seq_num + AI_correct:has_bug + (1 | stim_src_id),151.390863,196.771374
(bug_found_num) ~ exercise + AI_correct + seq_num + project_name + occupation + has_bug + exercise:AI_correct + AI_correct:seq_num + exercise:seq_num + exercise:has_bug + (1 | stim_src_id),145.989588,191.370098
(bug_found_num) ~ exercise + AI_correct + seq_num + project_name + occupation + has_bug + exercise:AI_correct + AI_correct:seq_num + AI_correct:has_bug + exercise:has_bug + (1 | stim_src_id),150.262695,195.643205
(bug_found_num) ~ exercise + AI_correct + seq_num + project_name + occupation + has_bug + exercise:AI_correct + exercise:seq_num + AI_correct:has_bug + exercise:has_bug + (1 | stim_src_id),146.943546,192.324057
(bug_found_num) ~ exercise + AI_correct + seq_num + project_name + occupation + has_bug + AI_correct:seq_num + exercise:seq_num + AI_correct:has_bug + exercise:has_bug + (1 | stim_src_id),145.786258,191.166768
(bug_found_num) ~ exercise + AI_correct + seq_num + project_name + occupation + has_bug + exercise:AI_correct + AI_correct:seq_num + exercise:seq_num + AI_correct:has_bug + exercise:has_bug + (1 | stim_src_id),147.767787,195.984579
(bug_found_num) ~ exercise + AI_correct + seq_num + ipaq_category + occupation + has_bug + (1 | stim_src_id),152.933150,189.804815
(bug_found_num) ~ exercise + AI_correct + seq_num + ipaq_category + occupation + has_bug + exercise:AI_correct + (1 | stim_src_id),154.819188,194.527134
(bug_found_num) ~ exercise + AI_correct + seq_num + ipaq_category + occupation + has_bug + exercise:ipaq_category + (1 | stim_src_id),154.783883,194.491829
(bug_found_num) ~ exercise + AI_correct + seq_num + ipaq_category + occupation + has_bug + AI_correct:seq_num + (1 | stim_src_id),154.197365,193.905311
(bug_found_num) ~ exercise + AI_correct + seq_num + ipaq_category + occupation + has_bug + exercise:seq_num + (1 | stim_src_id),152.948836,192.656782
(bug_found_num) ~ exercise + AI_correct + seq_num + ipaq_category + occupation + has_bug + AI_correct:has_bug + (1 | stim_src_id),154.915288,194.623235
(bug_found_num) ~ exercise + AI_correct + seq_num + ipaq_category + occupation + has_bug + exercise:has_bug + (1 | stim_src_id),150.904048,190.611995
(bug_found_num) ~ exercise + AI_correct + seq_num + ipaq_category + occupation + has_bug + exercise:AI_correct + exercise:ipaq_category + (1 | stim_src_id),156.652695,199.196924
(bug_found_num) ~ exercise + AI_correct + seq_num + ipaq_category + occupation + has_bug + exercise:AI_correct + AI_correct:seq_num + (1 | stim_src_id),156.126231,198.670459
(bug_found_num) ~ exercise + AI_correct + seq_num + ipaq_category + occupation + has_bug + exercise:AI_correct + exercise:seq_num + (1 | stim_src_id),154.879295,197.423523
(bug_found_num) ~ exercise + AI_correct + seq_num + ipaq_category + occupation + has_bug + exercise:AI_correct + AI_correct:has_bug + (1 | stim_src_id),156.803500,199.347729
(bug_found_num) ~ exercise + AI_correct + seq_num + ipaq_category + occupation + has_bug + exercise:AI_correct + exercise:has_bug + (1 | stim_src_id),152.809910,195.354139
(bug_found_num) ~ exercise + AI_correct + seq_num + ipaq_category + occupation + has_bug + exercise:ipaq_category + AI_correct:seq_num + (1 | stim_src_id),155.998583,198.542812
(bug_found_num) ~ exercise + AI_correct + seq_num + ipaq_category + occupation + has_bug + exercise:ipaq_category + exercise:seq_num + (1 | stim_src_id),154.948998,197.493227
(bug_found_num) ~ exercise + AI_correct + seq_num + ipaq_category + occupation + has_bug + exercise:ipaq_category + AI_correct:has_bug + (1 | stim_src_id),156.758713,199.302942
(bug_found_num) ~ exercise + AI_correct + seq_num + ipaq_category + occupation + has_bug + exercise:ipaq_category + exercise:has_bug + (1 | stim_src_id),152.399831,194.944059
(bug_found_num) ~ exercise + AI_correct + seq_num + ipaq_category + occupation + has_bug + AI_correct:seq_num + exercise:seq_num + (1 | stim_src_id),153.230971,195.775200
(bug_found_num) ~ exercise + AI_correct + seq_num + ipaq_category + occupation + has_bug + AI_correct:seq_num + AI_correct:has_bug + (1 | stim_src_id),156.195377,198.739606
(bug_found_num) ~ exercise + AI_correct + seq_num + ipaq_category + occupation + has_bug + AI_correct:seq_num + exercise:has_bug + (1 | stim_src_id),152.122285,194.666513
(bug_found_num) ~ exercise + AI_correct + seq_num + ipaq_category + occupation + has_bug + exercise:seq_num + AI_correct:has_bug + (1 | stim_src_id),154.919495,197.463723
(bug_found_num) ~ exercise + AI_correct + seq_num + ipaq_category + occupation + has_bug + exercise:seq_num + exercise:has_bug + (1 | stim_src_id),150.051362,192.595590
(bug_found_num) ~ exercise + AI_correct + seq_num + ipaq_category + occupation + has_bug + AI_correct:has_bug + exercise:has_bug + (1 | stim_src_id),152.863259,195.407488
(bug_found_num) ~ exercise + AI_correct + seq_num + ipaq_category + occupation + has_bug + exercise:AI_correct + exercise:ipaq_category + AI_correct:seq_num + (1 | stim_src_id),157.916237,203.296747
(bug_found_num) ~ exercise + AI_correct + seq_num + ipaq_category + occupation + has_bug + exercise:AI_correct + exercise:ipaq_category + exercise:seq_num + (1 | stim_src_id),156.879094,202.259604
(bug_found_num) ~ exercise + AI_correct + seq_num + ipaq_category + occupation + has_bug + exercise:AI_correct + exercise:ipaq_category + AI_correct:has_bug + (1 | stim_src_id),158.632328,204.012839
(bug_found_num) ~ exercise + AI_correct + seq_num + ipaq_category + occupation + has_bug + exercise:AI_correct + exercise:ipaq_category + exercise:has_bug + (1 | stim_src_id),154.286380,199.666891
(bug_found_num) ~ exercise + AI_correct + seq_num + ipaq_category + occupation + has_bug + exercise:AI_correct + AI_correct:seq_num + exercise:seq_num + (1 | stim_src_id),155.223893,200.604403
(bug_found_num) ~ exercise + AI_correct + seq_num + ipaq_category + occupation + has_bug + exercise:AI_correct + AI_correct:seq_num + AI_correct:has_bug + (1 | stim_src_id),158.122621,203.503132
(bug_found_num) ~ exercise + AI_correct + seq_num + ipaq_category + occupation + has_bug + exercise:AI_correct + AI_correct:seq_num + exercise:has_bug + (1 | stim_src_id),154.064787,199.445298
(bug_found_num) ~ exercise + AI_correct + seq_num + ipaq_category + occupation + has_bug + exercise:AI_correct + exercise:seq_num + AI_correct:has_bug + (1 | stim_src_id),156.853261,202.233771
(bug_found_num) ~ exercise + AI_correct + seq_num + ipaq_category + occupation + has_bug + exercise:AI_correct + exercise:seq_num + exercise:has_bug + (1 | stim_src_id),152.027089,197.407599
(bug_found_num) ~ exercise + AI_correct + seq_num + ipaq_category + occupation + has_bug + exercise:AI_correct + AI_correct:has_bug + exercise:has_bug + (1 | stim_src_id),154.770103,200.150614
(bug_found_num) ~ exercise + AI_correct + seq_num + ipaq_category + occupation + has_bug + exercise:ipaq_category + AI_correct:seq_num + exercise:seq_num + (1 | stim_src_id),155.231575,200.612086
(bug_found_num) ~ exercise + AI_correct + seq_num + ipaq_category + occupation + has_bug + exercise:ipaq_category + AI_correct:seq_num + AI_correct:has_bug + (1 | stim_src_id),157.989628,203.370138
(bug_found_num) ~ exercise + AI_correct + seq_num + ipaq_category + occupation + has_bug + exercise:ipaq_category + AI_correct:seq_num + exercise:has_bug + (1 | stim_src_id),153.460154,198.840665
(bug_found_num) ~ exercise + AI_correct + seq_num + ipaq_category + occupation + has_bug + exercise:ipaq_category + exercise:seq_num + AI_correct:has_bug + (1 | stim_src_id),156.919339,202.299850
(bug_found_num) ~ exercise + AI_correct + seq_num + ipaq_category + occupation + has_bug + exercise:ipaq_category + exercise:seq_num + exercise:has_bug + (1 | stim_src_id),152.007274,197.387784
(bug_found_num) ~ exercise + AI_correct + seq_num + ipaq_category + occupation + has_bug + exercise:ipaq_category + AI_correct:has_bug + exercise:has_bug + (1 | stim_src_id),154.366776,199.747287
(bug_found_num) ~ exercise + AI_correct + seq_num + ipaq_category + occupation + has_bug + AI_correct:seq_num + exercise:seq_num + AI_correct:has_bug + (1 | stim_src_id),155.228860,200.609370
(bug_found_num) ~ exercise + AI_correct + seq_num + ipaq_category + occupation + has_bug + AI_correct:seq_num + exercise:seq_num + exercise:has_bug + (1 | stim_src_id),150.105577,195.486087
(bug_found_num) ~ exercise + AI_correct + seq_num + ipaq_category + occupation + has_bug + AI_correct:seq_num + AI_correct:has_bug + exercise:has_bug + (1 | stim_src_id),154.033309,199.413819
(bug_found_num) ~ exercise + AI_correct + seq_num + ipaq_category + occupation + has_bug + exercise:seq_num + AI_correct:has_bug + exercise:has_bug + (1 | stim_src_id),152.025949,197.406460
(bug_found_num) ~ exercise + AI_correct + seq_num + ipaq_category + occupation + has_bug + exercise:AI_correct + exercise:ipaq_category + AI_correct:seq_num + exercise:seq_num + (1 | stim_src_id),157.222550,205.439343
(bug_found_num) ~ exercise + AI_correct + seq_num + ipaq_category + occupation + has_bug + exercise:AI_correct + exercise:ipaq_category + AI_correct:seq_num + AI_correct:has_bug + (1 | stim_src_id),159.909506,208.126299
(bug_found_num) ~ exercise + AI_correct + seq_num + ipaq_category + occupation + has_bug + exercise:AI_correct + exercise:ipaq_category + AI_correct:seq_num + exercise:has_bug + (1 | stim_src_id),155.396164,203.612956
(bug_found_num) ~ exercise + AI_correct + seq_num + ipaq_category + occupation + has_bug + exercise:AI_correct + exercise:ipaq_category + exercise:seq_num + AI_correct:has_bug + (1 | stim_src_id),158.853202,207.069995
(bug_found_num) ~ exercise + AI_correct + seq_num + ipaq_category + occupation + has_bug + exercise:AI_correct + exercise:ipaq_category + exercise:seq_num + exercise:has_bug + (1 | stim_src_id),153.979954,202.196747
(bug_found_num) ~ exercise + AI_correct + seq_num + ipaq_category + occupation + has_bug + exercise:AI_correct + exercise:ipaq_category + AI_correct:has_bug + exercise:has_bug + (1 | stim_src_id),156.256549,204.473341
(bug_found_num) ~ exercise + AI_correct + seq_num + ipaq_category + occupation + has_bug + exercise:AI_correct + AI_correct:seq_num + exercise:seq_num + AI_correct:has_bug + (1 | stim_src_id),157.221998,205.438791
(bug_found_num) ~ exercise + AI_correct + seq_num + ipaq_category + occupation + has_bug + exercise:AI_correct + AI_correct:seq_num + exercise:seq_num + exercise:has_bug + (1 | stim_src_id),152.102975,200.319767
(bug_found_num) ~ exercise + AI_correct + seq_num + ipaq_category + occupation + has_bug + exercise:AI_correct + AI_correct:seq_num + AI_correct:has_bug + exercise:has_bug + (1 | stim_src_id),155.981275,204.198068
(bug_found_num) ~ exercise + AI_correct + seq_num + ipaq_category + occupation + has_bug + exercise:AI_correct + exercise:seq_num + AI_correct:has_bug + exercise:has_bug + (1 | stim_src_id),154.003166,202.219959
(bug_found_num) ~ exercise + AI_correct + seq_num + ipaq_category + occupation + has_bug + exercise:ipaq_category + AI_correct:seq_num + exercise:seq_num + AI_correct:has_bug + (1 | stim_src_id),157.234232,205.451024
(bug_found_num) ~ exercise + AI_correct + seq_num + ipaq_category + occupation + has_bug + exercise:ipaq_category + AI_correct:seq_num + exercise:seq_num + exercise:has_bug + (1 | stim_src_id),152.015292,200.232084
(bug_found_num) ~ exercise + AI_correct + seq_num + ipaq_category + occupation + has_bug + exercise:ipaq_category + AI_correct:seq_num + AI_correct:has_bug + exercise:has_bug + (1 | stim_src_id),155.377198,203.593990
(bug_found_num) ~ exercise + AI_correct + seq_num + ipaq_category + occupation + has_bug + exercise:ipaq_category + exercise:seq_num + AI_correct:has_bug + exercise:has_bug + (1 | stim_src_id),153.986101,202.202894
(bug_found_num) ~ exercise + AI_correct + seq_num + ipaq_category + occupation + has_bug + AI_correct:seq_num + exercise:seq_num + AI_correct:has_bug + exercise:has_bug + (1 | stim_src_id),151.949414,200.166207
(bug_found_num) ~ exercise + AI_correct + seq_num + ipaq_category + occupation + has_bug + exercise:AI_correct + exercise:ipaq_category + AI_correct:seq_num + exercise:seq_num + AI_correct:has_bug + (1 | stim_src_id),159.222525,210.275599
(bug_found_num) ~ exercise + AI_correct + seq_num + ipaq_category + occupation + has_bug + exercise:AI_correct + exercise:ipaq_category + AI_correct:seq_num + exercise:seq_num + exercise:has_bug + (1 | stim_src_id),154.013999,205.067073
(bug_found_num) ~ exercise + AI_correct + seq_num + ipaq_category + occupation + has_bug + exercise:AI_correct + exercise:ipaq_category + AI_correct:seq_num + AI_correct:has_bug + exercise:has_bug + (1 | stim_src_id),157.319391,208.372465
(bug_found_num) ~ exercise + AI_correct + seq_num + ipaq_category + occupation + has_bug + exercise:AI_correct + exercise:ipaq_category + exercise:seq_num + AI_correct:has_bug + exercise:has_bug + (1 | stim_src_id),155.958452,207.011527
(bug_found_num) ~ exercise + AI_correct + seq_num + ipaq_category + occupation + has_bug + exercise:AI_correct + AI_correct:seq_num + exercise:seq_num + AI_correct:has_bug + exercise:has_bug + (1 | stim_src_id),153.948638,205.001712
(bug_found_num) ~ exercise + AI_correct + seq_num + ipaq_category + occupation + has_bug + exercise:ipaq_category + AI_correct:seq_num + exercise:seq_num + AI_correct:has_bug + exercise:has_bug + (1 | stim_src_id),153.872447,204.925522
(bug_found_num) ~ exercise + AI_correct + seq_num + ipaq_category + occupation + has_bug + exercise:AI_correct + exercise:ipaq_category + AI_correct:seq_num + exercise:seq_num + AI_correct:has_bug + exercise:has_bug + (1 | stim_src_id),155.869764,209.759121
(bug_found_num) ~ exercise + AI_correct + seq_num + project_name + ipaq_category + occupation + has_bug + (1 | stim_src_id),151.287744,190.995690
(bug_found_num) ~ exercise + AI_correct + seq_num + project_name + ipaq_category + occupation + has_bug + exercise:AI_correct + (1 | stim_src_id),153.014984,195.559212
(bug_found_num) ~ exercise + AI_correct + seq_num + project_name + ipaq_category + occupation + has_bug + exercise:ipaq_category + (1 | stim_src_id),153.128241,195.672469
(bug_found_num) ~ exercise + AI_correct + seq_num + project_name + ipaq_category + occupation + has_bug + AI_correct:seq_num + (1 | stim_src_id),152.966076,195.510304
(bug_found_num) ~ exercise + AI_correct + seq_num + project_name + ipaq_category + occupation + has_bug + exercise:seq_num + (1 | stim_src_id),150.584490,193.128719
(bug_found_num) ~ exercise + AI_correct + seq_num + project_name + ipaq_category + occupation + has_bug + AI_correct:has_bug + (1 | stim_src_id),153.284454,195.828683
(bug_found_num) ~ exercise + AI_correct + seq_num + project_name + ipaq_category + occupation + has_bug + exercise:has_bug + (1 | stim_src_id),148.811866,191.356095
(bug_found_num) ~ exercise + AI_correct + seq_num + project_name + ipaq_category + occupation + has_bug + exercise:AI_correct + exercise:ipaq_category + (1 | stim_src_id),154.830510,200.211020
(bug_found_num) ~ exercise + AI_correct + seq_num + project_name + ipaq_category + occupation + has_bug + exercise:AI_correct + AI_correct:seq_num + (1 | stim_src_id),154.756343,200.136854
(bug_found_num) ~ exercise + AI_correct + seq_num + project_name + ipaq_category + occupation + has_bug + exercise:AI_correct + exercise:seq_num + (1 | stim_src_id),152.397169,197.777679
(bug_found_num) ~ exercise + AI_correct + seq_num + project_name + ipaq_category + occupation + has_bug + exercise:AI_correct + AI_correct:has_bug + (1 | stim_src_id),155.014106,200.394616
(bug_found_num) ~ exercise + AI_correct + seq_num + project_name + ipaq_category + occupation + has_bug + exercise:AI_correct + exercise:has_bug + (1 | stim_src_id),150.584029,195.964540
(bug_found_num) ~ exercise + AI_correct + seq_num + project_name + ipaq_category + occupation + has_bug + exercise:ipaq_category + AI_correct:seq_num + (1 | stim_src_id),154.786839,200.167349
(bug_found_num) ~ exercise + AI_correct + seq_num + project_name + ipaq_category + occupation + has_bug + exercise:ipaq_category + exercise:seq_num + (1 | stim_src_id),152.583933,197.964443
(bug_found_num) ~ exercise + AI_correct + seq_num + project_name + ipaq_category + occupation + has_bug + exercise:ipaq_category + AI_correct:has_bug + (1 | stim_src_id),155.120837,200.501348
(bug_found_num) ~ exercise + AI_correct + seq_num + project_name + ipaq_category + occupation + has_bug + exercise:ipaq_category + exercise:has_bug + (1 | stim_src_id),150.258493,195.639003
(bug_found_num) ~ exercise + AI_correct + seq_num + project_name + ipaq_category + occupation + has_bug + AI_correct:seq_num + exercise:seq_num + (1 | stim_src_id),151.339907,196.720417
(bug_found_num) ~ exercise + AI_correct + seq_num + project_name + ipaq_category + occupation + has_bug + AI_correct:seq_num + AI_correct:has_bug + (1 | stim_src_id),154.965702,200.346213
(bug_found_num) ~ exercise + AI_correct + seq_num + project_name + ipaq_category + occupation + has_bug + AI_correct:seq_num + exercise:has_bug + (1 | stim_src_id),150.501598,195.882108
(bug_found_num) ~ exercise + AI_correct + seq_num + project_name + ipaq_category + occupation + has_bug + exercise:seq_num + AI_correct:has_bug + (1 | stim_src_id),152.574172,197.954683
(bug_found_num) ~ exercise + AI_correct + seq_num + project_name + ipaq_category + occupation + has_bug + exercise:seq_num + exercise:has_bug + (1 | stim_src_id),147.062744,192.443255
(bug_found_num) ~ exercise + AI_correct + seq_num + project_name + ipaq_category + occupation + has_bug + AI_correct:has_bug + exercise:has_bug + (1 | stim_src_id),150.721128,196.101639
(bug_found_num) ~ exercise + AI_correct + seq_num + project_name + ipaq_category + occupation + has_bug + exercise:AI_correct + exercise:ipaq_category + AI_correct:seq_num + (1 | stim_src_id),156.557831,204.774623
(bug_found_num) ~ exercise + AI_correct + seq_num + project_name + ipaq_category + occupation + has_bug + exercise:AI_correct + exercise:ipaq_category + exercise:seq_num + (1 | stim_src_id),154.396441,202.613233
(bug_found_num) ~ exercise + AI_correct + seq_num + project_name + ipaq_category + occupation + has_bug + exercise:AI_correct + exercise:ipaq_category + AI_correct:has_bug + (1 | stim_src_id),156.826871,205.043664
(bug_found_num) ~ exercise + AI_correct + seq_num + project_name + ipaq_category + occupation + has_bug + exercise:AI_correct + exercise:ipaq_category + exercise:has_bug + (1 | stim_src_id),151.984792,200.201584
(bug_found_num) ~ exercise + AI_correct + seq_num + project_name + ipaq_category + occupation + has_bug + exercise:AI_correct + AI_correct:seq_num + exercise:seq_num + (1 | stim_src_id),153.276277,201.493070
(bug_found_num) ~ exercise + AI_correct + seq_num + project_name + ipaq_category + occupation + has_bug + exercise:AI_correct + AI_correct:seq_num + AI_correct:has_bug + (1 | stim_src_id),156.756337,204.973130
(bug_found_num) ~ exercise + AI_correct + seq_num + project_name + ipaq_category + occupation + has_bug + exercise:AI_correct + AI_correct:seq_num + exercise:has_bug + (1 | stim_src_id),152.328545,200.545337
(bug_found_num) ~ exercise + AI_correct + seq_num + project_name + ipaq_category + occupation + has_bug + exercise:AI_correct + exercise:seq_num + AI_correct:has_bug + (1 | stim_src_id),154.389561,202.606353
(bug_found_num) ~ exercise + AI_correct + seq_num + project_name + ipaq_category + occupation + has_bug + exercise:AI_correct + exercise:seq_num + exercise:has_bug + (1 | stim_src_id),148.998302,197.215094
(bug_found_num) ~ exercise + AI_correct + seq_num + project_name + ipaq_category + occupation + has_bug + exercise:AI_correct + AI_correct:has_bug + exercise:has_bug + (1 | stim_src_id),152.493705,200.710497
(bug_found_num) ~ exercise + AI_correct + seq_num + project_name + ipaq_category + occupation + has_bug + exercise:ipaq_category + AI_correct:seq_num + exercise:seq_num + (1 | stim_src_id),153.338666,201.555459
(bug_found_num) ~ exercise + AI_correct + seq_num + project_name + ipaq_category + occupation + has_bug + exercise:ipaq_category + AI_correct:seq_num + AI_correct:has_bug + (1 | stim_src_id),156.784334,205.001127
(bug_found_num) ~ exercise + AI_correct + seq_num + project_name + ipaq_category + occupation + has_bug + exercise:ipaq_category + AI_correct:seq_num + exercise:has_bug + (1 | stim_src_id),151.877313,200.094106
(bug_found_num) ~ exercise + AI_correct + seq_num + project_name + ipaq_category + occupation + has_bug + exercise:ipaq_category + exercise:seq_num + AI_correct:has_bug + (1 | stim_src_id),154.573417,202.790210
(bug_found_num) ~ exercise + AI_correct + seq_num + project_name + ipaq_category + occupation + has_bug + exercise:ipaq_category + exercise:seq_num + exercise:has_bug + (1 | stim_src_id),148.978916,197.195708
(bug_found_num) ~ exercise + AI_correct + seq_num + project_name + ipaq_category + occupation + has_bug + exercise:ipaq_category + AI_correct:has_bug + exercise:has_bug + (1 | stim_src_id),152.202829,200.419622
(bug_found_num) ~ exercise + AI_correct + seq_num + project_name + ipaq_category + occupation + has_bug + AI_correct:seq_num + exercise:seq_num + AI_correct:has_bug + (1 | stim_src_id),153.339913,201.556705
(bug_found_num) ~ exercise + AI_correct + seq_num + project_name + ipaq_category + occupation + has_bug + AI_correct:seq_num + exercise:seq_num + exercise:has_bug + (1 | stim_src_id),147.731088,195.947881
(bug_found_num) ~ exercise + AI_correct + seq_num + project_name + ipaq_category + occupation + has_bug + AI_correct:seq_num + AI_correct:has_bug + exercise:has_bug + (1 | stim_src_id),152.377588,200.594381
(bug_found_num) ~ exercise + AI_correct + seq_num + project_name + ipaq_category + occupation + has_bug + exercise:seq_num + AI_correct:has_bug + exercise:has_bug + (1 | stim_src_id),148.980209,197.197001
(bug_found_num) ~ exercise + AI_correct + seq_num + project_name + ipaq_category + occupation + has_bug + exercise:AI_correct + exercise:ipaq_category + AI_correct:seq_num + exercise:seq_num + (1 | stim_src_id),155.275460,206.328534
(bug_found_num) ~ exercise + AI_correct + seq_num + project_name + ipaq_category + occupation + has_bug + exercise:AI_correct + exercise:ipaq_category + AI_correct:seq_num + AI_correct:has_bug + (1 | stim_src_id),158.556798,209.609872
(bug_found_num) ~ exercise + AI_correct + seq_num + project_name + ipaq_category + occupation + has_bug + exercise:AI_correct + exercise:ipaq_category + AI_correct:seq_num + exercise:has_bug + (1 | stim_src_id),153.669638,204.722713
(bug_found_num) ~ exercise + AI_correct + seq_num + project_name + ipaq_category + occupation + has_bug + exercise:AI_correct + exercise:ipaq_category + exercise:seq_num + AI_correct:has_bug + (1 | stim_src_id),156.389093,207.442167
(bug_found_num) ~ exercise + AI_correct + seq_num + project_name + ipaq_category + occupation + has_bug + exercise:AI_correct + exercise:ipaq_category + exercise:seq_num + exercise:has_bug + (1 | stim_src_id),150.902532,201.955606
(bug_found_num) ~ exercise + AI_correct + seq_num + project_name + ipaq_category + occupation + has_bug + exercise:AI_correct + exercise:ipaq_category + AI_correct:has_bug + exercise:has_bug + (1 | stim_src_id),153.932291,204.985365
(bug_found_num) ~ exercise + AI_correct + seq_num + project_name + ipaq_category + occupation + has_bug + exercise:AI_correct + AI_correct:seq_num + exercise:seq_num + AI_correct:has_bug + (1 | stim_src_id),155.275716,206.328790
(bug_found_num) ~ exercise + AI_correct + seq_num + project_name + ipaq_category + occupation + has_bug + exercise:AI_correct + AI_correct:seq_num + exercise:seq_num + exercise:has_bug + (1 | stim_src_id),149.728338,200.781412
(bug_found_num) ~ exercise + AI_correct + seq_num + project_name + ipaq_category + occupation + has_bug + exercise:AI_correct + AI_correct:seq_num + AI_correct:has_bug + exercise:has_bug + (1 | stim_src_id),154.208234,205.261309
(bug_found_num) ~ exercise + AI_correct + seq_num + project_name + ipaq_category + occupation + has_bug + exercise:AI_correct + exercise:seq_num + AI_correct:has_bug + exercise:has_bug + (1 | stim_src_id),150.919263,201.972337
(bug_found_num) ~ exercise + AI_correct + seq_num + project_name + ipaq_category + occupation + has_bug + exercise:ipaq_category + AI_correct:seq_num + exercise:seq_num + AI_correct:has_bug + (1 | stim_src_id),155.338604,206.391678
(bug_found_num) ~ exercise + AI_correct + seq_num + project_name + ipaq_category + occupation + has_bug + exercise:ipaq_category + AI_correct:seq_num + exercise:seq_num + exercise:has_bug + (1 | stim_src_id),149.638257,200.691331
(bug_found_num) ~ exercise + AI_correct + seq_num + project_name + ipaq_category + occupation + has_bug + exercise:ipaq_category + AI_correct:seq_num + AI_correct:has_bug + exercise:has_bug + (1 | stim_src_id),153.795085,204.848159
(bug_found_num) ~ exercise + AI_correct + seq_num + project_name + ipaq_category + occupation + has_bug + exercise:ipaq_category + exercise:seq_num + AI_correct:has_bug + exercise:has_bug + (1 | stim_src_id),150.906305,201.959379
(bug_found_num) ~ exercise + AI_correct + seq_num + project_name + ipaq_category + occupation + has_bug + AI_correct:seq_num + exercise:seq_num + AI_correct:has_bug + exercise:has_bug + (1 | stim_src_id),149.517113,200.570187
(bug_found_num) ~ exercise + AI_correct + seq_num + project_name + ipaq_category + occupation + has_bug + exercise:AI_correct + exercise:ipaq_category + AI_correct:seq_num + exercise:seq_num + AI_correct:has_bug + (1 | stim_src_id),157.275197,211.164553
(bug_found_num) ~ exercise + AI_correct + seq_num + project_name + ipaq_category + occupation + has_bug + exercise:AI_correct + exercise:ipaq_category + AI_correct:seq_num + exercise:seq_num + exercise:has_bug + (1 | stim_src_id),151.633463,205.522819
(bug_found_num) ~ exercise + AI_correct + seq_num + project_name + ipaq_category + occupation + has_bug + exercise:AI_correct + exercise:ipaq_category + AI_correct:seq_num + AI_correct:has_bug + exercise:has_bug + (1 | stim_src_id),155.593147,209.482504
(bug_found_num) ~ exercise + AI_correct + seq_num + project_name + ipaq_category + occupation + has_bug + exercise:AI_correct + exercise:ipaq_category + exercise:seq_num + AI_correct:has_bug + exercise:has_bug + (1 | stim_src_id),152.833246,206.722602
(bug_found_num) ~ exercise + AI_correct + seq_num + project_name + ipaq_category + occupation + has_bug + exercise:AI_correct + AI_correct:seq_num + exercise:seq_num + AI_correct:has_bug + exercise:has_bug + (1 | stim_src_id),151.516667,205.406024
(bug_found_num) ~ exercise + AI_correct + seq_num + project_name + ipaq_category + occupation + has_bug + exercise:ipaq_category + AI_correct:seq_num + exercise:seq_num + AI_correct:has_bug + exercise:has_bug + (1 | stim_src_id),151.442598,205.331955
(bug_found_num) ~ exercise + AI_correct + seq_num + project_name + ipaq_category + occupation + has_bug + exercise:AI_correct + exercise:ipaq_category + AI_correct:seq_num + exercise:seq_num + AI_correct:has_bug + exercise:has_bug + (1 | stim_src_id),153.441041,210.166679
