formula,AIC,BIC
(bug_found_num) ~ exercise + ai + seq_num + (1 | stim_src_id),334.948136,352.654454
(bug_found_num) ~ exercise + ai + seq_num + exercise:ai + (1 | stim_src_id),336.598841,357.846422
(bug_found_num) ~ exercise + ai + seq_num + ai:seq_num + (1 | stim_src_id),336.063698,357.311279
(bug_found_num) ~ exercise + ai + seq_num + exercise:seq_num + (1 | stim_src_id),334.270105,355.517686
(bug_found_num) ~ exercise + ai + seq_num + exercise:ai + ai:seq_num + (1 | stim_src_id),337.767288,362.556133
(bug_found_num) ~ exercise + ai + seq_num + exercise:ai + exercise:seq_num + (1 | stim_src_id),335.778088,360.566933
(bug_found_num) ~ exercise + ai + seq_num + ai:seq_num + exercise:seq_num + (1 | stim_src_id),335.327853,360.116698
(bug_found_num) ~ exercise + ai + seq_num + exercise:ai + ai:seq_num + exercise:seq_num + (1 | stim_src_id),336.897303,365.227411
(bug_found_num) ~ exercise + ai + seq_num + project_name + (1 | stim_src_id),336.612350,357.859931
(bug_found_num) ~ exercise + ai + seq_num + project_name + exercise:ai + (1 | stim_src_id),338.207715,362.996560
(bug_found_num) ~ exercise + ai + seq_num + project_name + ai:seq_num + (1 | stim_src_id),337.689207,362.478052
(bug_found_num) ~ exercise + ai + seq_num + project_name + exercise:seq_num + (1 | stim_src_id),335.839466,360.628311
(bug_found_num) ~ exercise + ai + seq_num + project_name + exercise:ai + ai:seq_num + (1 | stim_src_id),339.340487,367.670595
(bug_found_num) ~ exercise + ai + seq_num + project_name + exercise:ai + exercise:seq_num + (1 | stim_src_id),337.271564,365.601673
(bug_found_num) ~ exercise + ai + seq_num + project_name + ai:seq_num + exercise:seq_num + (1 | stim_src_id),336.858522,365.188630
(bug_found_num) ~ exercise + ai + seq_num + project_name + exercise:ai + ai:seq_num + exercise:seq_num + (1 | stim_src_id),338.355910,370.227282
(bug_found_num) ~ exercise + ai + seq_num + ipaq_category + (1 | stim_src_id),338.659156,363.448000
(bug_found_num) ~ exercise + ai + seq_num + ipaq_category + exercise:ai + (1 | stim_src_id),340.187084,368.517193
(bug_found_num) ~ exercise + ai + seq_num + ipaq_category + exercise:ipaq_category + (1 | stim_src_id),341.094356,372.965728
(bug_found_num) ~ exercise + ai + seq_num + ipaq_category + ai:seq_num + (1 | stim_src_id),339.855449,368.185557
(bug_found_num) ~ exercise + ai + seq_num + ipaq_category + exercise:seq_num + (1 | stim_src_id),338.162029,366.492137
(bug_found_num) ~ exercise + ai + seq_num + ipaq_category + exercise:ai + exercise:ipaq_category + (1 | stim_src_id),342.617806,378.030441
(bug_found_num) ~ exercise + ai + seq_num + ipaq_category + exercise:ai + ai:seq_num + (1 | stim_src_id),341.475708,373.347080
(bug_found_num) ~ exercise + ai + seq_num + ipaq_category + exercise:ai + exercise:seq_num + (1 | stim_src_id),339.567746,371.439117
(bug_found_num) ~ exercise + ai + seq_num + ipaq_category + exercise:ipaq_category + ai:seq_num + (1 | stim_src_id),342.255137,377.667772
(bug_found_num) ~ exercise + ai + seq_num + ipaq_category + exercise:ipaq_category + exercise:seq_num + (1 | stim_src_id),340.486088,375.898723
(bug_found_num) ~ exercise + ai + seq_num + ipaq_category + ai:seq_num + exercise:seq_num + (1 | stim_src_id),339.295083,371.166455
(bug_found_num) ~ exercise + ai + seq_num + ipaq_category + exercise:ai + exercise:ipaq_category + ai:seq_num + (1 | stim_src_id),343.873419,382.827318
(bug_found_num) ~ exercise + ai + seq_num + ipaq_category + exercise:ai + exercise:ipaq_category + exercise:seq_num + (1 | stim_src_id),341.884743,380.838642
(bug_found_num) ~ exercise + ai + seq_num + ipaq_category + exercise:ai + ai:seq_num + exercise:seq_num + (1 | stim_src_id),340.802300,376.214935
(bug_found_num) ~ exercise + ai + seq_num + ipaq_category + exercise:ipaq_category + ai:seq_num + exercise:seq_num + (1 | stim_src_id),341.586828,380.540727
(bug_found_num) ~ exercise + ai + seq_num + ipaq_category + exercise:ai + exercise:ipaq_category + ai:seq_num + exercise:seq_num + (1 | stim_src_id),343.089561,385.584723
(bug_found_num) ~ exercise + ai + seq_num + occupation + (1 | stim_src_id),343.215977,378.628613
(bug_found_num) ~ exercise + ai + seq_num + occupation + exercise:ai + (1 | stim_src_id),344.822421,383.776320
(bug_found_num) ~ exercise + ai + seq_num + occupation + ai:seq_num + (1 | stim_src_id),344.160028,383.113927
(bug_found_num) ~ exercise + ai + seq_num + occupation + exercise:seq_num + (1 | stim_src_id),343.263598,382.217497
(bug_found_num) ~ exercise + ai + seq_num + occupation + exercise:ai + ai:seq_num + (1 | stim_src_id),345.899025,388.394187
(bug_found_num) ~ exercise + ai + seq_num + occupation + exercise:ai + exercise:seq_num + (1 | stim_src_id),344.884687,387.379850
(bug_found_num) ~ exercise + ai + seq_num + occupation + ai:seq_num + exercise:seq_num + (1 | stim_src_id),344.137359,386.632521
(bug_found_num) ~ exercise + ai + seq_num + occupation + exercise:ai + ai:seq_num + exercise:seq_num + (1 | stim_src_id),345.890443,391.926869
(bug_found_num) ~ exercise + ai + seq_num + project_name + ipaq_category + (1 | stim_src_id),340.274920,368.605028
(bug_found_num) ~ exercise + ai + seq_num + project_name + ipaq_category + exercise:ai + (1 | stim_src_id),341.723027,373.594399
(bug_found_num) ~ exercise + ai + seq_num + project_name + ipaq_category + exercise:ipaq_category + (1 | stim_src_id),342.686966,378.099602
(bug_found_num) ~ exercise + ai + seq_num + project_name + ipaq_category + ai:seq_num + (1 | stim_src_id),341.438551,373.309923
(bug_found_num) ~ exercise + ai + seq_num + project_name + ipaq_category + exercise:seq_num + (1 | stim_src_id),339.713144,371.584516
(bug_found_num) ~ exercise + ai + seq_num + project_name + ipaq_category + exercise:ai + exercise:ipaq_category + (1 | stim_src_id),344.128261,383.082160
(bug_found_num) ~ exercise + ai + seq_num + project_name + ipaq_category + exercise:ai + ai:seq_num + (1 | stim_src_id),342.986885,378.399520
(bug_found_num) ~ exercise + ai + seq_num + project_name + ipaq_category + exercise:ai + exercise:seq_num + (1 | stim_src_id),341.022340,376.434975
(bug_found_num) ~ exercise + ai + seq_num + project_name + ipaq_category + exercise:ipaq_category + ai:seq_num + (1 | stim_src_id),343.813003,382.766902
(bug_found_num) ~ exercise + ai + seq_num + project_name + ipaq_category + exercise:ipaq_category + exercise:seq_num + (1 | stim_src_id),342.005785,380.959684
(bug_found_num) ~ exercise + ai + seq_num + project_name + ipaq_category + ai:seq_num + exercise:seq_num + (1 | stim_src_id),340.814129,376.226764
(bug_found_num) ~ exercise + ai + seq_num + project_name + ipaq_category + exercise:ai + exercise:ipaq_category + ai:seq_num + (1 | stim_src_id),345.357696,387.852859
(bug_found_num) ~ exercise + ai + seq_num + project_name + ipaq_category + exercise:ai + exercise:ipaq_category + exercise:seq_num + (1 | stim_src_id),343.304861,385.800024
(bug_found_num) ~ exercise + ai + seq_num + project_name + ipaq_category + exercise:ai + ai:seq_num + exercise:seq_num + (1 | stim_src_id),342.233350,381.187249
(bug_found_num) ~ exercise + ai + seq_num + project_name + ipaq_category + exercise:ipaq_category + ai:seq_num + exercise:seq_num + (1 | stim_src_id),343.073487,385.568649
(bug_found_num) ~ exercise + ai + seq_num + project_name + ipaq_category + exercise:ai + exercise:ipaq_category + ai:seq_num + exercise:seq_num + (1 | stim_src_id),344.485982,390.522408
(bug_found_num) ~ exercise + ai + seq_num + project_name + occupation + (1 | stim_src_id),344.943324,383.897223
(bug_found_num) ~ exercise + ai + seq_num + project_name + occupation + exercise:ai + (1 | stim_src_id),346.493480,388.988642
(bug_found_num) ~ exercise + ai + seq_num + project_name + occupation + ai:seq_num + (1 | stim_src_id),345.838639,388.333801
(bug_found_num) ~ exercise + ai + seq_num + project_name + occupation + exercise:seq_num + (1 | stim_src_id),344.885584,387.380746
(bug_found_num) ~ exercise + ai + seq_num + project_name + occupation + exercise:ai + ai:seq_num + (1 | stim_src_id),347.531515,393.567941
(bug_found_num) ~ exercise + ai + seq_num + project_name + occupation + exercise:ai + exercise:seq_num + (1 | stim_src_id),346.443808,392.480234
(bug_found_num) ~ exercise + ai + seq_num + project_name + occupation + ai:seq_num + exercise:seq_num + (1 | stim_src_id),345.705559,391.741985
(bug_found_num) ~ exercise + ai + seq_num + project_name + occupation + exercise:ai + ai:seq_num + exercise:seq_num + (1 | stim_src_id),347.407782,396.985472
(bug_found_num) ~ exercise + ai + seq_num + ipaq_category + occupation + (1 | stim_src_id),347.173866,389.669029
(bug_found_num) ~ exercise + ai + seq_num + ipaq_category + occupation + exercise:ai + (1 | stim_src_id),348.733615,394.770041
(bug_found_num) ~ exercise + ai + seq_num + ipaq_category + occupation + exercise:ipaq_category + (1 | stim_src_id),349.652388,399.230078
(bug_found_num) ~ exercise + ai + seq_num + ipaq_category + occupation + ai:seq_num + (1 | stim_src_id),348.151533,394.187959
(bug_found_num) ~ exercise + ai + seq_num + ipaq_category + occupation + exercise:seq_num + (1 | stim_src_id),347.117220,393.153646
(bug_found_num) ~ exercise + ai + seq_num + ipaq_category + occupation + exercise:ai + exercise:ipaq_category + (1 | stim_src_id),351.251151,404.370104
(bug_found_num) ~ exercise + ai + seq_num + ipaq_category + occupation + exercise:ai + ai:seq_num + (1 | stim_src_id),349.862140,399.439830
(bug_found_num) ~ exercise + ai + seq_num + ipaq_category + occupation + exercise:ai + exercise:seq_num + (1 | stim_src_id),348.756807,398.334497
(bug_found_num) ~ exercise + ai + seq_num + ipaq_category + occupation + exercise:ipaq_category + ai:seq_num + (1 | stim_src_id),350.540813,403.659766
(bug_found_num) ~ exercise + ai + seq_num + ipaq_category + occupation + exercise:ipaq_category + exercise:seq_num + (1 | stim_src_id),349.384191,402.503144
(bug_found_num) ~ exercise + ai + seq_num + ipaq_category + occupation + ai:seq_num + exercise:seq_num + (1 | stim_src_id),348.050148,397.627837
(bug_found_num) ~ exercise + ai + seq_num + ipaq_category + occupation + exercise:ai + exercise:ipaq_category + ai:seq_num + (1 | stim_src_id),352.290658,408.950875
(bug_found_num) ~ exercise + ai + seq_num + ipaq_category + occupation + exercise:ai + exercise:ipaq_category + exercise:seq_num + (1 | stim_src_id),351.069468,407.729685
(bug_found_num) ~ exercise + ai + seq_num + ipaq_category + occupation + exercise:ai + ai:seq_num + exercise:seq_num + (1 | stim_src_id),349.826017,402.944970
(bug_found_num) ~ exercise + ai + seq_num + ipaq_category + occupation + exercise:ipaq_category + ai:seq_num + exercise:seq_num + (1 | stim_src_id),350.229461,406.889678
(bug_found_num) ~ exercise + ai + seq_num + ipaq_category + occupation + exercise:ai + exercise:ipaq_category + ai:seq_num + exercise:seq_num + (1 | stim_src_id),352.046778,412.248259
(bug_found_num) ~ exercise + ai + seq_num + project_name + ipaq_category + occupation + (1 | stim_src_id),348.881995,394.918421
(bug_found_num) ~ exercise + ai + seq_num + project_name + ipaq_category + occupation + exercise:ai + (1 | stim_src_id),350.363850,399.941540
(bug_found_num) ~ exercise + ai + seq_num + project_name + ipaq_category + occupation + exercise:ipaq_category + (1 | stim_src_id),351.334457,404.453410
(bug_found_num) ~ exercise + ai + seq_num + project_name + ipaq_category + occupation + ai:seq_num + (1 | stim_src_id),349.818639,399.396329
(bug_found_num) ~ exercise + ai + seq_num + project_name + ipaq_category + occupation + exercise:seq_num + (1 | stim_src_id),348.733787,398.311476
(bug_found_num) ~ exercise + ai + seq_num + project_name + ipaq_category + occupation + exercise:ai + exercise:ipaq_category + (1 | stim_src_id),352.857055,409.517271
(bug_found_num) ~ exercise + ai + seq_num + project_name + ipaq_category + occupation + exercise:ai + ai:seq_num + (1 | stim_src_id),351.466288,404.585241
(bug_found_num) ~ exercise + ai + seq_num + project_name + ipaq_category + occupation + exercise:ai + exercise:seq_num + (1 | stim_src_id),350.296646,403.415600
(bug_found_num) ~ exercise + ai + seq_num + project_name + ipaq_category + occupation + exercise:ipaq_category + ai:seq_num + (1 | stim_src_id),352.176542,408.836759
(bug_found_num) ~ exercise + ai + seq_num + project_name + ipaq_category + occupation + exercise:ipaq_category + exercise:seq_num + (1 | stim_src_id),350.958126,407.618343
(bug_found_num) ~ exercise + ai + seq_num + project_name + ipaq_category + occupation + ai:seq_num + exercise:seq_num + (1 | stim_src_id),349.623336,402.742289
(bug_found_num) ~ exercise + ai + seq_num + project_name + ipaq_category + occupation + exercise:ai + exercise:ipaq_category + ai:seq_num + (1 | stim_src_id),353.866512,414.067993
(bug_found_num) ~ exercise + ai + seq_num + project_name + ipaq_category + occupation + exercise:ai + exercise:ipaq_category + exercise:seq_num + (1 | stim_src_id),352.569612,412.771092
(bug_found_num) ~ exercise + ai + seq_num + project_name + ipaq_category + occupation + exercise:ai + ai:seq_num + exercise:seq_num + (1 | stim_src_id),351.338312,407.998528
(bug_found_num) ~ exercise + ai + seq_num + project_name + ipaq_category + occupation + exercise:ipaq_category + ai:seq_num + exercise:seq_num + (1 | stim_src_id),351.755207,411.956687
(bug_found_num) ~ exercise + ai + seq_num + project_name + ipaq_category + occupation + exercise:ai + exercise:ipaq_category + ai:seq_num + exercise:seq_num + (1 | stim_src_id),353.516707,417.259451
