formula,AIC,BIC
sqrt(duration) ~ exercise + ai + seq_num + (1 | part_id) + (1 | stim_src_id),321.351672,335.894434
sqrt(duration) ~ exercise + ai + seq_num + exercise:ai + (1 | part_id) + (1 | stim_src_id),323.348185,339.968485
sqrt(duration) ~ exercise + ai + seq_num + ai:seq_num + (1 | part_id) + (1 | stim_src_id),322.997302,339.617601
sqrt(duration) ~ exercise + ai + seq_num + exercise:seq_num + (1 | part_id) + (1 | stim_src_id),323.288796,339.909095
sqrt(duration) ~ exercise + ai + seq_num + exercise:ai + ai:seq_num + (1 | part_id) + (1 | stim_src_id),324.989986,343.687823
sqrt(duration) ~ exercise + ai + seq_num + exercise:ai + exercise:seq_num + (1 | part_id) + (1 | stim_src_id),325.285909,343.983746
sqrt(duration) ~ exercise + ai + seq_num + ai:seq_num + exercise:seq_num + (1 | part_id) + (1 | stim_src_id),324.868885,343.566722
sqrt(duration) ~ exercise + ai + seq_num + exercise:ai + ai:seq_num + exercise:seq_num + (1 | part_id) + (1 | stim_src_id),326.862047,347.637421
sqrt(duration) ~ exercise + ai + seq_num + project_name + (1 | part_id) + (1 | stim_src_id),323.206526,339.826826
sqrt(duration) ~ exercise + ai + seq_num + project_name + exercise:ai + (1 | part_id) + (1 | stim_src_id),325.201146,343.898983
sqrt(duration) ~ exercise + ai + seq_num + project_name + ai:seq_num + (1 | part_id) + (1 | stim_src_id),324.785805,343.483642
sqrt(duration) ~ exercise + ai + seq_num + project_name + exercise:seq_num + (1 | part_id) + (1 | stim_src_id),325.184479,343.882316
sqrt(duration) ~ exercise + ai + seq_num + project_name + exercise:ai + ai:seq_num + (1 | part_id) + (1 | stim_src_id),326.774478,347.549852
sqrt(duration) ~ exercise + ai + seq_num + project_name + exercise:ai + exercise:seq_num + (1 | part_id) + (1 | stim_src_id),327.179848,347.955223
sqrt(duration) ~ exercise + ai + seq_num + project_name + ai:seq_num + exercise:seq_num + (1 | part_id) + (1 | stim_src_id),326.727649,347.503024
sqrt(duration) ~ exercise + ai + seq_num + project_name + exercise:ai + ai:seq_num + exercise:seq_num + (1 | part_id) + (1 | stim_src_id),328.717500,351.570411
sqrt(duration) ~ exercise + ai + seq_num + ipaq_category + (1 | part_id) + (1 | stim_src_id),321.536445,340.234282
sqrt(duration) ~ exercise + ai + seq_num + ipaq_category + exercise:ai + (1 | part_id) + (1 | stim_src_id),323.433533,344.208907
sqrt(duration) ~ exercise + ai + seq_num + ipaq_category + exercise:ipaq_category + (1 | part_id) + (1 | stim_src_id),324.794027,347.646939
sqrt(duration) ~ exercise + ai + seq_num + ipaq_category + ai:seq_num + (1 | part_id) + (1 | stim_src_id),323.395721,344.171096
sqrt(duration) ~ exercise + ai + seq_num + ipaq_category + exercise:seq_num + (1 | part_id) + (1 | stim_src_id),323.419766,344.195141
sqrt(duration) ~ exercise + ai + seq_num + ipaq_category + exercise:ai + exercise:ipaq_category + (1 | part_id) + (1 | stim_src_id),326.683192,351.613641
sqrt(duration) ~ exercise + ai + seq_num + ipaq_category + exercise:ai + ai:seq_num + (1 | part_id) + (1 | stim_src_id),325.315628,348.168540
sqrt(duration) ~ exercise + ai + seq_num + ipaq_category + exercise:ai + exercise:seq_num + (1 | part_id) + (1 | stim_src_id),325.321233,348.174145
sqrt(duration) ~ exercise + ai + seq_num + ipaq_category + exercise:ipaq_category + ai:seq_num + (1 | part_id) + (1 | stim_src_id),326.718150,351.648599
sqrt(duration) ~ exercise + ai + seq_num + ipaq_category + exercise:ipaq_category + exercise:seq_num + (1 | part_id) + (1 | stim_src_id),326.766010,351.696460
sqrt(duration) ~ exercise + ai + seq_num + ipaq_category + ai:seq_num + exercise:seq_num + (1 | part_id) + (1 | stim_src_id),325.320884,348.173796
sqrt(duration) ~ exercise + ai + seq_num + ipaq_category + exercise:ai + exercise:ipaq_category + ai:seq_num + (1 | part_id) + (1 | stim_src_id),328.625147,355.633134
sqrt(duration) ~ exercise + ai + seq_num + ipaq_category + exercise:ai + exercise:ipaq_category + exercise:seq_num + (1 | part_id) + (1 | stim_src_id),328.657615,355.665602
sqrt(duration) ~ exercise + ai + seq_num + ipaq_category + exercise:ai + ai:seq_num + exercise:seq_num + (1 | part_id) + (1 | stim_src_id),327.240301,352.170751
sqrt(duration) ~ exercise + ai + seq_num + ipaq_category + exercise:ipaq_category + ai:seq_num + exercise:seq_num + (1 | part_id) + (1 | stim_src_id),328.702834,355.710821
sqrt(duration) ~ exercise + ai + seq_num + ipaq_category + exercise:ai + exercise:ipaq_category + ai:seq_num + exercise:seq_num + (1 | part_id) + (1 | stim_src_id),330.610074,359.695598
sqrt(duration) ~ exercise + ai + seq_num + occupation + (1 | part_id) + (1 | stim_src_id),325.479438,348.332350
sqrt(duration) ~ exercise + ai + seq_num + occupation + exercise:ai + (1 | part_id) + (1 | stim_src_id),326.907176,351.837625
sqrt(duration) ~ exercise + ai + seq_num + occupation + ai:seq_num + (1 | part_id) + (1 | stim_src_id),326.253676,351.184125
sqrt(duration) ~ exercise + ai + seq_num + occupation + exercise:seq_num + (1 | part_id) + (1 | stim_src_id),327.476144,352.406594
sqrt(duration) ~ exercise + ai + seq_num + occupation + exercise:ai + ai:seq_num + (1 | part_id) + (1 | stim_src_id),327.353015,354.361001
sqrt(duration) ~ exercise + ai + seq_num + occupation + exercise:ai + exercise:seq_num + (1 | part_id) + (1 | stim_src_id),328.904780,355.912766
sqrt(duration) ~ exercise + ai + seq_num + occupation + ai:seq_num + exercise:seq_num + (1 | part_id) + (1 | stim_src_id),328.200081,355.208068
sqrt(duration) ~ exercise + ai + seq_num + occupation + exercise:ai + ai:seq_num + exercise:seq_num + (1 | part_id) + (1 | stim_src_id),329.287601,358.373125
sqrt(duration) ~ exercise + ai + seq_num + project_name + ipaq_category + (1 | part_id) + (1 | stim_src_id),323.527344,344.302718
sqrt(duration) ~ exercise + ai + seq_num + project_name + ipaq_category + exercise:ai + (1 | part_id) + (1 | stim_src_id),325.427232,348.280144
sqrt(duration) ~ exercise + ai + seq_num + project_name + ipaq_category + exercise:ipaq_category + (1 | part_id) + (1 | stim_src_id),326.753360,351.683810
sqrt(duration) ~ exercise + ai + seq_num + project_name + ipaq_category + ai:seq_num + (1 | part_id) + (1 | stim_src_id),325.374075,348.226987
sqrt(duration) ~ exercise + ai + seq_num + project_name + ipaq_category + exercise:seq_num + (1 | part_id) + (1 | stim_src_id),325.386056,348.238968
sqrt(duration) ~ exercise + ai + seq_num + project_name + ipaq_category + exercise:ai + exercise:ipaq_category + (1 | part_id) + (1 | stim_src_id),328.647832,355.655819
sqrt(duration) ~ exercise + ai + seq_num + project_name + ipaq_category + exercise:ai + ai:seq_num + (1 | part_id) + (1 | stim_src_id),327.299122,352.229571
sqrt(duration) ~ exercise + ai + seq_num + project_name + ipaq_category + exercise:ai + exercise:seq_num + (1 | part_id) + (1 | stim_src_id),327.293928,352.224378
sqrt(duration) ~ exercise + ai + seq_num + project_name + ipaq_category + exercise:ipaq_category + ai:seq_num + (1 | part_id) + (1 | stim_src_id),328.664013,355.671999
sqrt(duration) ~ exercise + ai + seq_num + project_name + ipaq_category + exercise:ipaq_category + exercise:seq_num + (1 | part_id) + (1 | stim_src_id),328.705322,355.713309
sqrt(duration) ~ exercise + ai + seq_num + project_name + ipaq_category + ai:seq_num + exercise:seq_num + (1 | part_id) + (1 | stim_src_id),327.274885,352.205335
sqrt(duration) ~ exercise + ai + seq_num + project_name + ipaq_category + exercise:ai + exercise:ipaq_category + ai:seq_num + (1 | part_id) + (1 | stim_src_id),330.578369,359.663893
sqrt(duration) ~ exercise + ai + seq_num + project_name + ipaq_category + exercise:ai + exercise:ipaq_category + exercise:seq_num + (1 | part_id) + (1 | stim_src_id),330.604534,359.690058
sqrt(duration) ~ exercise + ai + seq_num + project_name + ipaq_category + exercise:ai + ai:seq_num + exercise:seq_num + (1 | part_id) + (1 | stim_src_id),329.202234,356.210220
sqrt(duration) ~ exercise + ai + seq_num + project_name + ipaq_category + exercise:ipaq_category + ai:seq_num + exercise:seq_num + (1 | part_id) + (1 | stim_src_id),330.632042,359.717566
sqrt(duration) ~ exercise + ai + seq_num + project_name + ipaq_category + exercise:ai + exercise:ipaq_category + ai:seq_num + exercise:seq_num + (1 | part_id) + (1 | stim_src_id),332.548192,363.711253
sqrt(duration) ~ exercise + ai + seq_num + project_name + occupation + (1 | part_id) + (1 | stim_src_id),327.255271,352.185721
sqrt(duration) ~ exercise + ai + seq_num + project_name + occupation + exercise:ai + (1 | part_id) + (1 | stim_src_id),328.677210,355.685197
sqrt(duration) ~ exercise + ai + seq_num + project_name + occupation + ai:seq_num + (1 | part_id) + (1 | stim_src_id),327.851171,354.859158
sqrt(duration) ~ exercise + ai + seq_num + project_name + occupation + exercise:seq_num + (1 | part_id) + (1 | stim_src_id),329.245116,356.253103
sqrt(duration) ~ exercise + ai + seq_num + project_name + occupation + exercise:ai + ai:seq_num + (1 | part_id) + (1 | stim_src_id),328.904197,357.989721
sqrt(duration) ~ exercise + ai + seq_num + project_name + occupation + exercise:ai + exercise:seq_num + (1 | part_id) + (1 | stim_src_id),330.664002,359.749527
sqrt(duration) ~ exercise + ai + seq_num + project_name + occupation + ai:seq_num + exercise:seq_num + (1 | part_id) + (1 | stim_src_id),329.850205,358.935729
sqrt(duration) ~ exercise + ai + seq_num + project_name + occupation + exercise:ai + ai:seq_num + exercise:seq_num + (1 | part_id) + (1 | stim_src_id),330.902508,362.065570
sqrt(duration) ~ exercise + ai + seq_num + ipaq_category + occupation + (1 | part_id) + (1 | stim_src_id),326.169987,353.177974
sqrt(duration) ~ exercise + ai + seq_num + ipaq_category + occupation + exercise:ai + (1 | part_id) + (1 | stim_src_id),328.074146,357.159670
sqrt(duration) ~ exercise + ai + seq_num + ipaq_category + occupation + exercise:ipaq_category + (1 | part_id) + (1 | stim_src_id),329.669665,360.832726
sqrt(duration) ~ exercise + ai + seq_num + ipaq_category + occupation + ai:seq_num + (1 | part_id) + (1 | stim_src_id),327.553124,356.638648
sqrt(duration) ~ exercise + ai + seq_num + ipaq_category + occupation + exercise:seq_num + (1 | part_id) + (1 | stim_src_id),327.873489,356.959013
sqrt(duration) ~ exercise + ai + seq_num + ipaq_category + occupation + exercise:ai + exercise:ipaq_category + (1 | part_id) + (1 | stim_src_id),331.565442,364.806041
sqrt(duration) ~ exercise + ai + seq_num + ipaq_category + occupation + exercise:ai + ai:seq_num + (1 | part_id) + (1 | stim_src_id),329.279551,360.442613
sqrt(duration) ~ exercise + ai + seq_num + ipaq_category + occupation + exercise:ai + exercise:seq_num + (1 | part_id) + (1 | stim_src_id),329.790934,360.953996
sqrt(duration) ~ exercise + ai + seq_num + ipaq_category + occupation + exercise:ipaq_category + ai:seq_num + (1 | part_id) + (1 | stim_src_id),331.274804,364.515403
sqrt(duration) ~ exercise + ai + seq_num + ipaq_category + occupation + exercise:ipaq_category + exercise:seq_num + (1 | part_id) + (1 | stim_src_id),331.471624,364.712223
sqrt(duration) ~ exercise + ai + seq_num + ipaq_category + occupation + ai:seq_num + exercise:seq_num + (1 | part_id) + (1 | stim_src_id),329.398794,360.561855
sqrt(duration) ~ exercise + ai + seq_num + ipaq_category + occupation + exercise:ai + exercise:ipaq_category + ai:seq_num + (1 | part_id) + (1 | stim_src_id),333.048686,368.366822
sqrt(duration) ~ exercise + ai + seq_num + ipaq_category + occupation + exercise:ai + exercise:ipaq_category + exercise:seq_num + (1 | part_id) + (1 | stim_src_id),333.366275,368.684412
sqrt(duration) ~ exercise + ai + seq_num + ipaq_category + occupation + exercise:ai + ai:seq_num + exercise:seq_num + (1 | part_id) + (1 | stim_src_id),331.162604,364.403204
sqrt(duration) ~ exercise + ai + seq_num + ipaq_category + occupation + exercise:ipaq_category + ai:seq_num + exercise:seq_num + (1 | part_id) + (1 | stim_src_id),333.166723,368.484859
sqrt(duration) ~ exercise + ai + seq_num + ipaq_category + occupation + exercise:ai + exercise:ipaq_category + ai:seq_num + exercise:seq_num + (1 | part_id) + (1 | stim_src_id),334.953030,372.348704
sqrt(duration) ~ exercise + ai + seq_num + project_name + ipaq_category + occupation + (1 | part_id) + (1 | stim_src_id),328.125480,357.211004
sqrt(duration) ~ exercise + ai + seq_num + project_name + ipaq_category + occupation + exercise:ai + (1 | part_id) + (1 | stim_src_id),330.025495,361.188557
sqrt(duration) ~ exercise + ai + seq_num + project_name + ipaq_category + occupation + exercise:ipaq_category + (1 | part_id) + (1 | stim_src_id),331.583508,364.824107
sqrt(duration) ~ exercise + ai + seq_num + project_name + ipaq_category + occupation + ai:seq_num + (1 | part_id) + (1 | stim_src_id),329.440013,360.603075
sqrt(duration) ~ exercise + ai + seq_num + project_name + ipaq_category + occupation + exercise:seq_num + (1 | part_id) + (1 | stim_src_id),329.726308,360.889370
sqrt(duration) ~ exercise + ai + seq_num + project_name + ipaq_category + occupation + exercise:ai + exercise:ipaq_category + (1 | part_id) + (1 | stim_src_id),333.478630,368.796767
sqrt(duration) ~ exercise + ai + seq_num + project_name + ipaq_category + occupation + exercise:ai + ai:seq_num + (1 | part_id) + (1 | stim_src_id),331.137854,364.378453
sqrt(duration) ~ exercise + ai + seq_num + project_name + ipaq_category + occupation + exercise:ai + exercise:seq_num + (1 | part_id) + (1 | stim_src_id),331.638198,364.878797
sqrt(duration) ~ exercise + ai + seq_num + project_name + ipaq_category + occupation + exercise:ipaq_category + ai:seq_num + (1 | part_id) + (1 | stim_src_id),333.125557,368.443693
sqrt(duration) ~ exercise + ai + seq_num + project_name + ipaq_category + occupation + exercise:ipaq_category + exercise:seq_num + (1 | part_id) + (1 | stim_src_id),333.290048,368.608184
sqrt(duration) ~ exercise + ai + seq_num + project_name + ipaq_category + occupation + ai:seq_num + exercise:seq_num + (1 | part_id) + (1 | stim_src_id),331.186375,364.426974
sqrt(duration) ~ exercise + ai + seq_num + project_name + ipaq_category + occupation + exercise:ai + exercise:ipaq_category + ai:seq_num + (1 | part_id) + (1 | stim_src_id),334.885293,372.280967
sqrt(duration) ~ exercise + ai + seq_num + project_name + ipaq_category + occupation + exercise:ai + exercise:ipaq_category + exercise:seq_num + (1 | part_id) + (1 | stim_src_id),335.182251,372.577925
sqrt(duration) ~ exercise + ai + seq_num + project_name + ipaq_category + occupation + exercise:ai + ai:seq_num + exercise:seq_num + (1 | part_id) + (1 | stim_src_id),332.924984,368.243121
sqrt(duration) ~ exercise + ai + seq_num + project_name + ipaq_category + occupation + exercise:ipaq_category + ai:seq_num + exercise:seq_num + (1 | part_id) + (1 | stim_src_id),334.931857,372.327531
sqrt(duration) ~ exercise + ai + seq_num + project_name + ipaq_category + occupation + exercise:ai + exercise:ipaq_category + ai:seq_num + exercise:seq_num + (1 | part_id) + (1 | stim_src_id),336.703579,376.176791
