formula,AIC,BIC
factor(readability_both) ~ exercise + ai + seq_num + (1 | part_id),339.559926,371.501611
factor(readability_both) ~ exercise + ai + seq_num + exercise:ai + (1 | part_id),339.068208,374.558969
factor(readability_both) ~ exercise + ai + seq_num + ai:seq_num + (1 | part_id),339.721520,375.212281
factor(readability_both) ~ exercise + ai + seq_num + exercise:seq_num + (1 | part_id),340.593586,376.084347
factor(readability_both) ~ exercise + ai + seq_num + exercise:ai + ai:seq_num + (1 | part_id),338.891003,377.930840
factor(readability_both) ~ exercise + ai + seq_num + exercise:ai + exercise:seq_num + (1 | part_id),340.222364,379.262201
factor(readability_both) ~ exercise + ai + seq_num + ai:seq_num + exercise:seq_num + (1 | part_id),340.600820,379.640657
factor(readability_both) ~ exercise + ai + seq_num + exercise:ai + ai:seq_num + exercise:seq_num + (1 | part_id),339.682358,382.271271
factor(readability_both) ~ exercise + ai + seq_num + project_name + (1 | part_id),336.789792,372.280553
factor(readability_both) ~ exercise + ai + seq_num + project_name + exercise:ai + (1 | part_id),336.536041,375.575878
factor(readability_both) ~ exercise + ai + seq_num + project_name + ai:seq_num + (1 | part_id),336.497509,375.537346
factor(readability_both) ~ exercise + ai + seq_num + project_name + exercise:seq_num + (1 | part_id),337.300734,376.340571
factor(readability_both) ~ exercise + ai + seq_num + project_name + exercise:ai + ai:seq_num + (1 | part_id),335.952729,378.541642
factor(readability_both) ~ exercise + ai + seq_num + project_name + exercise:ai + exercise:seq_num + (1 | part_id),337.210117,379.799030
factor(readability_both) ~ exercise + ai + seq_num + project_name + ai:seq_num + exercise:seq_num + (1 | part_id),336.755759,379.344672
factor(readability_both) ~ exercise + ai + seq_num + project_name + exercise:ai + ai:seq_num + exercise:seq_num + (1 | part_id),336.080082,382.218071
factor(readability_both) ~ exercise + ai + seq_num + ipaq_category + (1 | part_id),342.443718,381.483555
factor(readability_both) ~ exercise + ai + seq_num + ipaq_category + exercise:ai + (1 | part_id),340.815317,383.404230
factor(readability_both) ~ exercise + ai + seq_num + ipaq_category + exercise:ipaq_category + (1 | part_id),343.773361,389.911350
factor(readability_both) ~ exercise + ai + seq_num + ipaq_category + ai:seq_num + (1 | part_id),342.054822,384.643736
factor(readability_both) ~ exercise + ai + seq_num + ipaq_category + exercise:seq_num + (1 | part_id),343.094137,385.683050
factor(readability_both) ~ exercise + ai + seq_num + ipaq_category + exercise:ai + exercise:ipaq_category + (1 | part_id),342.017019,391.704084
factor(readability_both) ~ exercise + ai + seq_num + ipaq_category + exercise:ai + ai:seq_num + (1 | part_id),339.551065,385.689054
factor(readability_both) ~ exercise + ai + seq_num + ipaq_category + exercise:ai + exercise:seq_num + (1 | part_id),341.457585,387.595574
factor(readability_both) ~ exercise + ai + seq_num + ipaq_category + exercise:ipaq_category + ai:seq_num + (1 | part_id),343.213312,392.900378
factor(readability_both) ~ exercise + ai + seq_num + ipaq_category + exercise:ipaq_category + exercise:seq_num + (1 | part_id),344.576112,394.263177
factor(readability_both) ~ exercise + ai + seq_num + ipaq_category + ai:seq_num + exercise:seq_num + (1 | part_id),342.479037,388.617027
factor(readability_both) ~ exercise + ai + seq_num + ipaq_category + exercise:ai + exercise:ipaq_category + ai:seq_num + (1 | part_id),340.541004,393.777145
factor(readability_both) ~ exercise + ai + seq_num + ipaq_category + exercise:ai + exercise:ipaq_category + exercise:seq_num + (1 | part_id),342.853986,396.090127
factor(readability_both) ~ exercise + ai + seq_num + ipaq_category + exercise:ai + ai:seq_num + exercise:seq_num + (1 | part_id),339.419417,389.106482
factor(readability_both) ~ exercise + ai + seq_num + ipaq_category + exercise:ipaq_category + ai:seq_num + exercise:seq_num + (1 | part_id),343.787466,397.023607
factor(readability_both) ~ exercise + ai + seq_num + ipaq_category + exercise:ai + exercise:ipaq_category + ai:seq_num + exercise:seq_num + (1 | part_id),340.592935,397.378152
factor(readability_both) ~ exercise + ai + seq_num + occupation + (1 | part_id),342.181790,391.868855
factor(readability_both) ~ exercise + ai + seq_num + occupation + exercise:ai + (1 | part_id),340.431371,393.667512
factor(readability_both) ~ exercise + ai + seq_num + occupation + ai:seq_num + (1 | part_id),342.206549,395.442691
factor(readability_both) ~ exercise + ai + seq_num + occupation + exercise:seq_num + (1 | part_id),342.672381,395.908522
factor(readability_both) ~ exercise + ai + seq_num + occupation + exercise:ai + ai:seq_num + (1 | part_id),339.806381,396.591598
factor(readability_both) ~ exercise + ai + seq_num + occupation + exercise:ai + exercise:seq_num + (1 | part_id),340.659222,397.444440
factor(readability_both) ~ exercise + ai + seq_num + occupation + ai:seq_num + exercise:seq_num + (1 | part_id),342.582082,399.367299
factor(readability_both) ~ exercise + ai + seq_num + occupation + exercise:ai + ai:seq_num + exercise:seq_num + (1 | part_id),339.346218,399.680511
factor(readability_both) ~ exercise + ai + seq_num + order_group + (1 | part_id),341.505375,376.996136
factor(readability_both) ~ exercise + ai + seq_num + order_group + exercise:ai + (1 | part_id),341.038791,380.078628
factor(readability_both) ~ exercise + ai + seq_num + order_group + ai:seq_num + (1 | part_id),341.654026,380.693863
factor(readability_both) ~ exercise + ai + seq_num + order_group + exercise:seq_num + (1 | part_id),342.263003,381.302840
factor(readability_both) ~ exercise + ai + seq_num + order_group + exercise:order_group + (1 | part_id),343.438280,382.478117
factor(readability_both) ~ exercise + ai + seq_num + order_group + exercise:ai + ai:seq_num + (1 | part_id),340.831151,383.420064
factor(readability_both) ~ exercise + ai + seq_num + order_group + exercise:ai + exercise:seq_num + (1 | part_id),341.851570,384.440483
factor(readability_both) ~ exercise + ai + seq_num + order_group + exercise:ai + exercise:order_group + (1 | part_id),342.975296,385.564209
factor(readability_both) ~ exercise + ai + seq_num + order_group + ai:seq_num + exercise:seq_num + (1 | part_id),342.247555,384.836468
factor(readability_both) ~ exercise + ai + seq_num + order_group + ai:seq_num + exercise:order_group + (1 | part_id),343.640160,386.229073
factor(readability_both) ~ exercise + ai + seq_num + order_group + exercise:seq_num + exercise:order_group + (1 | part_id),344.200775,386.789688
factor(readability_both) ~ exercise + ai + seq_num + order_group + exercise:ai + ai:seq_num + exercise:seq_num + (1 | part_id),341.241048,387.379037
factor(readability_both) ~ exercise + ai + seq_num + order_group + exercise:ai + ai:seq_num + exercise:order_group + (1 | part_id),342.820883,388.958872
factor(readability_both) ~ exercise + ai + seq_num + order_group + exercise:ai + exercise:seq_num + exercise:order_group + (1 | part_id),343.798008,389.935997
factor(readability_both) ~ exercise + ai + seq_num + order_group + ai:seq_num + exercise:seq_num + exercise:order_group + (1 | part_id),344.238368,390.376357
factor(readability_both) ~ exercise + ai + seq_num + order_group + exercise:ai + ai:seq_num + exercise:seq_num + exercise:order_group + (1 | part_id),343.237967,392.925032
factor(readability_both) ~ exercise + ai + seq_num + project_name + ipaq_category + (1 | part_id),339.941451,382.530364
factor(readability_both) ~ exercise + ai + seq_num + project_name + ipaq_category + exercise:ai + (1 | part_id),338.798911,384.936900
factor(readability_both) ~ exercise + ai + seq_num + project_name + ipaq_category + exercise:ipaq_category + (1 | part_id),342.210792,391.897857
factor(readability_both) ~ exercise + ai + seq_num + project_name + ipaq_category + ai:seq_num + (1 | part_id),339.107894,385.245883
factor(readability_both) ~ exercise + ai + seq_num + project_name + ipaq_category + exercise:seq_num + (1 | part_id),340.102435,386.240424
factor(readability_both) ~ exercise + ai + seq_num + project_name + ipaq_category + exercise:ai + exercise:ipaq_category + (1 | part_id),340.873432,394.109573
factor(readability_both) ~ exercise + ai + seq_num + project_name + ipaq_category + exercise:ai + ai:seq_num + (1 | part_id),337.157769,386.844835
factor(readability_both) ~ exercise + ai + seq_num + project_name + ipaq_category + exercise:ai + exercise:seq_num + (1 | part_id),339.016563,388.703629
factor(readability_both) ~ exercise + ai + seq_num + project_name + ipaq_category + exercise:ipaq_category + ai:seq_num + (1 | part_id),341.233823,394.469965
factor(readability_both) ~ exercise + ai + seq_num + project_name + ipaq_category + exercise:ipaq_category + exercise:seq_num + (1 | part_id),342.618192,395.854333
factor(readability_both) ~ exercise + ai + seq_num + project_name + ipaq_category + ai:seq_num + exercise:seq_num + (1 | part_id),338.936347,388.623412
factor(readability_both) ~ exercise + ai + seq_num + project_name + ipaq_category + exercise:ai + exercise:ipaq_category + ai:seq_num + (1 | part_id),339.034301,395.819518
factor(readability_both) ~ exercise + ai + seq_num + project_name + ipaq_category + exercise:ai + exercise:ipaq_category + exercise:seq_num + (1 | part_id),341.358815,398.144032
factor(readability_both) ~ exercise + ai + seq_num + project_name + ipaq_category + exercise:ai + ai:seq_num + exercise:seq_num + (1 | part_id),336.411798,389.647939
factor(readability_both) ~ exercise + ai + seq_num + project_name + ipaq_category + exercise:ipaq_category + ai:seq_num + exercise:seq_num + (1 | part_id),341.313167,398.098384
factor(readability_both) ~ exercise + ai + seq_num + project_name + ipaq_category + exercise:ai + exercise:ipaq_category + ai:seq_num + exercise:seq_num + (1 | part_id),338.569250,398.903544
factor(readability_both) ~ exercise + ai + seq_num + project_name + occupation + (1 | part_id),339.671718,392.907859
factor(readability_both) ~ exercise + ai + seq_num + project_name + occupation + exercise:ai + (1 | part_id),338.363791,395.149008
factor(readability_both) ~ exercise + ai + seq_num + project_name + occupation + ai:seq_num + (1 | part_id),339.249255,396.034473
factor(readability_both) ~ exercise + ai + seq_num + project_name + occupation + exercise:seq_num + (1 | part_id),339.499346,396.284564
factor(readability_both) ~ exercise + ai + seq_num + project_name + occupation + exercise:ai + ai:seq_num + (1 | part_id),337.346818,397.681112
factor(readability_both) ~ exercise + ai + seq_num + project_name + occupation + exercise:ai + exercise:seq_num + (1 | part_id),337.967920,398.302213
factor(readability_both) ~ exercise + ai + seq_num + project_name + occupation + ai:seq_num + exercise:seq_num + (1 | part_id),338.861645,399.195939
factor(readability_both) ~ exercise + ai + seq_num + project_name + occupation + exercise:ai + ai:seq_num + exercise:seq_num + (1 | part_id),336.029911,399.913280
factor(readability_both) ~ exercise + ai + seq_num + project_name + order_group + (1 | part_id),338.698533,377.738369
factor(readability_both) ~ exercise + ai + seq_num + project_name + order_group + exercise:ai + (1 | part_id),338.477259,381.066172
factor(readability_both) ~ exercise + ai + seq_num + project_name + order_group + ai:seq_num + (1 | part_id),338.380431,380.969344
factor(readability_both) ~ exercise + ai + seq_num + project_name + order_group + exercise:seq_num + (1 | part_id),338.819632,381.408545
factor(readability_both) ~ exercise + ai + seq_num + project_name + order_group + exercise:order_group + (1 | part_id),340.687891,383.276804
factor(readability_both) ~ exercise + ai + seq_num + project_name + order_group + exercise:ai + ai:seq_num + (1 | part_id),337.844483,383.982472
factor(readability_both) ~ exercise + ai + seq_num + project_name + order_group + exercise:ai + exercise:seq_num + (1 | part_id),338.721497,384.859486
factor(readability_both) ~ exercise + ai + seq_num + project_name + order_group + exercise:ai + exercise:order_group + (1 | part_id),340.464702,386.602691
factor(readability_both) ~ exercise + ai + seq_num + project_name + order_group + ai:seq_num + exercise:seq_num + (1 | part_id),338.251074,384.389063
factor(readability_both) ~ exercise + ai + seq_num + project_name + order_group + ai:seq_num + exercise:order_group + (1 | part_id),340.376679,386.514668
factor(readability_both) ~ exercise + ai + seq_num + project_name + order_group + exercise:seq_num + exercise:order_group + (1 | part_id),340.816550,386.954539
factor(readability_both) ~ exercise + ai + seq_num + project_name + order_group + exercise:ai + ai:seq_num + exercise:seq_num + (1 | part_id),337.512604,387.199669
factor(readability_both) ~ exercise + ai + seq_num + project_name + order_group + exercise:ai + ai:seq_num + exercise:order_group + (1 | part_id),339.841053,389.528118
factor(readability_both) ~ exercise + ai + seq_num + project_name + order_group + exercise:ai + exercise:seq_num + exercise:order_group + (1 | part_id),340.718548,390.405613
factor(readability_both) ~ exercise + ai + seq_num + project_name + order_group + ai:seq_num + exercise:seq_num + exercise:order_group + (1 | part_id),340.235416,389.922481
factor(readability_both) ~ exercise + ai + seq_num + project_name + order_group + exercise:ai + ai:seq_num + exercise:seq_num + exercise:order_group + (1 | part_id),339.490254,392.726395
factor(readability_both) ~ exercise + ai + seq_num + ipaq_category + occupation + (1 | part_id),345.873314,402.658532
factor(readability_both) ~ exercise + ai + seq_num + ipaq_category + occupation + exercise:ai + (1 | part_id),343.885957,404.220250
factor(readability_both) ~ exercise + ai + seq_num + ipaq_category + occupation + exercise:ipaq_category + (1 | part_id),347.245466,411.128836
factor(readability_both) ~ exercise + ai + seq_num + ipaq_category + occupation + ai:seq_num + (1 | part_id),345.516132,405.850426
factor(readability_both) ~ exercise + ai + seq_num + ipaq_category + occupation + exercise:seq_num + (1 | part_id),346.431397,406.765691
factor(readability_both) ~ exercise + ai + seq_num + ipaq_category + occupation + exercise:ai + exercise:ipaq_category + (1 | part_id),345.209014,412.641460
factor(readability_both) ~ exercise + ai + seq_num + ipaq_category + occupation + exercise:ai + ai:seq_num + (1 | part_id),342.531898,406.415268
factor(readability_both) ~ exercise + ai + seq_num + ipaq_category + occupation + exercise:ai + exercise:seq_num + (1 | part_id),343.877328,407.760698
factor(readability_both) ~ exercise + ai + seq_num + ipaq_category + occupation + exercise:ipaq_category + ai:seq_num + (1 | part_id),346.651812,414.084258
factor(readability_both) ~ exercise + ai + seq_num + ipaq_category + occupation + exercise:ipaq_category + exercise:seq_num + (1 | part_id),348.028035,415.460481
factor(readability_both) ~ exercise + ai + seq_num + ipaq_category + occupation + ai:seq_num + exercise:seq_num + (1 | part_id),345.959011,409.842381
factor(readability_both) ~ exercise + ai + seq_num + ipaq_category + occupation + exercise:ai + exercise:ipaq_category + ai:seq_num + (1 | part_id),343.551569,414.533091
factor(readability_both) ~ exercise + ai + seq_num + ipaq_category + occupation + exercise:ai + exercise:ipaq_category + exercise:seq_num + (1 | part_id),345.514157,416.495679
factor(readability_both) ~ exercise + ai + seq_num + ipaq_category + occupation + exercise:ai + ai:seq_num + exercise:seq_num + (1 | part_id),341.494687,408.927133
factor(readability_both) ~ exercise + ai + seq_num + ipaq_category + occupation + exercise:ipaq_category + ai:seq_num + exercise:seq_num + (1 | part_id),347.316910,418.298432
factor(readability_both) ~ exercise + ai + seq_num + ipaq_category + occupation + exercise:ai + exercise:ipaq_category + ai:seq_num + exercise:seq_num + (1 | part_id),342.850191,417.380788
factor(readability_both) ~ exercise + ai + seq_num + ipaq_category + order_group + (1 | part_id),344.215177,386.804090
factor(readability_both) ~ exercise + ai + seq_num + ipaq_category + order_group + exercise:ai + (1 | part_id),342.568186,388.706175
factor(readability_both) ~ exercise + ai + seq_num + ipaq_category + order_group + exercise:ipaq_category + (1 | part_id),345.592868,395.279933
factor(readability_both) ~ exercise + ai + seq_num + ipaq_category + order_group + ai:seq_num + (1 | part_id),343.776540,389.914529
factor(readability_both) ~ exercise + ai + seq_num + ipaq_category + order_group + exercise:seq_num + (1 | part_id),344.925169,391.063158
factor(readability_both) ~ exercise + ai + seq_num + ipaq_category + order_group + exercise:order_group + (1 | part_id),346.143064,392.281053
factor(readability_both) ~ exercise + ai + seq_num + ipaq_category + order_group + exercise:ai + exercise:ipaq_category + (1 | part_id),343.817454,397.053595
factor(readability_both) ~ exercise + ai + seq_num + ipaq_category + order_group + exercise:ai + ai:seq_num + (1 | part_id),341.109228,390.796293
factor(readability_both) ~ exercise + ai + seq_num + ipaq_category + order_group + exercise:ai + exercise:seq_num + (1 | part_id),343.306586,392.993651
factor(readability_both) ~ exercise + ai + seq_num + ipaq_category + order_group + exercise:ai + exercise:order_group + (1 | part_id),344.490993,394.178058
factor(readability_both) ~ exercise + ai + seq_num + ipaq_category + order_group + exercise:ipaq_category + ai:seq_num + (1 | part_id),344.977142,398.213283
factor(readability_both) ~ exercise + ai + seq_num + ipaq_category + order_group + exercise:ipaq_category + exercise:seq_num + (1 | part_id),346.393998,399.630140
factor(readability_both) ~ exercise + ai + seq_num + ipaq_category + order_group + exercise:ipaq_category + exercise:order_group + (1 | part_id),347.433811,400.669952
factor(readability_both) ~ exercise + ai + seq_num + ipaq_category + order_group + ai:seq_num + exercise:seq_num + (1 | part_id),344.308176,393.995241
factor(readability_both) ~ exercise + ai + seq_num + ipaq_category + order_group + ai:seq_num + exercise:order_group + (1 | part_id),345.759914,395.446979
factor(readability_both) ~ exercise + ai + seq_num + ipaq_category + order_group + exercise:seq_num + exercise:order_group + (1 | part_id),346.848129,396.535194
factor(readability_both) ~ exercise + ai + seq_num + ipaq_category + order_group + exercise:ai + exercise:ipaq_category + ai:seq_num + (1 | part_id),342.149916,398.935134
factor(readability_both) ~ exercise + ai + seq_num + ipaq_category + order_group + exercise:ai + exercise:ipaq_category + exercise:seq_num + (1 | part_id),344.695974,401.481191
factor(readability_both) ~ exercise + ai + seq_num + ipaq_category + order_group + exercise:ai + exercise:ipaq_category + exercise:order_group + (1 | part_id),345.659074,402.444292
factor(readability_both) ~ exercise + ai + seq_num + ipaq_category + order_group + exercise:ai + ai:seq_num + exercise:seq_num + (1 | part_id),341.230093,394.466234
factor(readability_both) ~ exercise + ai + seq_num + ipaq_category + order_group + exercise:ai + ai:seq_num + exercise:order_group + (1 | part_id),343.099996,396.336137
factor(readability_both) ~ exercise + ai + seq_num + ipaq_category + order_group + exercise:ai + exercise:seq_num + exercise:order_group + (1 | part_id),345.237354,398.473496
factor(readability_both) ~ exercise + ai + seq_num + ipaq_category + order_group + exercise:ipaq_category + ai:seq_num + exercise:seq_num + (1 | part_id),345.602409,402.387627
factor(readability_both) ~ exercise + ai + seq_num + ipaq_category + order_group + exercise:ipaq_category + ai:seq_num + exercise:order_group + (1 | part_id),346.919395,403.704613
factor(readability_both) ~ exercise + ai + seq_num + ipaq_category + order_group + exercise:ipaq_category + exercise:seq_num + exercise:order_group + (1 | part_id),348.255219,405.040436
factor(readability_both) ~ exercise + ai + seq_num + ipaq_category + order_group + ai:seq_num + exercise:seq_num + exercise:order_group + (1 | part_id),346.295075,399.531216
factor(readability_both) ~ exercise + ai + seq_num + ipaq_category + order_group + exercise:ai + exercise:ipaq_category + ai:seq_num + exercise:seq_num + (1 | part_id),342.392426,402.726719
factor(readability_both) ~ exercise + ai + seq_num + ipaq_category + order_group + exercise:ai + exercise:ipaq_category + ai:seq_num + exercise:order_group + (1 | part_id),344.101886,404.436180
factor(readability_both) ~ exercise + ai + seq_num + ipaq_category + order_group + exercise:ai + exercise:ipaq_category + exercise:seq_num + exercise:order_group + (1 | part_id),346.567650,406.901944
factor(readability_both) ~ exercise + ai + seq_num + ipaq_category + order_group + exercise:ai + ai:seq_num + exercise:seq_num + exercise:order_group + (1 | part_id),343.226232,400.011449
factor(readability_both) ~ exercise + ai + seq_num + ipaq_category + order_group + exercise:ipaq_category + ai:seq_num + exercise:seq_num + exercise:order_group + (1 | part_id),347.559972,407.894266
factor(readability_both) ~ exercise + ai + seq_num + ipaq_category + order_group + exercise:ai + exercise:ipaq_category + ai:seq_num + exercise:seq_num + exercise:order_group + (1 | part_id),344.371023,408.254393
factor(readability_both) ~ exercise + ai + seq_num + occupation + order_group + (1 | part_id),343.796349,397.032490
factor(readability_both) ~ exercise + ai + seq_num + occupation + order_group + exercise:ai + (1 | part_id),341.769321,398.554538
factor(readability_both) ~ exercise + ai + seq_num + occupation + order_group + ai:seq_num + (1 | part_id),343.795185,400.580403
factor(readability_both) ~ exercise + ai + seq_num + occupation + order_group + exercise:seq_num + (1 | part_id),344.566885,401.352102
factor(readability_both) ~ exercise + ai + seq_num + occupation + order_group + exercise:order_group + (1 | part_id),345.735239,402.520457
factor(readability_both) ~ exercise + ai + seq_num + occupation + order_group + exercise:ai + ai:seq_num + (1 | part_id),340.876007,401.210300
factor(readability_both) ~ exercise + ai + seq_num + occupation + order_group + exercise:ai + exercise:seq_num + (1 | part_id),342.627210,402.961504
factor(readability_both) ~ exercise + ai + seq_num + occupation + order_group + exercise:ai + exercise:order_group + (1 | part_id),343.719850,404.054143
factor(readability_both) ~ exercise + ai + seq_num + occupation + order_group + ai:seq_num + exercise:seq_num + (1 | part_id),344.462797,404.797090
factor(readability_both) ~ exercise + ai + seq_num + occupation + order_group + ai:seq_num + exercise:order_group + (1 | part_id),345.783396,406.117690
factor(readability_both) ~ exercise + ai + seq_num + occupation + order_group + exercise:seq_num + exercise:order_group + (1 | part_id),346.508729,406.843022
factor(readability_both) ~ exercise + ai + seq_num + occupation + order_group + exercise:ai + ai:seq_num + exercise:seq_num + (1 | part_id),341.307038,405.190407
factor(readability_both) ~ exercise + ai + seq_num + occupation + order_group + exercise:ai + ai:seq_num + exercise:order_group + (1 | part_id),342.872167,406.755537
factor(readability_both) ~ exercise + ai + seq_num + occupation + order_group + exercise:ai + exercise:seq_num + exercise:order_group + (1 | part_id),344.586750,408.470119
factor(readability_both) ~ exercise + ai + seq_num + occupation + order_group + ai:seq_num + exercise:seq_num + exercise:order_group + (1 | part_id),346.453992,410.337362
factor(readability_both) ~ exercise + ai + seq_num + occupation + order_group + exercise:ai + ai:seq_num + exercise:seq_num + exercise:order_group + (1 | part_id),343.306790,410.739235
factor(readability_both) ~ exercise + ai + seq_num + project_name + ipaq_category + occupation + (1 | part_id),343.332153,403.666447
factor(readability_both) ~ exercise + ai + seq_num + project_name + ipaq_category + occupation + exercise:ai + (1 | part_id),342.035381,405.918750
factor(readability_both) ~ exercise + ai + seq_num + project_name + ipaq_category + occupation + exercise:ipaq_category + (1 | part_id),345.627209,413.059655
factor(readability_both) ~ exercise + ai + seq_num + project_name + ipaq_category + occupation + ai:seq_num + (1 | part_id),342.587184,406.470553
factor(readability_both) ~ exercise + ai + seq_num + project_name + ipaq_category + occupation + exercise:seq_num + (1 | part_id),343.363721,407.247091
factor(readability_both) ~ exercise + ai + seq_num + project_name + ipaq_category + occupation + exercise:ai + exercise:ipaq_category + (1 | part_id),344.168007,415.149529
factor(readability_both) ~ exercise + ai + seq_num + project_name + ipaq_category + occupation + exercise:ai + ai:seq_num + (1 | part_id),340.408831,407.841277
factor(readability_both) ~ exercise + ai + seq_num + project_name + ipaq_category + occupation + exercise:ai + exercise:seq_num + (1 | part_id),341.536926,408.969371
factor(readability_both) ~ exercise + ai + seq_num + project_name + ipaq_category + occupation + exercise:ipaq_category + ai:seq_num + (1 | part_id),344.689480,415.671002
factor(readability_both) ~ exercise + ai + seq_num + project_name + ipaq_category + occupation + exercise:ipaq_category + exercise:seq_num + (1 | part_id),345.974050,416.955572
factor(readability_both) ~ exercise + ai + seq_num + project_name + ipaq_category + occupation + ai:seq_num + exercise:seq_num + (1 | part_id),342.405014,409.837460
factor(readability_both) ~ exercise + ai + seq_num + project_name + ipaq_category + occupation + exercise:ai + exercise:ipaq_category + ai:seq_num + (1 | part_id),342.266802,416.797400
factor(readability_both) ~ exercise + ai + seq_num + project_name + ipaq_category + occupation + exercise:ai + exercise:ipaq_category + exercise:seq_num + (1 | part_id),344.052399,418.582997
factor(readability_both) ~ exercise + ai + seq_num + project_name + ipaq_category + occupation + exercise:ai + ai:seq_num + exercise:seq_num + (1 | part_id),338.706428,409.687950
factor(readability_both) ~ exercise + ai + seq_num + project_name + ipaq_category + occupation + exercise:ipaq_category + ai:seq_num + exercise:seq_num + (1 | part_id),344.835916,419.366513
factor(readability_both) ~ exercise + ai + seq_num + project_name + ipaq_category + occupation + exercise:ai + exercise:ipaq_category + ai:seq_num + exercise:seq_num + (1 | part_id),340.971430,419.051104
factor(readability_both) ~ exercise + ai + seq_num + project_name + ipaq_category + order_group + (1 | part_id),341.701788,387.839777
factor(readability_both) ~ exercise + ai + seq_num + project_name + ipaq_category + order_group + exercise:ai + (1 | part_id),340.538445,390.225511
factor(readability_both) ~ exercise + ai + seq_num + project_name + ipaq_category + order_group + exercise:ipaq_category + (1 | part_id),344.019749,397.255890
factor(readability_both) ~ exercise + ai + seq_num + project_name + ipaq_category + order_group + ai:seq_num + (1 | part_id),340.792106,390.479171
factor(readability_both) ~ exercise + ai + seq_num + project_name + ipaq_category + order_group + exercise:seq_num + (1 | part_id),341.812134,391.499199
factor(readability_both) ~ exercise + ai + seq_num + project_name + ipaq_category + order_group + exercise:order_group + (1 | part_id),343.684497,393.371562
factor(readability_both) ~ exercise + ai + seq_num + project_name + ipaq_category + order_group + exercise:ai + exercise:ipaq_category + (1 | part_id),342.665735,399.450952
factor(readability_both) ~ exercise + ai + seq_num + project_name + ipaq_category + order_group + exercise:ai + ai:seq_num + (1 | part_id),338.683045,391.919187
factor(readability_both) ~ exercise + ai + seq_num + project_name + ipaq_category + order_group + exercise:ai + exercise:seq_num + (1 | part_id),340.747907,393.984049
factor(readability_both) ~ exercise + ai + seq_num + project_name + ipaq_category + order_group + exercise:ai + exercise:order_group + (1 | part_id),342.514869,395.751011
factor(readability_both) ~ exercise + ai + seq_num + project_name + ipaq_category + order_group + exercise:ipaq_category + ai:seq_num + (1 | part_id),342.972546,399.757763
factor(readability_both) ~ exercise + ai + seq_num + project_name + ipaq_category + order_group + exercise:ipaq_category + exercise:seq_num + (1 | part_id),344.310065,401.095282
factor(readability_both) ~ exercise + ai + seq_num + project_name + ipaq_category + order_group + exercise:ipaq_category + exercise:order_group + (1 | part_id),345.938359,402.723576
factor(readability_both) ~ exercise + ai + seq_num + project_name + ipaq_category + order_group + ai:seq_num + exercise:seq_num + (1 | part_id),340.634526,393.870667
factor(readability_both) ~ exercise + ai + seq_num + project_name + ipaq_category + order_group + ai:seq_num + exercise:order_group + (1 | part_id),342.790455,396.026596
factor(readability_both) ~ exercise + ai + seq_num + project_name + ipaq_category + order_group + exercise:seq_num + exercise:order_group + (1 | part_id),343.803613,397.039755
factor(readability_both) ~ exercise + ai + seq_num + project_name + ipaq_category + order_group + exercise:ai + exercise:ipaq_category + ai:seq_num + (1 | part_id),340.618715,400.953008
factor(readability_both) ~ exercise + ai + seq_num + project_name + ipaq_category + order_group + exercise:ai + exercise:ipaq_category + exercise:seq_num + (1 | part_id),343.091892,403.426186
factor(readability_both) ~ exercise + ai + seq_num + project_name + ipaq_category + order_group + exercise:ai + exercise:ipaq_category + exercise:order_group + (1 | part_id),344.568579,404.902872
factor(readability_both) ~ exercise + ai + seq_num + project_name + ipaq_category + order_group + exercise:ai + ai:seq_num + exercise:seq_num + (1 | part_id),338.107058,394.892276
factor(readability_both) ~ exercise + ai + seq_num + project_name + ipaq_category + order_group + exercise:ai + ai:seq_num + exercise:order_group + (1 | part_id),340.682115,397.467332
factor(readability_both) ~ exercise + ai + seq_num + project_name + ipaq_category + order_group + exercise:ai + exercise:seq_num + exercise:order_group + (1 | part_id),342.736975,399.522193
factor(readability_both) ~ exercise + ai + seq_num + project_name + ipaq_category + order_group + exercise:ipaq_category + ai:seq_num + exercise:seq_num + (1 | part_id),343.000503,403.334796
factor(readability_both) ~ exercise + ai + seq_num + project_name + ipaq_category + order_group + exercise:ipaq_category + ai:seq_num + exercise:order_group + (1 | part_id),344.962284,405.296577
factor(readability_both) ~ exercise + ai + seq_num + project_name + ipaq_category + order_group + exercise:ipaq_category + exercise:seq_num + exercise:order_group + (1 | part_id),346.262247,406.596540
factor(readability_both) ~ exercise + ai + seq_num + project_name + ipaq_category + order_group + ai:seq_num + exercise:seq_num + exercise:order_group + (1 | part_id),342.625589,399.410807
factor(readability_both) ~ exercise + ai + seq_num + project_name + ipaq_category + order_group + exercise:ai + exercise:ipaq_category + ai:seq_num + exercise:seq_num + (1 | part_id),340.256492,404.139862
factor(readability_both) ~ exercise + ai + seq_num + project_name + ipaq_category + order_group + exercise:ai + exercise:ipaq_category + ai:seq_num + exercise:order_group + (1 | part_id),342.605340,406.488709
factor(readability_both) ~ exercise + ai + seq_num + project_name + ipaq_category + order_group + exercise:ai + exercise:ipaq_category + exercise:seq_num + exercise:order_group + (1 | part_id),345.036739,408.920108
factor(readability_both) ~ exercise + ai + seq_num + project_name + ipaq_category + order_group + exercise:ai + ai:seq_num + exercise:seq_num + exercise:order_group + (1 | part_id),340.093880,400.428173
factor(readability_both) ~ exercise + ai + seq_num + project_name + ipaq_category + order_group + exercise:ipaq_category + ai:seq_num + exercise:seq_num + exercise:order_group + (1 | part_id),344.999964,408.883334
factor(readability_both) ~ exercise + ai + seq_num + project_name + ipaq_category + order_group + exercise:ai + exercise:ipaq_category + ai:seq_num + exercise:seq_num + exercise:order_group + (1 | part_id),342.256486,409.688932
factor(readability_both) ~ exercise + ai + seq_num + project_name + occupation + order_group + (1 | part_id),341.145742,397.930960
factor(readability_both) ~ exercise + ai + seq_num + project_name + occupation + order_group + exercise:ai + (1 | part_id),339.566983,399.901276
factor(readability_both) ~ exercise + ai + seq_num + project_name + occupation + order_group + ai:seq_num + (1 | part_id),340.672122,401.006416
factor(readability_both) ~ exercise + ai + seq_num + project_name + occupation + order_group + exercise:seq_num + (1 | part_id),341.326461,401.660754
factor(readability_both) ~ exercise + ai + seq_num + project_name + occupation + order_group + exercise:order_group + (1 | part_id),343.134761,403.469054
factor(readability_both) ~ exercise + ai + seq_num + project_name + occupation + order_group + exercise:ai + ai:seq_num + (1 | part_id),338.211198,402.094567
factor(readability_both) ~ exercise + ai + seq_num + project_name + occupation + order_group + exercise:ai + exercise:seq_num + (1 | part_id),339.894626,403.777995
factor(readability_both) ~ exercise + ai + seq_num + project_name + occupation + order_group + exercise:ai + exercise:order_group + (1 | part_id),341.555948,405.439318
factor(readability_both) ~ exercise + ai + seq_num + project_name + occupation + order_group + ai:seq_num + exercise:seq_num + (1 | part_id),340.673813,404.557183
factor(readability_both) ~ exercise + ai + seq_num + project_name + occupation + order_group + ai:seq_num + exercise:order_group + (1 | part_id),342.669044,406.552413
factor(readability_both) ~ exercise + ai + seq_num + project_name + occupation + order_group + exercise:seq_num + exercise:order_group + (1 | part_id),343.322501,407.205871
factor(readability_both) ~ exercise + ai + seq_num + project_name + occupation + order_group + exercise:ai + ai:seq_num + exercise:seq_num + (1 | part_id),337.946654,405.379099
factor(readability_both) ~ exercise + ai + seq_num + project_name + occupation + order_group + exercise:ai + ai:seq_num + exercise:order_group + (1 | part_id),340.206294,407.638740
factor(readability_both) ~ exercise + ai + seq_num + project_name + occupation + order_group + exercise:ai + exercise:seq_num + exercise:order_group + (1 | part_id),341.892323,409.324769
factor(readability_both) ~ exercise + ai + seq_num + project_name + occupation + order_group + ai:seq_num + exercise:seq_num + exercise:order_group + (1 | part_id),342.661848,410.094294
factor(readability_both) ~ exercise + ai + seq_num + project_name + occupation + order_group + exercise:ai + ai:seq_num + exercise:seq_num + exercise:order_group + (1 | part_id),339.920786,410.902307
factor(readability_both) ~ exercise + ai + seq_num + ipaq_category + occupation + order_group + (1 | part_id),347.549505,407.883798
factor(readability_both) ~ exercise + ai + seq_num + ipaq_category + occupation + order_group + exercise:ai + (1 | part_id),345.065386,408.948755
factor(readability_both) ~ exercise + ai + seq_num + ipaq_category + occupation + order_group + exercise:ipaq_category + (1 | part_id),349.015428,416.447874
factor(readability_both) ~ exercise + ai + seq_num + ipaq_category + occupation + order_group + ai:seq_num + (1 | part_id),347.172988,411.056358
factor(readability_both) ~ exercise + ai + seq_num + ipaq_category + occupation + order_group + exercise:seq_num + (1 | part_id),348.316831,412.200200
factor(readability_both) ~ exercise + ai + seq_num + ipaq_category + occupation + order_group + exercise:order_group + (1 | part_id),349.483221,413.366591
factor(readability_both) ~ exercise + ai + seq_num + ipaq_category + occupation + order_group + exercise:ai + exercise:ipaq_category + (1 | part_id),346.567373,417.548895
factor(readability_both) ~ exercise + ai + seq_num + ipaq_category + occupation + order_group + exercise:ai + ai:seq_num + (1 | part_id),343.294905,410.727351
factor(readability_both) ~ exercise + ai + seq_num + ipaq_category + occupation + order_group + exercise:ai + exercise:seq_num + (1 | part_id),345.867977,413.300423
factor(readability_both) ~ exercise + ai + seq_num + ipaq_category + occupation + order_group + exercise:ai + exercise:order_group + (1 | part_id),347.011363,414.443808
factor(readability_both) ~ exercise + ai + seq_num + ipaq_category + occupation + order_group + exercise:ipaq_category + ai:seq_num + (1 | part_id),348.404553,419.386075
factor(readability_both) ~ exercise + ai + seq_num + ipaq_category + occupation + order_group + exercise:ipaq_category + exercise:seq_num + (1 | part_id),349.883027,420.864548
factor(readability_both) ~ exercise + ai + seq_num + ipaq_category + occupation + order_group + exercise:ipaq_category + exercise:order_group + (1 | part_id),350.872753,421.854274
factor(readability_both) ~ exercise + ai + seq_num + ipaq_category + occupation + order_group + ai:seq_num + exercise:seq_num + (1 | part_id),347.820884,415.253329
factor(readability_both) ~ exercise + ai + seq_num + ipaq_category + occupation + order_group + ai:seq_num + exercise:order_group + (1 | part_id),349.160242,416.592687
factor(readability_both) ~ exercise + ai + seq_num + ipaq_category + occupation + order_group + exercise:seq_num + exercise:order_group + (1 | part_id),350.252291,417.684737
factor(readability_both) ~ exercise + ai + seq_num + ipaq_category + occupation + order_group + exercise:ai + exercise:ipaq_category + ai:seq_num + (1 | part_id),344.516384,419.046982
factor(readability_both) ~ exercise + ai + seq_num + ipaq_category + occupation + order_group + exercise:ai + exercise:ipaq_category + exercise:seq_num + (1 | part_id),347.493505,422.024103
factor(readability_both) ~ exercise + ai + seq_num + ipaq_category + occupation + order_group + exercise:ai + exercise:ipaq_category + exercise:order_group + (1 | part_id),348.452391,422.982988
factor(readability_both) ~ exercise + ai + seq_num + ipaq_category + occupation + order_group + exercise:ai + ai:seq_num + exercise:seq_num + (1 | part_id),343.480881,414.462403
factor(readability_both) ~ exercise + ai + seq_num + ipaq_category + occupation + order_group + exercise:ai + ai:seq_num + exercise:order_group + (1 | part_id),345.291849,416.273371
factor(readability_both) ~ exercise + ai + seq_num + ipaq_category + occupation + order_group + exercise:ai + exercise:seq_num + exercise:order_group + (1 | part_id),347.822480,418.804002
factor(readability_both) ~ exercise + ai + seq_num + ipaq_category + occupation + order_group + exercise:ipaq_category + ai:seq_num + exercise:seq_num + (1 | part_id),349.141597,423.672195
factor(readability_both) ~ exercise + ai + seq_num + ipaq_category + occupation + order_group + exercise:ipaq_category + ai:seq_num + exercise:order_group + (1 | part_id),350.353702,424.884299
factor(readability_both) ~ exercise + ai + seq_num + ipaq_category + occupation + order_group + exercise:ipaq_category + exercise:seq_num + exercise:order_group + (1 | part_id),351.757230,426.287827
factor(readability_both) ~ exercise + ai + seq_num + ipaq_category + occupation + order_group + ai:seq_num + exercise:seq_num + exercise:order_group + (1 | part_id),349.810588,420.792110
factor(readability_both) ~ exercise + ai + seq_num + ipaq_category + occupation + order_group + exercise:ai + exercise:ipaq_category + ai:seq_num + exercise:seq_num + (1 | part_id),344.821351,422.901025
factor(readability_both) ~ exercise + ai + seq_num + ipaq_category + occupation + order_group + exercise:ai + exercise:ipaq_category + ai:seq_num + exercise:order_group + (1 | part_id),346.494169,424.573843
factor(readability_both) ~ exercise + ai + seq_num + ipaq_category + occupation + order_group + exercise:ai + exercise:ipaq_category + exercise:seq_num + exercise:order_group + (1 | part_id),349.403998,427.483672
factor(readability_both) ~ exercise + ai + seq_num + ipaq_category + occupation + order_group + exercise:ai + ai:seq_num + exercise:seq_num + exercise:order_group + (1 | part_id),345.480836,420.011434
factor(readability_both) ~ exercise + ai + seq_num + ipaq_category + occupation + order_group + exercise:ipaq_category + ai:seq_num + exercise:seq_num + exercise:order_group + (1 | part_id),351.102543,429.182217
factor(readability_both) ~ exercise + ai + seq_num + ipaq_category + occupation + order_group + exercise:ai + exercise:ipaq_category + ai:seq_num + exercise:seq_num + exercise:order_group + (1 | part_id),346.815164,428.443914
factor(readability_both) ~ exercise + ai + seq_num + project_name + ipaq_category + occupation + order_group + (1 | part_id),344.950198,408.833567
factor(readability_both) ~ exercise + ai + seq_num + project_name + ipaq_category + occupation + order_group + exercise:ai + (1 | part_id),343.187590,410.620035
factor(readability_both) ~ exercise + ai + seq_num + project_name + ipaq_category + occupation + order_group + exercise:ipaq_category + (1 | part_id),347.348745,418.330266
factor(readability_both) ~ exercise + ai + seq_num + project_name + ipaq_category + occupation + order_group + ai:seq_num + (1 | part_id),344.154935,411.587381
factor(readability_both) ~ exercise + ai + seq_num + project_name + ipaq_category + occupation + order_group + exercise:seq_num + (1 | part_id),345.162140,412.594586
factor(readability_both) ~ exercise + ai + seq_num + project_name + ipaq_category + occupation + order_group + exercise:order_group + (1 | part_id),346.937963,414.370408
factor(readability_both) ~ exercise + ai + seq_num + project_name + ipaq_category + occupation + order_group + exercise:ai + exercise:ipaq_category + (1 | part_id),345.486186,420.016784
factor(readability_both) ~ exercise + ai + seq_num + project_name + ipaq_category + occupation + order_group + exercise:ai + ai:seq_num + (1 | part_id),341.117526,412.099048
factor(readability_both) ~ exercise + ai + seq_num + project_name + ipaq_category + occupation + order_group + exercise:ai + exercise:seq_num + (1 | part_id),343.492086,414.473608
factor(readability_both) ~ exercise + ai + seq_num + project_name + ipaq_category + occupation + order_group + exercise:ai + exercise:order_group + (1 | part_id),345.172349,416.153871
factor(readability_both) ~ exercise + ai + seq_num + project_name + ipaq_category + occupation + order_group + exercise:ipaq_category + ai:seq_num + (1 | part_id),346.372655,420.903253
factor(readability_both) ~ exercise + ai + seq_num + project_name + ipaq_category + occupation + order_group + exercise:ipaq_category + exercise:seq_num + (1 | part_id),347.748122,422.278720
factor(readability_both) ~ exercise + ai + seq_num + project_name + ipaq_category + occupation + order_group + exercise:ipaq_category + exercise:order_group + (1 | part_id),349.278496,423.809094
factor(readability_both) ~ exercise + ai + seq_num + project_name + ipaq_category + occupation + order_group + ai:seq_num + exercise:seq_num + (1 | part_id),344.177598,415.159120
factor(readability_both) ~ exercise + ai + seq_num + project_name + ipaq_category + occupation + order_group + ai:seq_num + exercise:order_group + (1 | part_id),346.155178,417.136700
factor(readability_both) ~ exercise + ai + seq_num + project_name + ipaq_category + occupation + order_group + exercise:seq_num + exercise:order_group + (1 | part_id),347.157189,418.138711
factor(readability_both) ~ exercise + ai + seq_num + project_name + ipaq_category + occupation + order_group + exercise:ai + exercise:ipaq_category + ai:seq_num + (1 | part_id),343.160168,421.239842
factor(readability_both) ~ exercise + ai + seq_num + project_name + ipaq_category + occupation + order_group + exercise:ai + exercise:ipaq_category + exercise:seq_num + (1 | part_id),345.996230,424.075904
factor(readability_both) ~ exercise + ai + seq_num + project_name + ipaq_category + occupation + order_group + exercise:ai + exercise:ipaq_category + exercise:order_group + (1 | part_id),347.413897,425.493570
factor(readability_both) ~ exercise + ai + seq_num + project_name + ipaq_category + occupation + order_group + exercise:ai + ai:seq_num + exercise:seq_num + (1 | part_id),340.656243,415.186841
factor(readability_both) ~ exercise + ai + seq_num + project_name + ipaq_category + occupation + order_group + exercise:ai + ai:seq_num + exercise:order_group + (1 | part_id),343.114392,417.644990
factor(readability_both) ~ exercise + ai + seq_num + project_name + ipaq_category + occupation + order_group + exercise:ai + exercise:seq_num + exercise:order_group + (1 | part_id),345.487010,420.017607
factor(readability_both) ~ exercise + ai + seq_num + project_name + ipaq_category + occupation + order_group + exercise:ipaq_category + ai:seq_num + exercise:seq_num + (1 | part_id),346.572062,424.651736
factor(readability_both) ~ exercise + ai + seq_num + project_name + ipaq_category + occupation + order_group + exercise:ipaq_category + ai:seq_num + exercise:order_group + (1 | part_id),348.364189,426.443863
factor(readability_both) ~ exercise + ai + seq_num + project_name + ipaq_category + occupation + order_group + exercise:ipaq_category + exercise:seq_num + exercise:order_group + (1 | part_id),349.708078,427.787752
factor(readability_both) ~ exercise + ai + seq_num + project_name + ipaq_category + occupation + order_group + ai:seq_num + exercise:seq_num + exercise:order_group + (1 | part_id),346.167293,420.697891
factor(readability_both) ~ exercise + ai + seq_num + project_name + ipaq_category + occupation + order_group + exercise:ai + exercise:ipaq_category + ai:seq_num + exercise:seq_num + (1 | part_id),342.905989,424.534739
factor(readability_both) ~ exercise + ai + seq_num + project_name + ipaq_category + occupation + order_group + exercise:ai + exercise:ipaq_category + ai:seq_num + exercise:order_group + (1 | part_id),345.154561,426.783311
factor(readability_both) ~ exercise + ai + seq_num + project_name + ipaq_category + occupation + order_group + exercise:ai + exercise:ipaq_category + exercise:seq_num + exercise:order_group + (1 | part_id),347.959224,429.587974
factor(readability_both) ~ exercise + ai + seq_num + project_name + ipaq_category + occupation + order_group + exercise:ai + ai:seq_num + exercise:seq_num + exercise:order_group + (1 | part_id),342.635933,420.715607
factor(readability_both) ~ exercise + ai + seq_num + project_name + ipaq_category + occupation + order_group + exercise:ipaq_category + ai:seq_num + exercise:seq_num + exercise:order_group + (1 | part_id),348.571609,430.200359
factor(readability_both) ~ exercise + ai + seq_num + project_name + ipaq_category + occupation + order_group + exercise:ai + exercise:ipaq_category + ai:seq_num + exercise:seq_num + exercise:order_group + (1 | part_id),344.904720,430.082546
