formula,AIC,BIC
sqrt(duration) ~ (1|part_id),694.155407,702.492777
sqrt(duration) ~ (1|stim_src_id),708.922926,717.260297
sqrt(duration) ~ (1|part_id:exercise),684.657674,692.995045
sqrt(duration) ~ (1|part_id:ipaq_category),694.155407,702.492777
sqrt(duration) ~ (1|part_id:ai),684.657674,692.995045
sqrt(duration) ~ (1|part_id:ai:exercise),684.657674,692.995045
sqrt(duration) ~ (1|part_id) + (1|stim_src_id),696.155407,707.271901
sqrt(duration) ~ (1|part_id) + (1|part_id:exercise),684.919887,696.036381
sqrt(duration) ~ (1|part_id) + (1|part_id:ipaq_category),696.155407,707.271901
sqrt(duration) ~ (1|part_id) + (1|part_id:ai),684.919887,696.036381
sqrt(duration) ~ (1|part_id) + (1|part_id:ai:exercise),684.919887,696.036381
sqrt(duration) ~ (1|stim_src_id) + (1|part_id:exercise),686.548006,697.664500
sqrt(duration) ~ (1|stim_src_id) + (1|part_id:ipaq_category),696.155407,707.271901
sqrt(duration) ~ (1|stim_src_id) + (1|part_id:ai),686.548006,697.664500
sqrt(duration) ~ (1|stim_src_id) + (1|part_id:ai:exercise),686.548006,697.664500
sqrt(duration) ~ (1|part_id:exercise) + (1|part_id:ipaq_category),684.919887,696.036381
sqrt(duration) ~ (1|part_id:exercise) + (1|part_id:ai),686.657674,697.774168
sqrt(duration) ~ (1|part_id:exercise) + (1|part_id:ai:exercise),686.657674,697.774168
sqrt(duration) ~ (1|part_id:ipaq_category) + (1|part_id:ai),684.919887,696.036381
sqrt(duration) ~ (1|part_id:ipaq_category) + (1|part_id:ai:exercise),684.919887,696.036381
sqrt(duration) ~ (1|part_id:ai) + (1|part_id:ai:exercise),686.657674,697.774168
sqrt(duration) ~ (1|part_id) + (1|stim_src_id) + (1|part_id:exercise),686.900323,700.795940
sqrt(duration) ~ (1|part_id) + (1|stim_src_id) + (1|part_id:ipaq_category),698.155407,712.051024
sqrt(duration) ~ (1|part_id) + (1|stim_src_id) + (1|part_id:ai),686.900323,700.795940
sqrt(duration) ~ (1|part_id) + (1|stim_src_id) + (1|part_id:ai:exercise),686.900323,700.795940
sqrt(duration) ~ (1|part_id) + (1|part_id:exercise) + (1|part_id:ipaq_category),686.919887,700.815504
sqrt(duration) ~ (1|part_id) + (1|part_id:exercise) + (1|part_id:ai),686.919887,700.815504
sqrt(duration) ~ (1|part_id) + (1|part_id:exercise) + (1|part_id:ai:exercise),686.919887,700.815504
sqrt(duration) ~ (1|part_id) + (1|part_id:ipaq_category) + (1|part_id:ai),686.919887,700.815504
sqrt(duration) ~ (1|part_id) + (1|part_id:ipaq_category) + (1|part_id:ai:exercise),686.919887,700.815504
sqrt(duration) ~ (1|part_id) + (1|part_id:ai) + (1|part_id:ai:exercise),686.919887,700.815504
sqrt(duration) ~ (1|stim_src_id) + (1|part_id:exercise) + (1|part_id:ipaq_category),686.900323,700.795940
sqrt(duration) ~ (1|stim_src_id) + (1|part_id:exercise) + (1|part_id:ai),688.548006,702.443623
sqrt(duration) ~ (1|stim_src_id) + (1|part_id:exercise) + (1|part_id:ai:exercise),688.548006,702.443623
sqrt(duration) ~ (1|stim_src_id) + (1|part_id:ipaq_category) + (1|part_id:ai),686.900323,700.795940
sqrt(duration) ~ (1|stim_src_id) + (1|part_id:ipaq_category) + (1|part_id:ai:exercise),686.900323,700.795940
sqrt(duration) ~ (1|stim_src_id) + (1|part_id:ai) + (1|part_id:ai:exercise),688.548006,702.443623
sqrt(duration) ~ (1|part_id:exercise) + (1|part_id:ipaq_category) + (1|part_id:ai),686.919887,700.815504
sqrt(duration) ~ (1|part_id:exercise) + (1|part_id:ipaq_category) + (1|part_id:ai:exercise),686.919887,700.815504
sqrt(duration) ~ (1|part_id:exercise) + (1|part_id:ai) + (1|part_id:ai:exercise),688.657674,702.553292
sqrt(duration) ~ (1|part_id:ipaq_category) + (1|part_id:ai) + (1|part_id:ai:exercise),686.919887,700.815504
sqrt(duration) ~ (1|part_id) + (1|stim_src_id) + (1|part_id:exercise) + (1|part_id:ipaq_category),688.900323,705.575064
sqrt(duration) ~ (1|part_id) + (1|stim_src_id) + (1|part_id:exercise) + (1|part_id:ai),688.900323,705.575064
sqrt(duration) ~ (1|part_id) + (1|stim_src_id) + (1|part_id:exercise) + (1|part_id:ai:exercise),688.900323,705.575064
sqrt(duration) ~ (1|part_id) + (1|stim_src_id) + (1|part_id:ipaq_category) + (1|part_id:ai),688.900323,705.575064
sqrt(duration) ~ (1|part_id) + (1|stim_src_id) + (1|part_id:ipaq_category) + (1|part_id:ai:exercise),688.900323,705.575064
sqrt(duration) ~ (1|part_id) + (1|stim_src_id) + (1|part_id:ai) + (1|part_id:ai:exercise),688.900323,705.575064
sqrt(duration) ~ (1|part_id) + (1|part_id:exercise) + (1|part_id:ipaq_category) + (1|part_id:ai),688.919887,705.594628
sqrt(duration) ~ (1|part_id) + (1|part_id:exercise) + (1|part_id:ipaq_category) + (1|part_id:ai:exercise),688.919887,705.594628
sqrt(duration) ~ (1|part_id) + (1|part_id:exercise) + (1|part_id:ai) + (1|part_id:ai:exercise),688.919887,705.594628
sqrt(duration) ~ (1|part_id) + (1|part_id:ipaq_category) + (1|part_id:ai) + (1|part_id:ai:exercise),688.919887,705.594628
sqrt(duration) ~ (1|stim_src_id) + (1|part_id:exercise) + (1|part_id:ipaq_category) + (1|part_id:ai),688.900323,705.575064
sqrt(duration) ~ (1|stim_src_id) + (1|part_id:exercise) + (1|part_id:ipaq_category) + (1|part_id:ai:exercise),688.900323,705.575064
sqrt(duration) ~ (1|stim_src_id) + (1|part_id:exercise) + (1|part_id:ai) + (1|part_id:ai:exercise),690.548006,707.222747
sqrt(duration) ~ (1|stim_src_id) + (1|part_id:ipaq_category) + (1|part_id:ai) + (1|part_id:ai:exercise),688.900323,705.575064
sqrt(duration) ~ (1|part_id:exercise) + (1|part_id:ipaq_category) + (1|part_id:ai) + (1|part_id:ai:exercise),688.919887,705.594628
sqrt(duration) ~ (1|part_id) + (1|stim_src_id) + (1|part_id:exercise) + (1|part_id:ipaq_category) + (1|part_id:ai),690.900323,710.354187
sqrt(duration) ~ (1|part_id) + (1|stim_src_id) + (1|part_id:exercise) + (1|part_id:ipaq_category) + (1|part_id:ai:exercise),690.900323,710.354187
sqrt(duration) ~ (1|part_id) + (1|stim_src_id) + (1|part_id:exercise) + (1|part_id:ai) + (1|part_id:ai:exercise),690.900323,710.354187
sqrt(duration) ~ (1|part_id) + (1|stim_src_id) + (1|part_id:ipaq_category) + (1|part_id:ai) + (1|part_id:ai:exercise),690.900323,710.354187
sqrt(duration) ~ (1|part_id) + (1|part_id:exercise) + (1|part_id:ipaq_category) + (1|part_id:ai) + (1|part_id:ai:exercise),690.919887,710.373751
sqrt(duration) ~ (1|stim_src_id) + (1|part_id:exercise) + (1|part_id:ipaq_category) + (1|part_id:ai) + (1|part_id:ai:exercise),690.900323,710.354187
sqrt(duration) ~ (1|part_id) + (1|stim_src_id) + (1|part_id:exercise) + (1|part_id:ipaq_category) + (1|part_id:ai) + (1|part_id:ai:exercise),692.900323,715.133311
sqrt(duration) ~ exercise + (1|part_id),693.289673,704.406167
sqrt(duration) ~ exercise + (1|stim_src_id),708.507539,719.624033
sqrt(duration) ~ exercise + (1|part_id:exercise),685.664153,696.780647
sqrt(duration) ~ exercise + (1|part_id:ipaq_category),693.289673,704.406167
sqrt(duration) ~ exercise + (1|part_id:ai),685.664153,696.780647
sqrt(duration) ~ exercise + (1|part_id:ai:exercise),685.664153,696.780647
sqrt(duration) ~ exercise + (1|part_id) + (1|stim_src_id),695.188616,709.084233
sqrt(duration) ~ exercise + (1|part_id) + (1|part_id:exercise),685.254979,699.150596
sqrt(duration) ~ exercise + (1|part_id) + (1|part_id:ipaq_category),695.289673,709.185290
sqrt(duration) ~ exercise + (1|part_id) + (1|part_id:ai),685.254979,699.150596
sqrt(duration) ~ exercise + (1|part_id) + (1|part_id:ai:exercise),685.254979,699.150596
sqrt(duration) ~ exercise + (1|stim_src_id) + (1|part_id:exercise),687.463847,701.359464
sqrt(duration) ~ exercise + (1|stim_src_id) + (1|part_id:ipaq_category),695.188616,709.084233
sqrt(duration) ~ exercise + (1|stim_src_id) + (1|part_id:ai),687.463847,701.359464
sqrt(duration) ~ exercise + (1|stim_src_id) + (1|part_id:ai:exercise),687.463847,701.359464
sqrt(duration) ~ exercise + (1|part_id:exercise) + (1|part_id:ipaq_category),685.254979,699.150596
sqrt(duration) ~ exercise + (1|part_id:exercise) + (1|part_id:ai),687.664153,701.559771
sqrt(duration) ~ exercise + (1|part_id:exercise) + (1|part_id:ai:exercise),687.664153,701.559771
sqrt(duration) ~ exercise + (1|part_id:ipaq_category) + (1|part_id:ai),685.254979,699.150596
sqrt(duration) ~ exercise + (1|part_id:ipaq_category) + (1|part_id:ai:exercise),685.254979,699.150596
sqrt(duration) ~ exercise + (1|part_id:ai) + (1|part_id:ai:exercise),687.664153,701.559771
sqrt(duration) ~ exercise + (1|part_id) + (1|stim_src_id) + (1|part_id:exercise),687.160616,703.835357
sqrt(duration) ~ exercise + (1|part_id) + (1|stim_src_id) + (1|part_id:ipaq_category),697.188615,713.863356
sqrt(duration) ~ exercise + (1|part_id) + (1|stim_src_id) + (1|part_id:ai),687.160616,703.835357
sqrt(duration) ~ exercise + (1|part_id) + (1|stim_src_id) + (1|part_id:ai:exercise),687.160616,703.835357
sqrt(duration) ~ exercise + (1|part_id) + (1|part_id:exercise) + (1|part_id:ipaq_category),687.254979,703.929720
sqrt(duration) ~ exercise + (1|part_id) + (1|part_id:exercise) + (1|part_id:ai),687.254979,703.929720
sqrt(duration) ~ exercise + (1|part_id) + (1|part_id:exercise) + (1|part_id:ai:exercise),687.254979,703.929720
sqrt(duration) ~ exercise + (1|part_id) + (1|part_id:ipaq_category) + (1|part_id:ai),687.254979,703.929720
sqrt(duration) ~ exercise + (1|part_id) + (1|part_id:ipaq_category) + (1|part_id:ai:exercise),687.254979,703.929720
sqrt(duration) ~ exercise + (1|part_id) + (1|part_id:ai) + (1|part_id:ai:exercise),687.254979,703.929720
sqrt(duration) ~ exercise + (1|stim_src_id) + (1|part_id:exercise) + (1|part_id:ipaq_category),687.160616,703.835357
sqrt(duration) ~ exercise + (1|stim_src_id) + (1|part_id:exercise) + (1|part_id:ai),689.463847,706.138588
sqrt(duration) ~ exercise + (1|stim_src_id) + (1|part_id:exercise) + (1|part_id:ai:exercise),689.463847,706.138588
sqrt(duration) ~ exercise + (1|stim_src_id) + (1|part_id:ipaq_category) + (1|part_id:ai),687.160616,703.835357
sqrt(duration) ~ exercise + (1|stim_src_id) + (1|part_id:ipaq_category) + (1|part_id:ai:exercise),687.160616,703.835357
sqrt(duration) ~ exercise + (1|stim_src_id) + (1|part_id:ai) + (1|part_id:ai:exercise),689.463847,706.138588
sqrt(duration) ~ exercise + (1|part_id:exercise) + (1|part_id:ipaq_category) + (1|part_id:ai),687.254979,703.929720
sqrt(duration) ~ exercise + (1|part_id:exercise) + (1|part_id:ipaq_category) + (1|part_id:ai:exercise),687.254979,703.929720
sqrt(duration) ~ exercise + (1|part_id:exercise) + (1|part_id:ai) + (1|part_id:ai:exercise),689.664153,706.338894
sqrt(duration) ~ exercise + (1|part_id:ipaq_category) + (1|part_id:ai) + (1|part_id:ai:exercise),687.254979,703.929720
sqrt(duration) ~ exercise + (1|part_id) + (1|stim_src_id) + (1|part_id:exercise) + (1|part_id:ipaq_category),689.160616,708.614480
sqrt(duration) ~ exercise + (1|part_id) + (1|stim_src_id) + (1|part_id:exercise) + (1|part_id:ai),689.160616,708.614480
sqrt(duration) ~ exercise + (1|part_id) + (1|stim_src_id) + (1|part_id:exercise) + (1|part_id:ai:exercise),689.160616,708.614480
sqrt(duration) ~ exercise + (1|part_id) + (1|stim_src_id) + (1|part_id:ipaq_category) + (1|part_id:ai),689.160616,708.614480
sqrt(duration) ~ exercise + (1|part_id) + (1|stim_src_id) + (1|part_id:ipaq_category) + (1|part_id:ai:exercise),689.160616,708.614480
sqrt(duration) ~ exercise + (1|part_id) + (1|stim_src_id) + (1|part_id:ai) + (1|part_id:ai:exercise),689.160616,708.614480
sqrt(duration) ~ exercise + (1|part_id) + (1|part_id:exercise) + (1|part_id:ipaq_category) + (1|part_id:ai),689.254979,708.708843
sqrt(duration) ~ exercise + (1|part_id) + (1|part_id:exercise) + (1|part_id:ipaq_category) + (1|part_id:ai:exercise),689.254979,708.708843
sqrt(duration) ~ exercise + (1|part_id) + (1|part_id:exercise) + (1|part_id:ai) + (1|part_id:ai:exercise),689.254979,708.708843
sqrt(duration) ~ exercise + (1|part_id) + (1|part_id:ipaq_category) + (1|part_id:ai) + (1|part_id:ai:exercise),689.254979,708.708843
sqrt(duration) ~ exercise + (1|stim_src_id) + (1|part_id:exercise) + (1|part_id:ipaq_category) + (1|part_id:ai),689.160616,708.614480
sqrt(duration) ~ exercise + (1|stim_src_id) + (1|part_id:exercise) + (1|part_id:ipaq_category) + (1|part_id:ai:exercise),689.160616,708.614480
sqrt(duration) ~ exercise + (1|stim_src_id) + (1|part_id:exercise) + (1|part_id:ai) + (1|part_id:ai:exercise),691.463847,710.917711
sqrt(duration) ~ exercise + (1|stim_src_id) + (1|part_id:ipaq_category) + (1|part_id:ai) + (1|part_id:ai:exercise),689.160616,708.614480
sqrt(duration) ~ exercise + (1|part_id:exercise) + (1|part_id:ipaq_category) + (1|part_id:ai) + (1|part_id:ai:exercise),689.254979,708.708843
sqrt(duration) ~ exercise + (1|part_id) + (1|stim_src_id) + (1|part_id:exercise) + (1|part_id:ipaq_category) + (1|part_id:ai),691.160616,713.393604
sqrt(duration) ~ exercise + (1|part_id) + (1|stim_src_id) + (1|part_id:exercise) + (1|part_id:ipaq_category) + (1|part_id:ai:exercise),691.160616,713.393604
sqrt(duration) ~ exercise + (1|part_id) + (1|stim_src_id) + (1|part_id:exercise) + (1|part_id:ai) + (1|part_id:ai:exercise),691.160616,713.393604
sqrt(duration) ~ exercise + (1|part_id) + (1|stim_src_id) + (1|part_id:ipaq_category) + (1|part_id:ai) + (1|part_id:ai:exercise),691.160616,713.393604
sqrt(duration) ~ exercise + (1|part_id) + (1|part_id:exercise) + (1|part_id:ipaq_category) + (1|part_id:ai) + (1|part_id:ai:exercise),691.254979,713.487967
sqrt(duration) ~ exercise + (1|stim_src_id) + (1|part_id:exercise) + (1|part_id:ipaq_category) + (1|part_id:ai) + (1|part_id:ai:exercise),691.160616,713.393604
sqrt(duration) ~ exercise + (1|part_id) + (1|stim_src_id) + (1|part_id:exercise) + (1|part_id:ipaq_category) + (1|part_id:ai) + (1|part_id:ai:exercise),693.160616,718.172727
sqrt(duration) ~ ai + (1|part_id),686.370361,697.486855
sqrt(duration) ~ ai + (1|stim_src_id),703.041673,714.158167
sqrt(duration) ~ ai + (1|part_id:exercise),681.134516,692.251010
sqrt(duration) ~ ai + (1|part_id:ipaq_category),686.370361,697.486855
sqrt(duration) ~ ai + (1|part_id:ai),681.134516,692.251010
sqrt(duration) ~ ai + (1|part_id:ai:exercise),681.134516,692.251010
sqrt(duration) ~ ai + (1|part_id) + (1|stim_src_id),688.260351,702.155968
sqrt(duration) ~ ai + (1|part_id) + (1|part_id:exercise),680.933138,694.828755
sqrt(duration) ~ ai + (1|part_id) + (1|part_id:ipaq_category),688.370361,702.265979
sqrt(duration) ~ ai + (1|part_id) + (1|part_id:ai),680.933138,694.828755
sqrt(duration) ~ ai + (1|part_id) + (1|part_id:ai:exercise),680.933138,694.828755
sqrt(duration) ~ ai + (1|stim_src_id) + (1|part_id:exercise),682.821727,696.717345
sqrt(duration) ~ ai + (1|stim_src_id) + (1|part_id:ipaq_category),688.260351,702.155968
sqrt(duration) ~ ai + (1|stim_src_id) + (1|part_id:ai),682.821727,696.717345
sqrt(duration) ~ ai + (1|stim_src_id) + (1|part_id:ai:exercise),682.821727,696.717345
sqrt(duration) ~ ai + (1|part_id:exercise) + (1|part_id:ipaq_category),680.933138,694.828755
sqrt(duration) ~ ai + (1|part_id:exercise) + (1|part_id:ai),683.134516,697.030133
sqrt(duration) ~ ai + (1|part_id:exercise) + (1|part_id:ai:exercise),683.134516,697.030133
sqrt(duration) ~ ai + (1|part_id:ipaq_category) + (1|part_id:ai),680.933138,694.828755
sqrt(duration) ~ ai + (1|part_id:ipaq_category) + (1|part_id:ai:exercise),680.933138,694.828755
sqrt(duration) ~ ai + (1|part_id:ai) + (1|part_id:ai:exercise),683.134516,697.030133
sqrt(duration) ~ ai + (1|part_id) + (1|stim_src_id) + (1|part_id:exercise),682.793999,699.468740
sqrt(duration) ~ ai + (1|part_id) + (1|stim_src_id) + (1|part_id:ipaq_category),690.260351,706.935092
sqrt(duration) ~ ai + (1|part_id) + (1|stim_src_id) + (1|part_id:ai),682.793999,699.468740
sqrt(duration) ~ ai + (1|part_id) + (1|stim_src_id) + (1|part_id:ai:exercise),682.793999,699.468740
sqrt(duration) ~ ai + (1|part_id) + (1|part_id:exercise) + (1|part_id:ipaq_category),682.933138,699.607879
sqrt(duration) ~ ai + (1|part_id) + (1|part_id:exercise) + (1|part_id:ai),682.933138,699.607879
sqrt(duration) ~ ai + (1|part_id) + (1|part_id:exercise) + (1|part_id:ai:exercise),682.933138,699.607879
sqrt(duration) ~ ai + (1|part_id) + (1|part_id:ipaq_category) + (1|part_id:ai),682.933138,699.607879
sqrt(duration) ~ ai + (1|part_id) + (1|part_id:ipaq_category) + (1|part_id:ai:exercise),682.933138,699.607879
sqrt(duration) ~ ai + (1|part_id) + (1|part_id:ai) + (1|part_id:ai:exercise),682.933138,699.607879
sqrt(duration) ~ ai + (1|stim_src_id) + (1|part_id:exercise) + (1|part_id:ipaq_category),682.793999,699.468740
sqrt(duration) ~ ai + (1|stim_src_id) + (1|part_id:exercise) + (1|part_id:ai),684.821727,701.496468
sqrt(duration) ~ ai + (1|stim_src_id) + (1|part_id:exercise) + (1|part_id:ai:exercise),684.821727,701.496468
sqrt(duration) ~ ai + (1|stim_src_id) + (1|part_id:ipaq_category) + (1|part_id:ai),682.793999,699.468740
sqrt(duration) ~ ai + (1|stim_src_id) + (1|part_id:ipaq_category) + (1|part_id:ai:exercise),682.793999,699.468740
sqrt(duration) ~ ai + (1|stim_src_id) + (1|part_id:ai) + (1|part_id:ai:exercise),684.821727,701.496468
sqrt(duration) ~ ai + (1|part_id:exercise) + (1|part_id:ipaq_category) + (1|part_id:ai),682.933138,699.607879
sqrt(duration) ~ ai + (1|part_id:exercise) + (1|part_id:ipaq_category) + (1|part_id:ai:exercise),682.933138,699.607879
sqrt(duration) ~ ai + (1|part_id:exercise) + (1|part_id:ai) + (1|part_id:ai:exercise),685.134516,701.809257
sqrt(duration) ~ ai + (1|part_id:ipaq_category) + (1|part_id:ai) + (1|part_id:ai:exercise),682.933138,699.607879
sqrt(duration) ~ ai + (1|part_id) + (1|stim_src_id) + (1|part_id:exercise) + (1|part_id:ipaq_category),684.793999,704.247864
sqrt(duration) ~ ai + (1|part_id) + (1|stim_src_id) + (1|part_id:exercise) + (1|part_id:ai),684.793999,704.247864
sqrt(duration) ~ ai + (1|part_id) + (1|stim_src_id) + (1|part_id:exercise) + (1|part_id:ai:exercise),684.793999,704.247864
sqrt(duration) ~ ai + (1|part_id) + (1|stim_src_id) + (1|part_id:ipaq_category) + (1|part_id:ai),684.793999,704.247864
sqrt(duration) ~ ai + (1|part_id) + (1|stim_src_id) + (1|part_id:ipaq_category) + (1|part_id:ai:exercise),684.793999,704.247864
sqrt(duration) ~ ai + (1|part_id) + (1|stim_src_id) + (1|part_id:ai) + (1|part_id:ai:exercise),684.793999,704.247864
sqrt(duration) ~ ai + (1|part_id) + (1|part_id:exercise) + (1|part_id:ipaq_category) + (1|part_id:ai),684.933138,704.387002
sqrt(duration) ~ ai + (1|part_id) + (1|part_id:exercise) + (1|part_id:ipaq_category) + (1|part_id:ai:exercise),684.933138,704.387002
sqrt(duration) ~ ai + (1|part_id) + (1|part_id:exercise) + (1|part_id:ai) + (1|part_id:ai:exercise),684.933138,704.387002
sqrt(duration) ~ ai + (1|part_id) + (1|part_id:ipaq_category) + (1|part_id:ai) + (1|part_id:ai:exercise),684.933138,704.387002
sqrt(duration) ~ ai + (1|stim_src_id) + (1|part_id:exercise) + (1|part_id:ipaq_category) + (1|part_id:ai),684.793999,704.247864
sqrt(duration) ~ ai + (1|stim_src_id) + (1|part_id:exercise) + (1|part_id:ipaq_category) + (1|part_id:ai:exercise),684.793999,704.247864
sqrt(duration) ~ ai + (1|stim_src_id) + (1|part_id:exercise) + (1|part_id:ai) + (1|part_id:ai:exercise),686.821727,706.275592
sqrt(duration) ~ ai + (1|stim_src_id) + (1|part_id:ipaq_category) + (1|part_id:ai) + (1|part_id:ai:exercise),684.793999,704.247864
sqrt(duration) ~ ai + (1|part_id:exercise) + (1|part_id:ipaq_category) + (1|part_id:ai) + (1|part_id:ai:exercise),684.933138,704.387002
sqrt(duration) ~ ai + (1|part_id) + (1|stim_src_id) + (1|part_id:exercise) + (1|part_id:ipaq_category) + (1|part_id:ai),686.793999,709.026987
sqrt(duration) ~ ai + (1|part_id) + (1|stim_src_id) + (1|part_id:exercise) + (1|part_id:ipaq_category) + (1|part_id:ai:exercise),686.793999,709.026987
sqrt(duration) ~ ai + (1|part_id) + (1|stim_src_id) + (1|part_id:exercise) + (1|part_id:ai) + (1|part_id:ai:exercise),686.793999,709.026987
sqrt(duration) ~ ai + (1|part_id) + (1|stim_src_id) + (1|part_id:ipaq_category) + (1|part_id:ai) + (1|part_id:ai:exercise),686.793999,709.026987
sqrt(duration) ~ ai + (1|part_id) + (1|part_id:exercise) + (1|part_id:ipaq_category) + (1|part_id:ai) + (1|part_id:ai:exercise),686.933138,709.166126
sqrt(duration) ~ ai + (1|stim_src_id) + (1|part_id:exercise) + (1|part_id:ipaq_category) + (1|part_id:ai) + (1|part_id:ai:exercise),686.793999,709.026987
sqrt(duration) ~ ai + (1|part_id) + (1|stim_src_id) + (1|part_id:exercise) + (1|part_id:ipaq_category) + (1|part_id:ai) + (1|part_id:ai:exercise),688.793999,713.806111
sqrt(duration) ~ project_name + (1|part_id),695.878258,706.994752
sqrt(duration) ~ project_name + (1|stim_src_id),710.263657,721.380151
sqrt(duration) ~ project_name + (1|part_id:exercise),684.833254,695.949748
sqrt(duration) ~ project_name + (1|part_id:ipaq_category),695.878258,706.994752
sqrt(duration) ~ project_name + (1|part_id:ai),684.833254,695.949748
sqrt(duration) ~ project_name + (1|part_id:ai:exercise),684.833254,695.949748
sqrt(duration) ~ project_name + (1|part_id) + (1|stim_src_id),697.878258,711.773875
sqrt(duration) ~ project_name + (1|part_id) + (1|part_id:exercise),685.403954,699.299572
sqrt(duration) ~ project_name + (1|part_id) + (1|part_id:ipaq_category),697.878258,711.773875
sqrt(duration) ~ project_name + (1|part_id) + (1|part_id:ai),685.403954,699.299572
sqrt(duration) ~ project_name + (1|part_id) + (1|part_id:ai:exercise),685.403954,699.299572
sqrt(duration) ~ project_name + (1|stim_src_id) + (1|part_id:exercise),686.776248,700.671866
sqrt(duration) ~ project_name + (1|stim_src_id) + (1|part_id:ipaq_category),697.878258,711.773875
sqrt(duration) ~ project_name + (1|stim_src_id) + (1|part_id:ai),686.776248,700.671866
sqrt(duration) ~ project_name + (1|stim_src_id) + (1|part_id:ai:exercise),686.776248,700.671866
sqrt(duration) ~ project_name + (1|part_id:exercise) + (1|part_id:ipaq_category),685.403954,699.299572
sqrt(duration) ~ project_name + (1|part_id:exercise) + (1|part_id:ai),686.833254,700.728871
sqrt(duration) ~ project_name + (1|part_id:exercise) + (1|part_id:ai:exercise),686.833254,700.728871
sqrt(duration) ~ project_name + (1|part_id:ipaq_category) + (1|part_id:ai),685.403954,699.299572
sqrt(duration) ~ project_name + (1|part_id:ipaq_category) + (1|part_id:ai:exercise),685.403954,699.299572
sqrt(duration) ~ project_name + (1|part_id:ai) + (1|part_id:ai:exercise),686.833254,700.728871
sqrt(duration) ~ project_name + (1|part_id) + (1|stim_src_id) + (1|part_id:exercise),687.399341,704.074082
sqrt(duration) ~ project_name + (1|part_id) + (1|stim_src_id) + (1|part_id:ipaq_category),699.878258,716.552999
sqrt(duration) ~ project_name + (1|part_id) + (1|stim_src_id) + (1|part_id:ai),687.399341,704.074082
sqrt(duration) ~ project_name + (1|part_id) + (1|stim_src_id) + (1|part_id:ai:exercise),687.399341,704.074082
sqrt(duration) ~ project_name + (1|part_id) + (1|part_id:exercise) + (1|part_id:ipaq_category),687.403954,704.078695
sqrt(duration) ~ project_name + (1|part_id) + (1|part_id:exercise) + (1|part_id:ai),687.403954,704.078695
sqrt(duration) ~ project_name + (1|part_id) + (1|part_id:exercise) + (1|part_id:ai:exercise),687.403954,704.078695
sqrt(duration) ~ project_name + (1|part_id) + (1|part_id:ipaq_category) + (1|part_id:ai),687.403954,704.078695
sqrt(duration) ~ project_name + (1|part_id) + (1|part_id:ipaq_category) + (1|part_id:ai:exercise),687.403954,704.078695
sqrt(duration) ~ project_name + (1|part_id) + (1|part_id:ai) + (1|part_id:ai:exercise),687.403954,704.078695
sqrt(duration) ~ project_name + (1|stim_src_id) + (1|part_id:exercise) + (1|part_id:ipaq_category),687.399341,704.074082
sqrt(duration) ~ project_name + (1|stim_src_id) + (1|part_id:exercise) + (1|part_id:ai),688.776248,705.450989
sqrt(duration) ~ project_name + (1|stim_src_id) + (1|part_id:exercise) + (1|part_id:ai:exercise),688.776248,705.450989
sqrt(duration) ~ project_name + (1|stim_src_id) + (1|part_id:ipaq_category) + (1|part_id:ai),687.399341,704.074082
sqrt(duration) ~ project_name + (1|stim_src_id) + (1|part_id:ipaq_category) + (1|part_id:ai:exercise),687.399341,704.074082
sqrt(duration) ~ project_name + (1|stim_src_id) + (1|part_id:ai) + (1|part_id:ai:exercise),688.776248,705.450989
sqrt(duration) ~ project_name + (1|part_id:exercise) + (1|part_id:ipaq_category) + (1|part_id:ai),687.403954,704.078695
sqrt(duration) ~ project_name + (1|part_id:exercise) + (1|part_id:ipaq_category) + (1|part_id:ai:exercise),687.403954,704.078695
sqrt(duration) ~ project_name + (1|part_id:exercise) + (1|part_id:ai) + (1|part_id:ai:exercise),688.833254,705.507995
sqrt(duration) ~ project_name + (1|part_id:ipaq_category) + (1|part_id:ai) + (1|part_id:ai:exercise),687.403954,704.078695
sqrt(duration) ~ project_name + (1|part_id) + (1|stim_src_id) + (1|part_id:exercise) + (1|part_id:ipaq_category),689.399341,708.853205
sqrt(duration) ~ project_name + (1|part_id) + (1|stim_src_id) + (1|part_id:exercise) + (1|part_id:ai),689.399341,708.853205
sqrt(duration) ~ project_name + (1|part_id) + (1|stim_src_id) + (1|part_id:exercise) + (1|part_id:ai:exercise),689.399341,708.853205
sqrt(duration) ~ project_name + (1|part_id) + (1|stim_src_id) + (1|part_id:ipaq_category) + (1|part_id:ai),689.399341,708.853205
sqrt(duration) ~ project_name + (1|part_id) + (1|stim_src_id) + (1|part_id:ipaq_category) + (1|part_id:ai:exercise),689.399341,708.853205
sqrt(duration) ~ project_name + (1|part_id) + (1|stim_src_id) + (1|part_id:ai) + (1|part_id:ai:exercise),689.399341,708.853205
sqrt(duration) ~ project_name + (1|part_id) + (1|part_id:exercise) + (1|part_id:ipaq_category) + (1|part_id:ai),689.403954,708.857819
sqrt(duration) ~ project_name + (1|part_id) + (1|part_id:exercise) + (1|part_id:ipaq_category) + (1|part_id:ai:exercise),689.403954,708.857819
sqrt(duration) ~ project_name + (1|part_id) + (1|part_id:exercise) + (1|part_id:ai) + (1|part_id:ai:exercise),689.403954,708.857819
sqrt(duration) ~ project_name + (1|part_id) + (1|part_id:ipaq_category) + (1|part_id:ai) + (1|part_id:ai:exercise),689.403954,708.857819
sqrt(duration) ~ project_name + (1|stim_src_id) + (1|part_id:exercise) + (1|part_id:ipaq_category) + (1|part_id:ai),689.399341,708.853205
sqrt(duration) ~ project_name + (1|stim_src_id) + (1|part_id:exercise) + (1|part_id:ipaq_category) + (1|part_id:ai:exercise),689.399341,708.853205
sqrt(duration) ~ project_name + (1|stim_src_id) + (1|part_id:exercise) + (1|part_id:ai) + (1|part_id:ai:exercise),690.776248,710.230113
sqrt(duration) ~ project_name + (1|stim_src_id) + (1|part_id:ipaq_category) + (1|part_id:ai) + (1|part_id:ai:exercise),689.399341,708.853205
sqrt(duration) ~ project_name + (1|part_id:exercise) + (1|part_id:ipaq_category) + (1|part_id:ai) + (1|part_id:ai:exercise),689.403954,708.857819
sqrt(duration) ~ project_name + (1|part_id) + (1|stim_src_id) + (1|part_id:exercise) + (1|part_id:ipaq_category) + (1|part_id:ai),691.399341,713.632329
sqrt(duration) ~ project_name + (1|part_id) + (1|stim_src_id) + (1|part_id:exercise) + (1|part_id:ipaq_category) + (1|part_id:ai:exercise),691.399341,713.632329
sqrt(duration) ~ project_name + (1|part_id) + (1|stim_src_id) + (1|part_id:exercise) + (1|part_id:ai) + (1|part_id:ai:exercise),691.399341,713.632329
sqrt(duration) ~ project_name + (1|part_id) + (1|stim_src_id) + (1|part_id:ipaq_category) + (1|part_id:ai) + (1|part_id:ai:exercise),691.399341,713.632329
sqrt(duration) ~ project_name + (1|part_id) + (1|part_id:exercise) + (1|part_id:ipaq_category) + (1|part_id:ai) + (1|part_id:ai:exercise),691.403954,713.636942
sqrt(duration) ~ project_name + (1|stim_src_id) + (1|part_id:exercise) + (1|part_id:ipaq_category) + (1|part_id:ai) + (1|part_id:ai:exercise),691.399341,713.632329
sqrt(duration) ~ project_name + (1|part_id) + (1|stim_src_id) + (1|part_id:exercise) + (1|part_id:ipaq_category) + (1|part_id:ai) + (1|part_id:ai:exercise),693.399341,718.411452
sqrt(duration) ~ ipaq_category + (1|part_id),697.844627,711.740244
sqrt(duration) ~ ipaq_category + (1|stim_src_id),712.158775,726.054392
sqrt(duration) ~ ipaq_category + (1|part_id:exercise),688.257109,702.152726
sqrt(duration) ~ ipaq_category + (1|part_id:ipaq_category),697.844627,711.740244
sqrt(duration) ~ ipaq_category + (1|part_id:ai),688.257109,702.152726
sqrt(duration) ~ ipaq_category + (1|part_id:ai:exercise),688.257109,702.152726
sqrt(duration) ~ ipaq_category + (1|part_id) + (1|stim_src_id),699.844627,716.519368
sqrt(duration) ~ ipaq_category + (1|part_id) + (1|part_id:exercise),688.641971,705.316712
sqrt(duration) ~ ipaq_category + (1|part_id) + (1|part_id:ipaq_category),699.844627,716.519368
sqrt(duration) ~ ipaq_category + (1|part_id) + (1|part_id:ai),688.641971,705.316712
sqrt(duration) ~ ipaq_category + (1|part_id) + (1|part_id:ai:exercise),688.641971,705.316712
sqrt(duration) ~ ipaq_category + (1|stim_src_id) + (1|part_id:exercise),690.198041,706.872782
sqrt(duration) ~ ipaq_category + (1|stim_src_id) + (1|part_id:ipaq_category),699.844627,716.519368
sqrt(duration) ~ ipaq_category + (1|stim_src_id) + (1|part_id:ai),690.198041,706.872782
sqrt(duration) ~ ipaq_category + (1|stim_src_id) + (1|part_id:ai:exercise),690.198041,706.872782
sqrt(duration) ~ ipaq_category + (1|part_id:exercise) + (1|part_id:ipaq_category),688.641971,705.316712
sqrt(duration) ~ ipaq_category + (1|part_id:exercise) + (1|part_id:ai),690.257109,706.931850
sqrt(duration) ~ ipaq_category + (1|part_id:exercise) + (1|part_id:ai:exercise),690.257109,706.931850
sqrt(duration) ~ ipaq_category + (1|part_id:ipaq_category) + (1|part_id:ai),688.641971,705.316712
sqrt(duration) ~ ipaq_category + (1|part_id:ipaq_category) + (1|part_id:ai:exercise),688.641971,705.316712
sqrt(duration) ~ ipaq_category + (1|part_id:ai) + (1|part_id:ai:exercise),690.257109,706.931850
sqrt(duration) ~ ipaq_category + (1|part_id) + (1|stim_src_id) + (1|part_id:exercise),690.634467,710.088332
sqrt(duration) ~ ipaq_category + (1|part_id) + (1|stim_src_id) + (1|part_id:ipaq_category),701.844627,721.298491
sqrt(duration) ~ ipaq_category + (1|part_id) + (1|stim_src_id) + (1|part_id:ai),690.634467,710.088332
sqrt(duration) ~ ipaq_category + (1|part_id) + (1|stim_src_id) + (1|part_id:ai:exercise),690.634467,710.088332
sqrt(duration) ~ ipaq_category + (1|part_id) + (1|part_id:exercise) + (1|part_id:ipaq_category),690.641971,710.095835
sqrt(duration) ~ ipaq_category + (1|part_id) + (1|part_id:exercise) + (1|part_id:ai),690.641971,710.095835
sqrt(duration) ~ ipaq_category + (1|part_id) + (1|part_id:exercise) + (1|part_id:ai:exercise),690.641971,710.095835
sqrt(duration) ~ ipaq_category + (1|part_id) + (1|part_id:ipaq_category) + (1|part_id:ai),690.641971,710.095835
sqrt(duration) ~ ipaq_category + (1|part_id) + (1|part_id:ipaq_category) + (1|part_id:ai:exercise),690.641971,710.095835
sqrt(duration) ~ ipaq_category + (1|part_id) + (1|part_id:ai) + (1|part_id:ai:exercise),690.641971,710.095835
sqrt(duration) ~ ipaq_category + (1|stim_src_id) + (1|part_id:exercise) + (1|part_id:ipaq_category),690.634467,710.088332
sqrt(duration) ~ ipaq_category + (1|stim_src_id) + (1|part_id:exercise) + (1|part_id:ai),692.198041,711.651905
sqrt(duration) ~ ipaq_category + (1|stim_src_id) + (1|part_id:exercise) + (1|part_id:ai:exercise),692.198041,711.651905
sqrt(duration) ~ ipaq_category + (1|stim_src_id) + (1|part_id:ipaq_category) + (1|part_id:ai),690.634467,710.088332
sqrt(duration) ~ ipaq_category + (1|stim_src_id) + (1|part_id:ipaq_category) + (1|part_id:ai:exercise),690.634467,710.088332
sqrt(duration) ~ ipaq_category + (1|stim_src_id) + (1|part_id:ai) + (1|part_id:ai:exercise),692.198041,711.651905
sqrt(duration) ~ ipaq_category + (1|part_id:exercise) + (1|part_id:ipaq_category) + (1|part_id:ai),690.641971,710.095835
sqrt(duration) ~ ipaq_category + (1|part_id:exercise) + (1|part_id:ipaq_category) + (1|part_id:ai:exercise),690.641971,710.095835
sqrt(duration) ~ ipaq_category + (1|part_id:exercise) + (1|part_id:ai) + (1|part_id:ai:exercise),692.257109,711.710973
sqrt(duration) ~ ipaq_category + (1|part_id:ipaq_category) + (1|part_id:ai) + (1|part_id:ai:exercise),690.641971,710.095835
sqrt(duration) ~ ipaq_category + (1|part_id) + (1|stim_src_id) + (1|part_id:exercise) + (1|part_id:ipaq_category),692.634467,714.867455
sqrt(duration) ~ ipaq_category + (1|part_id) + (1|stim_src_id) + (1|part_id:exercise) + (1|part_id:ai),692.634467,714.867455
sqrt(duration) ~ ipaq_category + (1|part_id) + (1|stim_src_id) + (1|part_id:exercise) + (1|part_id:ai:exercise),692.634467,714.867455
sqrt(duration) ~ ipaq_category + (1|part_id) + (1|stim_src_id) + (1|part_id:ipaq_category) + (1|part_id:ai),692.634467,714.867455
sqrt(duration) ~ ipaq_category + (1|part_id) + (1|stim_src_id) + (1|part_id:ipaq_category) + (1|part_id:ai:exercise),692.634467,714.867455
sqrt(duration) ~ ipaq_category + (1|part_id) + (1|stim_src_id) + (1|part_id:ai) + (1|part_id:ai:exercise),692.634467,714.867455
sqrt(duration) ~ ipaq_category + (1|part_id) + (1|part_id:exercise) + (1|part_id:ipaq_category) + (1|part_id:ai),692.641971,714.874959
sqrt(duration) ~ ipaq_category + (1|part_id) + (1|part_id:exercise) + (1|part_id:ipaq_category) + (1|part_id:ai:exercise),692.641971,714.874959
sqrt(duration) ~ ipaq_category + (1|part_id) + (1|part_id:exercise) + (1|part_id:ai) + (1|part_id:ai:exercise),692.641971,714.874959
sqrt(duration) ~ ipaq_category + (1|part_id) + (1|part_id:ipaq_category) + (1|part_id:ai) + (1|part_id:ai:exercise),692.641971,714.874959
sqrt(duration) ~ ipaq_category + (1|stim_src_id) + (1|part_id:exercise) + (1|part_id:ipaq_category) + (1|part_id:ai),692.634467,714.867455
sqrt(duration) ~ ipaq_category + (1|stim_src_id) + (1|part_id:exercise) + (1|part_id:ipaq_category) + (1|part_id:ai:exercise),692.634467,714.867455
sqrt(duration) ~ ipaq_category + (1|stim_src_id) + (1|part_id:exercise) + (1|part_id:ai) + (1|part_id:ai:exercise),694.198041,716.431029
sqrt(duration) ~ ipaq_category + (1|stim_src_id) + (1|part_id:ipaq_category) + (1|part_id:ai) + (1|part_id:ai:exercise),692.634467,714.867455
sqrt(duration) ~ ipaq_category + (1|part_id:exercise) + (1|part_id:ipaq_category) + (1|part_id:ai) + (1|part_id:ai:exercise),692.641971,714.874959
sqrt(duration) ~ ipaq_category + (1|part_id) + (1|stim_src_id) + (1|part_id:exercise) + (1|part_id:ipaq_category) + (1|part_id:ai),694.634467,719.646579
sqrt(duration) ~ ipaq_category + (1|part_id) + (1|stim_src_id) + (1|part_id:exercise) + (1|part_id:ipaq_category) + (1|part_id:ai:exercise),694.634467,719.646579
sqrt(duration) ~ ipaq_category + (1|part_id) + (1|stim_src_id) + (1|part_id:exercise) + (1|part_id:ai) + (1|part_id:ai:exercise),694.634467,719.646579
sqrt(duration) ~ ipaq_category + (1|part_id) + (1|stim_src_id) + (1|part_id:ipaq_category) + (1|part_id:ai) + (1|part_id:ai:exercise),694.634467,719.646579
sqrt(duration) ~ ipaq_category + (1|part_id) + (1|part_id:exercise) + (1|part_id:ipaq_category) + (1|part_id:ai) + (1|part_id:ai:exercise),694.641971,719.654082
sqrt(duration) ~ ipaq_category + (1|stim_src_id) + (1|part_id:exercise) + (1|part_id:ipaq_category) + (1|part_id:ai) + (1|part_id:ai:exercise),694.634467,719.646579
sqrt(duration) ~ ipaq_category + (1|part_id) + (1|stim_src_id) + (1|part_id:exercise) + (1|part_id:ipaq_category) + (1|part_id:ai) + (1|part_id:ai:exercise),696.634467,724.425702
sqrt(duration) ~ level_of_education + (1|part_id),699.701848,716.376589
sqrt(duration) ~ level_of_education + (1|stim_src_id),714.643107,731.317847
sqrt(duration) ~ level_of_education + (1|part_id:exercise),690.171163,706.845903
sqrt(duration) ~ level_of_education + (1|part_id:ipaq_category),699.701848,716.376589
sqrt(duration) ~ level_of_education + (1|part_id:ai),690.171163,706.845903
sqrt(duration) ~ level_of_education + (1|part_id:ai:exercise),690.171163,706.845903
sqrt(duration) ~ level_of_education + (1|part_id) + (1|stim_src_id),701.701848,721.155712
sqrt(duration) ~ level_of_education + (1|part_id) + (1|part_id:exercise),690.384986,709.838850
sqrt(duration) ~ level_of_education + (1|part_id) + (1|part_id:ipaq_category),701.701848,721.155712
sqrt(duration) ~ level_of_education + (1|part_id) + (1|part_id:ai),690.384986,709.838850
sqrt(duration) ~ level_of_education + (1|part_id) + (1|part_id:ai:exercise),690.384986,709.838850
sqrt(duration) ~ level_of_education + (1|stim_src_id) + (1|part_id:exercise),692.071374,711.525238
sqrt(duration) ~ level_of_education + (1|stim_src_id) + (1|part_id:ipaq_category),701.701848,721.155712
sqrt(duration) ~ level_of_education + (1|stim_src_id) + (1|part_id:ai),692.071374,711.525238
sqrt(duration) ~ level_of_education + (1|stim_src_id) + (1|part_id:ai:exercise),692.071374,711.525238
sqrt(duration) ~ level_of_education + (1|part_id:exercise) + (1|part_id:ipaq_category),690.384986,709.838850
sqrt(duration) ~ level_of_education + (1|part_id:exercise) + (1|part_id:ai),692.171163,711.625027
sqrt(duration) ~ level_of_education + (1|part_id:exercise) + (1|part_id:ai:exercise),692.171163,711.625027
sqrt(duration) ~ level_of_education + (1|part_id:ipaq_category) + (1|part_id:ai),690.384986,709.838850
sqrt(duration) ~ level_of_education + (1|part_id:ipaq_category) + (1|part_id:ai:exercise),690.384986,709.838850
sqrt(duration) ~ level_of_education + (1|part_id:ai) + (1|part_id:ai:exercise),692.171163,711.625027
sqrt(duration) ~ level_of_education + (1|part_id) + (1|stim_src_id) + (1|part_id:exercise),692.369205,714.602193
sqrt(duration) ~ level_of_education + (1|part_id) + (1|stim_src_id) + (1|part_id:ipaq_category),703.701848,725.934836
sqrt(duration) ~ level_of_education + (1|part_id) + (1|stim_src_id) + (1|part_id:ai),692.369205,714.602193
sqrt(duration) ~ level_of_education + (1|part_id) + (1|stim_src_id) + (1|part_id:ai:exercise),692.369205,714.602193
sqrt(duration) ~ level_of_education + (1|part_id) + (1|part_id:exercise) + (1|part_id:ipaq_category),692.384986,714.617974
sqrt(duration) ~ level_of_education + (1|part_id) + (1|part_id:exercise) + (1|part_id:ai),692.384986,714.617974
sqrt(duration) ~ level_of_education + (1|part_id) + (1|part_id:exercise) + (1|part_id:ai:exercise),692.384986,714.617974
sqrt(duration) ~ level_of_education + (1|part_id) + (1|part_id:ipaq_category) + (1|part_id:ai),692.384986,714.617974
sqrt(duration) ~ level_of_education + (1|part_id) + (1|part_id:ipaq_category) + (1|part_id:ai:exercise),692.384986,714.617974
sqrt(duration) ~ level_of_education + (1|part_id) + (1|part_id:ai) + (1|part_id:ai:exercise),692.384986,714.617974
sqrt(duration) ~ level_of_education + (1|stim_src_id) + (1|part_id:exercise) + (1|part_id:ipaq_category),692.369205,714.602193
sqrt(duration) ~ level_of_education + (1|stim_src_id) + (1|part_id:exercise) + (1|part_id:ai),694.071374,716.304362
sqrt(duration) ~ level_of_education + (1|stim_src_id) + (1|part_id:exercise) + (1|part_id:ai:exercise),694.071374,716.304362
sqrt(duration) ~ level_of_education + (1|stim_src_id) + (1|part_id:ipaq_category) + (1|part_id:ai),692.369205,714.602193
sqrt(duration) ~ level_of_education + (1|stim_src_id) + (1|part_id:ipaq_category) + (1|part_id:ai:exercise),692.369205,714.602193
sqrt(duration) ~ level_of_education + (1|stim_src_id) + (1|part_id:ai) + (1|part_id:ai:exercise),694.071374,716.304362
sqrt(duration) ~ level_of_education + (1|part_id:exercise) + (1|part_id:ipaq_category) + (1|part_id:ai),692.384986,714.617974
sqrt(duration) ~ level_of_education + (1|part_id:exercise) + (1|part_id:ipaq_category) + (1|part_id:ai:exercise),692.384986,714.617974
sqrt(duration) ~ level_of_education + (1|part_id:exercise) + (1|part_id:ai) + (1|part_id:ai:exercise),694.171163,716.404150
sqrt(duration) ~ level_of_education + (1|part_id:ipaq_category) + (1|part_id:ai) + (1|part_id:ai:exercise),692.384986,714.617974
sqrt(duration) ~ level_of_education + (1|part_id) + (1|stim_src_id) + (1|part_id:exercise) + (1|part_id:ipaq_category),694.369205,719.381316
sqrt(duration) ~ level_of_education + (1|part_id) + (1|stim_src_id) + (1|part_id:exercise) + (1|part_id:ai),694.369205,719.381316
sqrt(duration) ~ level_of_education + (1|part_id) + (1|stim_src_id) + (1|part_id:exercise) + (1|part_id:ai:exercise),694.369205,719.381316
sqrt(duration) ~ level_of_education + (1|part_id) + (1|stim_src_id) + (1|part_id:ipaq_category) + (1|part_id:ai),694.369205,719.381316
sqrt(duration) ~ level_of_education + (1|part_id) + (1|stim_src_id) + (1|part_id:ipaq_category) + (1|part_id:ai:exercise),694.369205,719.381316
sqrt(duration) ~ level_of_education + (1|part_id) + (1|stim_src_id) + (1|part_id:ai) + (1|part_id:ai:exercise),694.369205,719.381316
sqrt(duration) ~ level_of_education + (1|part_id) + (1|part_id:exercise) + (1|part_id:ipaq_category) + (1|part_id:ai),694.384986,719.397097
sqrt(duration) ~ level_of_education + (1|part_id) + (1|part_id:exercise) + (1|part_id:ipaq_category) + (1|part_id:ai:exercise),694.384986,719.397097
sqrt(duration) ~ level_of_education + (1|part_id) + (1|part_id:exercise) + (1|part_id:ai) + (1|part_id:ai:exercise),694.384986,719.397097
sqrt(duration) ~ level_of_education + (1|part_id) + (1|part_id:ipaq_category) + (1|part_id:ai) + (1|part_id:ai:exercise),694.384986,719.397097
sqrt(duration) ~ level_of_education + (1|stim_src_id) + (1|part_id:exercise) + (1|part_id:ipaq_category) + (1|part_id:ai),694.369205,719.381316
sqrt(duration) ~ level_of_education + (1|stim_src_id) + (1|part_id:exercise) + (1|part_id:ipaq_category) + (1|part_id:ai:exercise),694.369205,719.381316
sqrt(duration) ~ level_of_education + (1|stim_src_id) + (1|part_id:exercise) + (1|part_id:ai) + (1|part_id:ai:exercise),696.071374,721.083485
sqrt(duration) ~ level_of_education + (1|stim_src_id) + (1|part_id:ipaq_category) + (1|part_id:ai) + (1|part_id:ai:exercise),694.369205,719.381316
sqrt(duration) ~ level_of_education + (1|part_id:exercise) + (1|part_id:ipaq_category) + (1|part_id:ai) + (1|part_id:ai:exercise),694.384986,719.397097
sqrt(duration) ~ level_of_education + (1|part_id) + (1|stim_src_id) + (1|part_id:exercise) + (1|part_id:ipaq_category) + (1|part_id:ai),696.369205,724.160440
sqrt(duration) ~ level_of_education + (1|part_id) + (1|stim_src_id) + (1|part_id:exercise) + (1|part_id:ipaq_category) + (1|part_id:ai:exercise),696.369205,724.160440
sqrt(duration) ~ level_of_education + (1|part_id) + (1|stim_src_id) + (1|part_id:exercise) + (1|part_id:ai) + (1|part_id:ai:exercise),696.369205,724.160440
sqrt(duration) ~ level_of_education + (1|part_id) + (1|stim_src_id) + (1|part_id:ipaq_category) + (1|part_id:ai) + (1|part_id:ai:exercise),696.369205,724.160440
sqrt(duration) ~ level_of_education + (1|part_id) + (1|part_id:exercise) + (1|part_id:ipaq_category) + (1|part_id:ai) + (1|part_id:ai:exercise),696.384986,724.176221
sqrt(duration) ~ level_of_education + (1|stim_src_id) + (1|part_id:exercise) + (1|part_id:ipaq_category) + (1|part_id:ai) + (1|part_id:ai:exercise),696.369205,724.160440
sqrt(duration) ~ level_of_education + (1|part_id) + (1|stim_src_id) + (1|part_id:exercise) + (1|part_id:ipaq_category) + (1|part_id:ai) + (1|part_id:ai:exercise),698.369205,728.939563
sqrt(duration) ~ seq_num + (1|part_id),662.090917,673.207411
sqrt(duration) ~ seq_num + (1|stim_src_id),687.782378,698.898872
sqrt(duration) ~ seq_num + (1|part_id:exercise),666.463313,677.579807
sqrt(duration) ~ seq_num + (1|part_id:ipaq_category),662.090917,673.207411
sqrt(duration) ~ seq_num + (1|part_id:ai),666.463313,677.579807
sqrt(duration) ~ seq_num + (1|part_id:ai:exercise),666.463313,677.579807
sqrt(duration) ~ seq_num + (1|part_id) + (1|stim_src_id),664.063998,677.959616
sqrt(duration) ~ seq_num + (1|part_id) + (1|part_id:exercise),660.743289,674.638906
sqrt(duration) ~ seq_num + (1|part_id) + (1|part_id:ipaq_category),664.090917,677.986534
sqrt(duration) ~ seq_num + (1|part_id) + (1|part_id:ai),660.743289,674.638906
sqrt(duration) ~ seq_num + (1|part_id) + (1|part_id:ai:exercise),660.743289,674.638906
sqrt(duration) ~ seq_num + (1|stim_src_id) + (1|part_id:exercise),666.940930,680.836548
sqrt(duration) ~ seq_num + (1|stim_src_id) + (1|part_id:ipaq_category),664.063998,677.959616
sqrt(duration) ~ seq_num + (1|stim_src_id) + (1|part_id:ai),666.940930,680.836548
sqrt(duration) ~ seq_num + (1|stim_src_id) + (1|part_id:ai:exercise),666.940930,680.836548
sqrt(duration) ~ seq_num + (1|part_id:exercise) + (1|part_id:ipaq_category),660.743289,674.638906
sqrt(duration) ~ seq_num + (1|part_id:exercise) + (1|part_id:ai),668.463313,682.358930
sqrt(duration) ~ seq_num + (1|part_id:exercise) + (1|part_id:ai:exercise),668.463313,682.358930
sqrt(duration) ~ seq_num + (1|part_id:ipaq_category) + (1|part_id:ai),660.743289,674.638906
sqrt(duration) ~ seq_num + (1|part_id:ipaq_category) + (1|part_id:ai:exercise),660.743289,674.638906
sqrt(duration) ~ seq_num + (1|part_id:ai) + (1|part_id:ai:exercise),668.463313,682.358930
sqrt(duration) ~ seq_num + (1|part_id) + (1|stim_src_id) + (1|part_id:exercise),662.280543,678.955284
sqrt(duration) ~ seq_num + (1|part_id) + (1|stim_src_id) + (1|part_id:ipaq_category),666.063998,682.738739
sqrt(duration) ~ seq_num + (1|part_id) + (1|stim_src_id) + (1|part_id:ai),662.280543,678.955284
sqrt(duration) ~ seq_num + (1|part_id) + (1|stim_src_id) + (1|part_id:ai:exercise),662.280543,678.955284
sqrt(duration) ~ seq_num + (1|part_id) + (1|part_id:exercise) + (1|part_id:ipaq_category),662.743289,679.418030
sqrt(duration) ~ seq_num + (1|part_id) + (1|part_id:exercise) + (1|part_id:ai),662.743289,679.418030
sqrt(duration) ~ seq_num + (1|part_id) + (1|part_id:exercise) + (1|part_id:ai:exercise),662.743289,679.418030
sqrt(duration) ~ seq_num + (1|part_id) + (1|part_id:ipaq_category) + (1|part_id:ai),662.743289,679.418030
sqrt(duration) ~ seq_num + (1|part_id) + (1|part_id:ipaq_category) + (1|part_id:ai:exercise),662.743289,679.418030
sqrt(duration) ~ seq_num + (1|part_id) + (1|part_id:ai) + (1|part_id:ai:exercise),662.743289,679.418030
sqrt(duration) ~ seq_num + (1|stim_src_id) + (1|part_id:exercise) + (1|part_id:ipaq_category),662.280543,678.955284
sqrt(duration) ~ seq_num + (1|stim_src_id) + (1|part_id:exercise) + (1|part_id:ai),668.940930,685.615671
sqrt(duration) ~ seq_num + (1|stim_src_id) + (1|part_id:exercise) + (1|part_id:ai:exercise),668.940930,685.615671
sqrt(duration) ~ seq_num + (1|stim_src_id) + (1|part_id:ipaq_category) + (1|part_id:ai),662.280543,678.955284
sqrt(duration) ~ seq_num + (1|stim_src_id) + (1|part_id:ipaq_category) + (1|part_id:ai:exercise),662.280543,678.955284
sqrt(duration) ~ seq_num + (1|stim_src_id) + (1|part_id:ai) + (1|part_id:ai:exercise),668.940930,685.615671
sqrt(duration) ~ seq_num + (1|part_id:exercise) + (1|part_id:ipaq_category) + (1|part_id:ai),662.743289,679.418030
sqrt(duration) ~ seq_num + (1|part_id:exercise) + (1|part_id:ipaq_category) + (1|part_id:ai:exercise),662.743289,679.418030
sqrt(duration) ~ seq_num + (1|part_id:exercise) + (1|part_id:ai) + (1|part_id:ai:exercise),670.463313,687.138054
sqrt(duration) ~ seq_num + (1|part_id:ipaq_category) + (1|part_id:ai) + (1|part_id:ai:exercise),662.743289,679.418030
sqrt(duration) ~ seq_num + (1|part_id) + (1|stim_src_id) + (1|part_id:exercise) + (1|part_id:ipaq_category),664.280543,683.734408
sqrt(duration) ~ seq_num + (1|part_id) + (1|stim_src_id) + (1|part_id:exercise) + (1|part_id:ai),664.280543,683.734408
sqrt(duration) ~ seq_num + (1|part_id) + (1|stim_src_id) + (1|part_id:exercise) + (1|part_id:ai:exercise),664.280543,683.734408
sqrt(duration) ~ seq_num + (1|part_id) + (1|stim_src_id) + (1|part_id:ipaq_category) + (1|part_id:ai),664.280543,683.734408
sqrt(duration) ~ seq_num + (1|part_id) + (1|stim_src_id) + (1|part_id:ipaq_category) + (1|part_id:ai:exercise),664.280543,683.734408
sqrt(duration) ~ seq_num + (1|part_id) + (1|stim_src_id) + (1|part_id:ai) + (1|part_id:ai:exercise),664.280543,683.734408
sqrt(duration) ~ seq_num + (1|part_id) + (1|part_id:exercise) + (1|part_id:ipaq_category) + (1|part_id:ai),664.743289,684.197153
sqrt(duration) ~ seq_num + (1|part_id) + (1|part_id:exercise) + (1|part_id:ipaq_category) + (1|part_id:ai:exercise),664.743289,684.197153
sqrt(duration) ~ seq_num + (1|part_id) + (1|part_id:exercise) + (1|part_id:ai) + (1|part_id:ai:exercise),664.743289,684.197153
sqrt(duration) ~ seq_num + (1|part_id) + (1|part_id:ipaq_category) + (1|part_id:ai) + (1|part_id:ai:exercise),664.743289,684.197153
sqrt(duration) ~ seq_num + (1|stim_src_id) + (1|part_id:exercise) + (1|part_id:ipaq_category) + (1|part_id:ai),664.280543,683.734408
sqrt(duration) ~ seq_num + (1|stim_src_id) + (1|part_id:exercise) + (1|part_id:ipaq_category) + (1|part_id:ai:exercise),664.280543,683.734408
sqrt(duration) ~ seq_num + (1|stim_src_id) + (1|part_id:exercise) + (1|part_id:ai) + (1|part_id:ai:exercise),670.940930,690.394795
sqrt(duration) ~ seq_num + (1|stim_src_id) + (1|part_id:ipaq_category) + (1|part_id:ai) + (1|part_id:ai:exercise),664.280543,683.734408
sqrt(duration) ~ seq_num + (1|part_id:exercise) + (1|part_id:ipaq_category) + (1|part_id:ai) + (1|part_id:ai:exercise),664.743289,684.197153
sqrt(duration) ~ seq_num + (1|part_id) + (1|stim_src_id) + (1|part_id:exercise) + (1|part_id:ipaq_category) + (1|part_id:ai),666.280543,688.513531
sqrt(duration) ~ seq_num + (1|part_id) + (1|stim_src_id) + (1|part_id:exercise) + (1|part_id:ipaq_category) + (1|part_id:ai:exercise),666.280543,688.513531
sqrt(duration) ~ seq_num + (1|part_id) + (1|stim_src_id) + (1|part_id:exercise) + (1|part_id:ai) + (1|part_id:ai:exercise),666.280543,688.513531
sqrt(duration) ~ seq_num + (1|part_id) + (1|stim_src_id) + (1|part_id:ipaq_category) + (1|part_id:ai) + (1|part_id:ai:exercise),666.280543,688.513531
sqrt(duration) ~ seq_num + (1|part_id) + (1|part_id:exercise) + (1|part_id:ipaq_category) + (1|part_id:ai) + (1|part_id:ai:exercise),666.743289,688.976277
sqrt(duration) ~ seq_num + (1|stim_src_id) + (1|part_id:exercise) + (1|part_id:ipaq_category) + (1|part_id:ai) + (1|part_id:ai:exercise),666.280543,688.513531
sqrt(duration) ~ seq_num + (1|part_id) + (1|stim_src_id) + (1|part_id:exercise) + (1|part_id:ipaq_category) + (1|part_id:ai) + (1|part_id:ai:exercise),668.280543,693.292655
sqrt(duration) ~ exercise * ai + (1|part_id),687.586178,704.260919
sqrt(duration) ~ exercise * ai + (1|stim_src_id),704.491017,721.165758
sqrt(duration) ~ exercise * ai + (1|part_id:exercise),683.903894,700.578635
sqrt(duration) ~ exercise * ai + (1|part_id:ipaq_category),687.586178,704.260919
sqrt(duration) ~ exercise * ai + (1|part_id:ai),683.903894,700.578635
sqrt(duration) ~ exercise * ai + (1|part_id:ai:exercise),683.903894,700.578635
sqrt(duration) ~ exercise * ai + (1|part_id) + (1|stim_src_id),689.176860,708.630724
sqrt(duration) ~ exercise * ai + (1|part_id) + (1|part_id:exercise),683.090419,702.544283
sqrt(duration) ~ exercise * ai + (1|part_id) + (1|part_id:ipaq_category),689.586178,709.040042
sqrt(duration) ~ exercise * ai + (1|part_id) + (1|part_id:ai),683.090419,702.544283
sqrt(duration) ~ exercise * ai + (1|part_id) + (1|part_id:ai:exercise),683.090419,702.544283
sqrt(duration) ~ exercise * ai + (1|stim_src_id) + (1|part_id:exercise),685.519250,704.973115
sqrt(duration) ~ exercise * ai + (1|stim_src_id) + (1|part_id:ipaq_category),689.176860,708.630724
sqrt(duration) ~ exercise * ai + (1|stim_src_id) + (1|part_id:ai),685.519250,704.973115
sqrt(duration) ~ exercise * ai + (1|stim_src_id) + (1|part_id:ai:exercise),685.519250,704.973115
sqrt(duration) ~ exercise * ai + (1|part_id:exercise) + (1|part_id:ipaq_category),683.090419,702.544283
sqrt(duration) ~ exercise * ai + (1|part_id:exercise) + (1|part_id:ai),685.903894,705.357759
sqrt(duration) ~ exercise * ai + (1|part_id:exercise) + (1|part_id:ai:exercise),685.903894,705.357759
sqrt(duration) ~ exercise * ai + (1|part_id:ipaq_category) + (1|part_id:ai),683.090419,702.544283
sqrt(duration) ~ exercise * ai + (1|part_id:ipaq_category) + (1|part_id:ai:exercise),683.090419,702.544283
sqrt(duration) ~ exercise * ai + (1|part_id:ai) + (1|part_id:ai:exercise),685.903894,705.357759
sqrt(duration) ~ exercise * ai + (1|part_id) + (1|stim_src_id) + (1|part_id:exercise),684.797679,707.030667
sqrt(duration) ~ exercise * ai + (1|part_id) + (1|stim_src_id) + (1|part_id:ipaq_category),691.176860,713.409848
sqrt(duration) ~ exercise * ai + (1|part_id) + (1|stim_src_id) + (1|part_id:ai),684.797679,707.030667
sqrt(duration) ~ exercise * ai + (1|part_id) + (1|stim_src_id) + (1|part_id:ai:exercise),684.797679,707.030667
sqrt(duration) ~ exercise * ai + (1|part_id) + (1|part_id:exercise) + (1|part_id:ipaq_category),685.090419,707.323407
sqrt(duration) ~ exercise * ai + (1|part_id) + (1|part_id:exercise) + (1|part_id:ai),685.090419,707.323407
sqrt(duration) ~ exercise * ai + (1|part_id) + (1|part_id:exercise) + (1|part_id:ai:exercise),685.090419,707.323407
sqrt(duration) ~ exercise * ai + (1|part_id) + (1|part_id:ipaq_category) + (1|part_id:ai),685.090419,707.323407
sqrt(duration) ~ exercise * ai + (1|part_id) + (1|part_id:ipaq_category) + (1|part_id:ai:exercise),685.090419,707.323407
sqrt(duration) ~ exercise * ai + (1|part_id) + (1|part_id:ai) + (1|part_id:ai:exercise),685.090419,707.323407
sqrt(duration) ~ exercise * ai + (1|stim_src_id) + (1|part_id:exercise) + (1|part_id:ipaq_category),684.797679,707.030667
sqrt(duration) ~ exercise * ai + (1|stim_src_id) + (1|part_id:exercise) + (1|part_id:ai),687.519251,709.752238
sqrt(duration) ~ exercise * ai + (1|stim_src_id) + (1|part_id:exercise) + (1|part_id:ai:exercise),687.519251,709.752238
sqrt(duration) ~ exercise * ai + (1|stim_src_id) + (1|part_id:ipaq_category) + (1|part_id:ai),684.797679,707.030667
sqrt(duration) ~ exercise * ai + (1|stim_src_id) + (1|part_id:ipaq_category) + (1|part_id:ai:exercise),684.797679,707.030667
sqrt(duration) ~ exercise * ai + (1|stim_src_id) + (1|part_id:ai) + (1|part_id:ai:exercise),687.519251,709.752238
sqrt(duration) ~ exercise * ai + (1|part_id:exercise) + (1|part_id:ipaq_category) + (1|part_id:ai),685.090419,707.323407
sqrt(duration) ~ exercise * ai + (1|part_id:exercise) + (1|part_id:ipaq_category) + (1|part_id:ai:exercise),685.090419,707.323407
sqrt(duration) ~ exercise * ai + (1|part_id:exercise) + (1|part_id:ai) + (1|part_id:ai:exercise),687.903894,710.136882
sqrt(duration) ~ exercise * ai + (1|part_id:ipaq_category) + (1|part_id:ai) + (1|part_id:ai:exercise),685.090419,707.323407
sqrt(duration) ~ exercise * ai + (1|part_id) + (1|stim_src_id) + (1|part_id:exercise) + (1|part_id:ipaq_category),686.797679,711.809790
sqrt(duration) ~ exercise * ai + (1|part_id) + (1|stim_src_id) + (1|part_id:exercise) + (1|part_id:ai),686.797679,711.809790
sqrt(duration) ~ exercise * ai + (1|part_id) + (1|stim_src_id) + (1|part_id:exercise) + (1|part_id:ai:exercise),686.797679,711.809790
sqrt(duration) ~ exercise * ai + (1|part_id) + (1|stim_src_id) + (1|part_id:ipaq_category) + (1|part_id:ai),686.797679,711.809790
sqrt(duration) ~ exercise * ai + (1|part_id) + (1|stim_src_id) + (1|part_id:ipaq_category) + (1|part_id:ai:exercise),686.797679,711.809790
sqrt(duration) ~ exercise * ai + (1|part_id) + (1|stim_src_id) + (1|part_id:ai) + (1|part_id:ai:exercise),686.797679,711.809790
sqrt(duration) ~ exercise * ai + (1|part_id) + (1|part_id:exercise) + (1|part_id:ipaq_category) + (1|part_id:ai),687.090419,712.102530
sqrt(duration) ~ exercise * ai + (1|part_id) + (1|part_id:exercise) + (1|part_id:ipaq_category) + (1|part_id:ai:exercise),687.090419,712.102530
sqrt(duration) ~ exercise * ai + (1|part_id) + (1|part_id:exercise) + (1|part_id:ai) + (1|part_id:ai:exercise),687.090419,712.102530
sqrt(duration) ~ exercise * ai + (1|part_id) + (1|part_id:ipaq_category) + (1|part_id:ai) + (1|part_id:ai:exercise),687.090419,712.102530
sqrt(duration) ~ exercise * ai + (1|stim_src_id) + (1|part_id:exercise) + (1|part_id:ipaq_category) + (1|part_id:ai),686.797679,711.809790
sqrt(duration) ~ exercise * ai + (1|stim_src_id) + (1|part_id:exercise) + (1|part_id:ipaq_category) + (1|part_id:ai:exercise),686.797679,711.809790
sqrt(duration) ~ exercise * ai + (1|stim_src_id) + (1|part_id:exercise) + (1|part_id:ai) + (1|part_id:ai:exercise),689.519250,714.531362
sqrt(duration) ~ exercise * ai + (1|stim_src_id) + (1|part_id:ipaq_category) + (1|part_id:ai) + (1|part_id:ai:exercise),686.797679,711.809790
sqrt(duration) ~ exercise * ai + (1|part_id:exercise) + (1|part_id:ipaq_category) + (1|part_id:ai) + (1|part_id:ai:exercise),687.090419,712.102530
sqrt(duration) ~ exercise * ai + (1|part_id) + (1|stim_src_id) + (1|part_id:exercise) + (1|part_id:ipaq_category) + (1|part_id:ai),688.797679,716.588914
sqrt(duration) ~ exercise * ai + (1|part_id) + (1|stim_src_id) + (1|part_id:exercise) + (1|part_id:ipaq_category) + (1|part_id:ai:exercise),688.797679,716.588914
sqrt(duration) ~ exercise * ai + (1|part_id) + (1|stim_src_id) + (1|part_id:exercise) + (1|part_id:ai) + (1|part_id:ai:exercise),688.797679,716.588914
sqrt(duration) ~ exercise * ai + (1|part_id) + (1|stim_src_id) + (1|part_id:ipaq_category) + (1|part_id:ai) + (1|part_id:ai:exercise),688.797679,716.588914
sqrt(duration) ~ exercise * ai + (1|part_id) + (1|part_id:exercise) + (1|part_id:ipaq_category) + (1|part_id:ai) + (1|part_id:ai:exercise),689.090419,716.881654
sqrt(duration) ~ exercise * ai + (1|stim_src_id) + (1|part_id:exercise) + (1|part_id:ipaq_category) + (1|part_id:ai) + (1|part_id:ai:exercise),688.797679,716.588914
sqrt(duration) ~ exercise * ai + (1|part_id) + (1|stim_src_id) + (1|part_id:exercise) + (1|part_id:ipaq_category) + (1|part_id:ai) + (1|part_id:ai:exercise),690.797679,721.368037
sqrt(duration) ~ exercise * ipaq_category + (1|part_id),699.326868,721.559856
sqrt(duration) ~ exercise * ipaq_category + (1|stim_src_id),714.465303,736.698291
sqrt(duration) ~ exercise * ipaq_category + (1|part_id:exercise),692.086082,714.319070
sqrt(duration) ~ exercise * ipaq_category + (1|part_id:ipaq_category),699.326868,721.559856
sqrt(duration) ~ exercise * ipaq_category + (1|part_id:ai),692.086082,714.319070
sqrt(duration) ~ exercise * ipaq_category + (1|part_id:ai:exercise),692.086082,714.319070
sqrt(duration) ~ exercise * ipaq_category + (1|part_id) + (1|stim_src_id),701.221097,726.233208
sqrt(duration) ~ exercise * ipaq_category + (1|part_id) + (1|part_id:exercise),691.857951,716.870062
sqrt(duration) ~ exercise * ipaq_category + (1|part_id) + (1|part_id:ipaq_category),701.326868,726.338980
sqrt(duration) ~ exercise * ipaq_category + (1|part_id) + (1|part_id:ai),691.857951,716.870062
sqrt(duration) ~ exercise * ipaq_category + (1|part_id) + (1|part_id:ai:exercise),691.857951,716.870062
sqrt(duration) ~ exercise * ipaq_category + (1|stim_src_id) + (1|part_id:exercise),694.018460,719.030572
sqrt(duration) ~ exercise * ipaq_category + (1|stim_src_id) + (1|part_id:ipaq_category),701.221097,726.233208
sqrt(duration) ~ exercise * ipaq_category + (1|stim_src_id) + (1|part_id:ai),694.018460,719.030572
sqrt(duration) ~ exercise * ipaq_category + (1|stim_src_id) + (1|part_id:ai:exercise),694.018460,719.030572
sqrt(duration) ~ exercise * ipaq_category + (1|part_id:exercise) + (1|part_id:ipaq_category),691.857951,716.870062
sqrt(duration) ~ exercise * ipaq_category + (1|part_id:exercise) + (1|part_id:ai),694.086082,719.098193
sqrt(duration) ~ exercise * ipaq_category + (1|part_id:exercise) + (1|part_id:ai:exercise),694.086082,719.098193
sqrt(duration) ~ exercise * ipaq_category + (1|part_id:ipaq_category) + (1|part_id:ai),691.857951,716.870062
sqrt(duration) ~ exercise * ipaq_category + (1|part_id:ipaq_category) + (1|part_id:ai:exercise),691.857951,716.870062
sqrt(duration) ~ exercise * ipaq_category + (1|part_id:ai) + (1|part_id:ai:exercise),694.086082,719.098193
sqrt(duration) ~ exercise * ipaq_category + (1|part_id) + (1|stim_src_id) + (1|part_id:exercise),693.817217,721.608452
sqrt(duration) ~ exercise * ipaq_category + (1|part_id) + (1|stim_src_id) + (1|part_id:ipaq_category),703.221097,731.012332
sqrt(duration) ~ exercise * ipaq_category + (1|part_id) + (1|stim_src_id) + (1|part_id:ai),693.817217,721.608452
sqrt(duration) ~ exercise * ipaq_category + (1|part_id) + (1|stim_src_id) + (1|part_id:ai:exercise),693.817217,721.608452
sqrt(duration) ~ exercise * ipaq_category + (1|part_id) + (1|part_id:exercise) + (1|part_id:ipaq_category),693.857951,721.649186
sqrt(duration) ~ exercise * ipaq_category + (1|part_id) + (1|part_id:exercise) + (1|part_id:ai),693.857951,721.649186
sqrt(duration) ~ exercise * ipaq_category + (1|part_id) + (1|part_id:exercise) + (1|part_id:ai:exercise),693.857951,721.649186
sqrt(duration) ~ exercise * ipaq_category + (1|part_id) + (1|part_id:ipaq_category) + (1|part_id:ai),693.857951,721.649186
sqrt(duration) ~ exercise * ipaq_category + (1|part_id) + (1|part_id:ipaq_category) + (1|part_id:ai:exercise),693.857951,721.649186
sqrt(duration) ~ exercise * ipaq_category + (1|part_id) + (1|part_id:ai) + (1|part_id:ai:exercise),693.857951,721.649186
sqrt(duration) ~ exercise * ipaq_category + (1|stim_src_id) + (1|part_id:exercise) + (1|part_id:ipaq_category),693.817217,721.608452
sqrt(duration) ~ exercise * ipaq_category + (1|stim_src_id) + (1|part_id:exercise) + (1|part_id:ai),696.018460,723.809695
sqrt(duration) ~ exercise * ipaq_category + (1|stim_src_id) + (1|part_id:exercise) + (1|part_id:ai:exercise),696.018460,723.809695
sqrt(duration) ~ exercise * ipaq_category + (1|stim_src_id) + (1|part_id:ipaq_category) + (1|part_id:ai),693.817217,721.608452
sqrt(duration) ~ exercise * ipaq_category + (1|stim_src_id) + (1|part_id:ipaq_category) + (1|part_id:ai:exercise),693.817217,721.608452
sqrt(duration) ~ exercise * ipaq_category + (1|stim_src_id) + (1|part_id:ai) + (1|part_id:ai:exercise),696.018460,723.809695
sqrt(duration) ~ exercise * ipaq_category + (1|part_id:exercise) + (1|part_id:ipaq_category) + (1|part_id:ai),693.857951,721.649186
sqrt(duration) ~ exercise * ipaq_category + (1|part_id:exercise) + (1|part_id:ipaq_category) + (1|part_id:ai:exercise),693.857951,721.649186
sqrt(duration) ~ exercise * ipaq_category + (1|part_id:exercise) + (1|part_id:ai) + (1|part_id:ai:exercise),696.086082,723.877317
sqrt(duration) ~ exercise * ipaq_category + (1|part_id:ipaq_category) + (1|part_id:ai) + (1|part_id:ai:exercise),693.857951,721.649186
sqrt(duration) ~ exercise * ipaq_category + (1|part_id) + (1|stim_src_id) + (1|part_id:exercise) + (1|part_id:ipaq_category),695.817217,726.387575
sqrt(duration) ~ exercise * ipaq_category + (1|part_id) + (1|stim_src_id) + (1|part_id:exercise) + (1|part_id:ai),695.817217,726.387575
sqrt(duration) ~ exercise * ipaq_category + (1|part_id) + (1|stim_src_id) + (1|part_id:exercise) + (1|part_id:ai:exercise),695.817217,726.387575
sqrt(duration) ~ exercise * ipaq_category + (1|part_id) + (1|stim_src_id) + (1|part_id:ipaq_category) + (1|part_id:ai),695.817217,726.387575
sqrt(duration) ~ exercise * ipaq_category + (1|part_id) + (1|stim_src_id) + (1|part_id:ipaq_category) + (1|part_id:ai:exercise),695.817217,726.387575
sqrt(duration) ~ exercise * ipaq_category + (1|part_id) + (1|stim_src_id) + (1|part_id:ai) + (1|part_id:ai:exercise),695.817217,726.387575
sqrt(duration) ~ exercise * ipaq_category + (1|part_id) + (1|part_id:exercise) + (1|part_id:ipaq_category) + (1|part_id:ai),695.857951,726.428309
sqrt(duration) ~ exercise * ipaq_category + (1|part_id) + (1|part_id:exercise) + (1|part_id:ipaq_category) + (1|part_id:ai:exercise),695.857951,726.428309
sqrt(duration) ~ exercise * ipaq_category + (1|part_id) + (1|part_id:exercise) + (1|part_id:ai) + (1|part_id:ai:exercise),695.857951,726.428309
sqrt(duration) ~ exercise * ipaq_category + (1|part_id) + (1|part_id:ipaq_category) + (1|part_id:ai) + (1|part_id:ai:exercise),695.857951,726.428309
sqrt(duration) ~ exercise * ipaq_category + (1|stim_src_id) + (1|part_id:exercise) + (1|part_id:ipaq_category) + (1|part_id:ai),695.817217,726.387575
sqrt(duration) ~ exercise * ipaq_category + (1|stim_src_id) + (1|part_id:exercise) + (1|part_id:ipaq_category) + (1|part_id:ai:exercise),695.817217,726.387575
sqrt(duration) ~ exercise * ipaq_category + (1|stim_src_id) + (1|part_id:exercise) + (1|part_id:ai) + (1|part_id:ai:exercise),698.018461,728.588819
sqrt(duration) ~ exercise * ipaq_category + (1|stim_src_id) + (1|part_id:ipaq_category) + (1|part_id:ai) + (1|part_id:ai:exercise),695.817217,726.387575
sqrt(duration) ~ exercise * ipaq_category + (1|part_id:exercise) + (1|part_id:ipaq_category) + (1|part_id:ai) + (1|part_id:ai:exercise),695.857951,726.428309
sqrt(duration) ~ exercise * ipaq_category + (1|part_id) + (1|stim_src_id) + (1|part_id:exercise) + (1|part_id:ipaq_category) + (1|part_id:ai),697.817217,731.166699
sqrt(duration) ~ exercise * ipaq_category + (1|part_id) + (1|stim_src_id) + (1|part_id:exercise) + (1|part_id:ipaq_category) + (1|part_id:ai:exercise),697.817217,731.166699
sqrt(duration) ~ exercise * ipaq_category + (1|part_id) + (1|stim_src_id) + (1|part_id:exercise) + (1|part_id:ai) + (1|part_id:ai:exercise),697.817217,731.166699
sqrt(duration) ~ exercise * ipaq_category + (1|part_id) + (1|stim_src_id) + (1|part_id:ipaq_category) + (1|part_id:ai) + (1|part_id:ai:exercise),697.817217,731.166699
sqrt(duration) ~ exercise * ipaq_category + (1|part_id) + (1|part_id:exercise) + (1|part_id:ipaq_category) + (1|part_id:ai) + (1|part_id:ai:exercise),697.857954,731.207436
sqrt(duration) ~ exercise * ipaq_category + (1|stim_src_id) + (1|part_id:exercise) + (1|part_id:ipaq_category) + (1|part_id:ai) + (1|part_id:ai:exercise),697.817217,731.166699
sqrt(duration) ~ exercise * ipaq_category + (1|part_id) + (1|stim_src_id) + (1|part_id:exercise) + (1|part_id:ipaq_category) + (1|part_id:ai) + (1|part_id:ai:exercise),699.817217,735.945822
