formula,AIC,BIC
(bug_found_num) ~ exercise + ai3 + seq_num + (1 | stim_src_id),144.489482,161.507174
(bug_found_num) ~ exercise + ai3 + seq_num + exercise:ai3 + (1 | stim_src_id),147.324656,170.014912
(bug_found_num) ~ exercise + ai3 + seq_num + ai3:seq_num + (1 | stim_src_id),142.582914,165.273169
(bug_found_num) ~ exercise + ai3 + seq_num + exercise:seq_num + (1 | stim_src_id),144.322141,164.176114
(bug_found_num) ~ exercise + ai3 + seq_num + exercise:ai3 + ai3:seq_num + (1 | stim_src_id),144.670783,173.033602
(bug_found_num) ~ exercise + ai3 + seq_num + exercise:ai3 + exercise:seq_num + (1 | stim_src_id),146.763580,172.290117
(bug_found_num) ~ exercise + ai3 + seq_num + ai3:seq_num + exercise:seq_num + (1 | stim_src_id),141.450147,166.976685
(bug_found_num) ~ exercise + ai3 + seq_num + exercise:ai3 + ai3:seq_num + exercise:seq_num + (1 | stim_src_id),143.745097,174.944198
(bug_found_num) ~ exercise + ai3 + seq_num + project_name + (1 | stim_src_id),143.104811,162.958784
(bug_found_num) ~ exercise + ai3 + seq_num + project_name + exercise:ai3 + (1 | stim_src_id),145.741922,171.268459
(bug_found_num) ~ exercise + ai3 + seq_num + project_name + ai3:seq_num + (1 | stim_src_id),141.458330,166.984867
(bug_found_num) ~ exercise + ai3 + seq_num + project_name + exercise:seq_num + (1 | stim_src_id),142.757283,165.447538
(bug_found_num) ~ exercise + ai3 + seq_num + project_name + exercise:ai3 + ai3:seq_num + (1 | stim_src_id),143.363966,174.563067
(bug_found_num) ~ exercise + ai3 + seq_num + project_name + exercise:ai3 + exercise:seq_num + (1 | stim_src_id),145.087542,173.450361
(bug_found_num) ~ exercise + ai3 + seq_num + project_name + ai3:seq_num + exercise:seq_num + (1 | stim_src_id),140.316656,168.679475
(bug_found_num) ~ exercise + ai3 + seq_num + project_name + exercise:ai3 + ai3:seq_num + exercise:seq_num + (1 | stim_src_id),142.593949,176.629331
(bug_found_num) ~ exercise + ai3 + seq_num + ipaq_category + (1 | stim_src_id),148.386527,171.076783
(bug_found_num) ~ exercise + ai3 + seq_num + ipaq_category + exercise:ai3 + (1 | stim_src_id),151.234444,179.597264
(bug_found_num) ~ exercise + ai3 + seq_num + ipaq_category + exercise:ipaq_category + (1 | stim_src_id),150.385651,175.912188
(bug_found_num) ~ exercise + ai3 + seq_num + ipaq_category + ai3:seq_num + (1 | stim_src_id),146.350952,174.713771
(bug_found_num) ~ exercise + ai3 + seq_num + ipaq_category + exercise:seq_num + (1 | stim_src_id),148.108472,173.635009
(bug_found_num) ~ exercise + ai3 + seq_num + ipaq_category + exercise:ai3 + exercise:ipaq_category + (1 | stim_src_id),153.186292,184.385393
(bug_found_num) ~ exercise + ai3 + seq_num + ipaq_category + exercise:ai3 + ai3:seq_num + (1 | stim_src_id),148.479475,182.514858
(bug_found_num) ~ exercise + ai3 + seq_num + ipaq_category + exercise:ai3 + exercise:seq_num + (1 | stim_src_id),150.467958,181.667059
(bug_found_num) ~ exercise + ai3 + seq_num + ipaq_category + exercise:ipaq_category + ai3:seq_num + (1 | stim_src_id),148.315615,179.514716
(bug_found_num) ~ exercise + ai3 + seq_num + ipaq_category + exercise:ipaq_category + exercise:seq_num + (1 | stim_src_id),150.036478,178.399297
(bug_found_num) ~ exercise + ai3 + seq_num + ipaq_category + ai3:seq_num + exercise:seq_num + (1 | stim_src_id),144.689399,175.888500
(bug_found_num) ~ exercise + ai3 + seq_num + ipaq_category + exercise:ai3 + exercise:ipaq_category + ai3:seq_num + (1 | stim_src_id),150.469564,187.341228
(bug_found_num) ~ exercise + ai3 + seq_num + ipaq_category + exercise:ai3 + exercise:ipaq_category + exercise:seq_num + (1 | stim_src_id),152.460837,186.496220
(bug_found_num) ~ exercise + ai3 + seq_num + ipaq_category + exercise:ai3 + ai3:seq_num + exercise:seq_num + (1 | stim_src_id),147.084288,183.955953
(bug_found_num) ~ exercise + ai3 + seq_num + ipaq_category + exercise:ipaq_category + ai3:seq_num + exercise:seq_num + (1 | stim_src_id),146.561364,180.596747
(bug_found_num) ~ exercise + ai3 + seq_num + ipaq_category + exercise:ai3 + exercise:ipaq_category + ai3:seq_num + exercise:seq_num + (1 | stim_src_id),149.082688,188.790635
(bug_found_num) ~ exercise + ai3 + seq_num + occupation + (1 | stim_src_id),151.578987,182.778088
(bug_found_num) ~ exercise + ai3 + seq_num + occupation + exercise:ai3 + (1 | stim_src_id),154.381012,191.252677
(bug_found_num) ~ exercise + ai3 + seq_num + occupation + ai3:seq_num + (1 | stim_src_id),149.684054,186.555718
(bug_found_num) ~ exercise + ai3 + seq_num + occupation + exercise:seq_num + (1 | stim_src_id),151.707758,185.743141
(bug_found_num) ~ exercise + ai3 + seq_num + occupation + exercise:ai3 + ai3:seq_num + (1 | stim_src_id),151.634069,194.178297
(bug_found_num) ~ exercise + ai3 + seq_num + occupation + exercise:ai3 + exercise:seq_num + (1 | stim_src_id),154.092640,193.800587
(bug_found_num) ~ exercise + ai3 + seq_num + occupation + ai3:seq_num + exercise:seq_num + (1 | stim_src_id),149.066036,188.773983
(bug_found_num) ~ exercise + ai3 + seq_num + occupation + exercise:ai3 + ai3:seq_num + exercise:seq_num + (1 | stim_src_id),151.108329,196.488839
(bug_found_num) ~ exercise + ai3 + seq_num + project_name + ipaq_category + (1 | stim_src_id),147.040637,172.567174
(bug_found_num) ~ exercise + ai3 + seq_num + project_name + ipaq_category + exercise:ai3 + (1 | stim_src_id),149.715802,180.914903
(bug_found_num) ~ exercise + ai3 + seq_num + project_name + ipaq_category + exercise:ipaq_category + (1 | stim_src_id),149.040157,177.402976
(bug_found_num) ~ exercise + ai3 + seq_num + project_name + ipaq_category + ai3:seq_num + (1 | stim_src_id),145.310943,176.510044
(bug_found_num) ~ exercise + ai3 + seq_num + project_name + ipaq_category + exercise:seq_num + (1 | stim_src_id),146.604324,174.967143
(bug_found_num) ~ exercise + ai3 + seq_num + project_name + ipaq_category + exercise:ai3 + exercise:ipaq_category + (1 | stim_src_id),151.614510,185.649893
(bug_found_num) ~ exercise + ai3 + seq_num + project_name + ipaq_category + exercise:ai3 + ai3:seq_num + (1 | stim_src_id),147.301149,184.172814
(bug_found_num) ~ exercise + ai3 + seq_num + project_name + ipaq_category + exercise:ai3 + exercise:seq_num + (1 | stim_src_id),148.896581,182.931964
(bug_found_num) ~ exercise + ai3 + seq_num + project_name + ipaq_category + exercise:ipaq_category + ai3:seq_num + (1 | stim_src_id),147.291093,181.326475
(bug_found_num) ~ exercise + ai3 + seq_num + project_name + ipaq_category + exercise:ipaq_category + exercise:seq_num + (1 | stim_src_id),148.563648,179.762749
(bug_found_num) ~ exercise + ai3 + seq_num + project_name + ipaq_category + ai3:seq_num + exercise:seq_num + (1 | stim_src_id),143.714314,177.749697
(bug_found_num) ~ exercise + ai3 + seq_num + project_name + ipaq_category + exercise:ai3 + exercise:ipaq_category + ai3:seq_num + (1 | stim_src_id),149.264863,188.972810
(bug_found_num) ~ exercise + ai3 + seq_num + project_name + ipaq_category + exercise:ai3 + exercise:ipaq_category + exercise:seq_num + (1 | stim_src_id),150.880446,187.752111
(bug_found_num) ~ exercise + ai3 + seq_num + project_name + ipaq_category + exercise:ai3 + ai3:seq_num + exercise:seq_num + (1 | stim_src_id),146.172531,185.880477
(bug_found_num) ~ exercise + ai3 + seq_num + project_name + ipaq_category + exercise:ipaq_category + ai3:seq_num + exercise:seq_num + (1 | stim_src_id),145.621768,182.493433
(bug_found_num) ~ exercise + ai3 + seq_num + project_name + ipaq_category + exercise:ai3 + exercise:ipaq_category + ai3:seq_num + exercise:seq_num + (1 | stim_src_id),148.173315,190.717543
(bug_found_num) ~ exercise + ai3 + seq_num + project_name + occupation + (1 | stim_src_id),149.886782,183.922165
(bug_found_num) ~ exercise + ai3 + seq_num + project_name + occupation + exercise:ai3 + (1 | stim_src_id),152.514640,192.222587
(bug_found_num) ~ exercise + ai3 + seq_num + project_name + occupation + ai3:seq_num + (1 | stim_src_id),148.428052,188.135999
(bug_found_num) ~ exercise + ai3 + seq_num + project_name + occupation + exercise:seq_num + (1 | stim_src_id),149.452647,186.324312
(bug_found_num) ~ exercise + ai3 + seq_num + project_name + occupation + exercise:ai3 + ai3:seq_num + (1 | stim_src_id),150.163317,195.543828
(bug_found_num) ~ exercise + ai3 + seq_num + project_name + occupation + exercise:ai3 + exercise:seq_num + (1 | stim_src_id),151.743062,194.287291
(bug_found_num) ~ exercise + ai3 + seq_num + project_name + occupation + ai3:seq_num + exercise:seq_num + (1 | stim_src_id),147.396669,189.940897
(bug_found_num) ~ exercise + ai3 + seq_num + project_name + occupation + exercise:ai3 + ai3:seq_num + exercise:seq_num + (1 | stim_src_id),149.482284,197.699076
(bug_found_num) ~ exercise + ai3 + seq_num + ipaq_category + occupation + (1 | stim_src_id),155.489914,192.361579
(bug_found_num) ~ exercise + ai3 + seq_num + ipaq_category + occupation + exercise:ai3 + (1 | stim_src_id),158.297910,200.842138
(bug_found_num) ~ exercise + ai3 + seq_num + ipaq_category + occupation + exercise:ipaq_category + (1 | stim_src_id),157.241667,196.949614
(bug_found_num) ~ exercise + ai3 + seq_num + ipaq_category + occupation + ai3:seq_num + (1 | stim_src_id),153.363577,195.907806
(bug_found_num) ~ exercise + ai3 + seq_num + ipaq_category + occupation + exercise:seq_num + (1 | stim_src_id),155.665234,195.373181
(bug_found_num) ~ exercise + ai3 + seq_num + ipaq_category + occupation + exercise:ai3 + exercise:ipaq_category + (1 | stim_src_id),159.660028,205.040538
(bug_found_num) ~ exercise + ai3 + seq_num + ipaq_category + occupation + exercise:ai3 + ai3:seq_num + (1 | stim_src_id),155.395322,203.612114
(bug_found_num) ~ exercise + ai3 + seq_num + ipaq_category + occupation + exercise:ai3 + exercise:seq_num + (1 | stim_src_id),157.960033,203.340544
(bug_found_num) ~ exercise + ai3 + seq_num + ipaq_category + occupation + exercise:ipaq_category + ai3:seq_num + (1 | stim_src_id),155.229790,200.610300
(bug_found_num) ~ exercise + ai3 + seq_num + ipaq_category + occupation + exercise:ipaq_category + exercise:seq_num + (1 | stim_src_id),157.646902,200.191130
(bug_found_num) ~ exercise + ai3 + seq_num + ipaq_category + occupation + ai3:seq_num + exercise:seq_num + (1 | stim_src_id),152.594485,197.974996
(bug_found_num) ~ exercise + ai3 + seq_num + ipaq_category + occupation + exercise:ai3 + exercise:ipaq_category + ai3:seq_num + (1 | stim_src_id),156.848189,207.901263
(bug_found_num) ~ exercise + ai3 + seq_num + ipaq_category + occupation + exercise:ai3 + exercise:ipaq_category + exercise:seq_num + (1 | stim_src_id),159.770186,207.986978
(bug_found_num) ~ exercise + ai3 + seq_num + ipaq_category + occupation + exercise:ai3 + ai3:seq_num + exercise:seq_num + (1 | stim_src_id),154.678383,205.731457
(bug_found_num) ~ exercise + ai3 + seq_num + ipaq_category + occupation + exercise:ipaq_category + ai3:seq_num + exercise:seq_num + (1 | stim_src_id),154.574402,202.791195
(bug_found_num) ~ exercise + ai3 + seq_num + ipaq_category + occupation + exercise:ai3 + exercise:ipaq_category + ai3:seq_num + exercise:seq_num + (1 | stim_src_id),156.531126,210.420483
(bug_found_num) ~ exercise + ai3 + seq_num + project_name + ipaq_category + occupation + (1 | stim_src_id),153.823435,193.531382
(bug_found_num) ~ exercise + ai3 + seq_num + project_name + ipaq_category + occupation + exercise:ai3 + (1 | stim_src_id),156.510320,201.890831
(bug_found_num) ~ exercise + ai3 + seq_num + project_name + ipaq_category + occupation + exercise:ipaq_category + (1 | stim_src_id),155.554121,198.098350
(bug_found_num) ~ exercise + ai3 + seq_num + project_name + ipaq_category + occupation + ai3:seq_num + (1 | stim_src_id),152.271684,197.652194
(bug_found_num) ~ exercise + ai3 + seq_num + project_name + ipaq_category + occupation + exercise:seq_num + (1 | stim_src_id),153.451412,195.995640
(bug_found_num) ~ exercise + ai3 + seq_num + project_name + ipaq_category + occupation + exercise:ai3 + exercise:ipaq_category + (1 | stim_src_id),157.738611,205.955403
(bug_found_num) ~ exercise + ai3 + seq_num + project_name + ipaq_category + occupation + exercise:ai3 + ai3:seq_num + (1 | stim_src_id),154.123387,205.176461
(bug_found_num) ~ exercise + ai3 + seq_num + project_name + ipaq_category + occupation + exercise:ai3 + exercise:seq_num + (1 | stim_src_id),155.659728,203.876520
(bug_found_num) ~ exercise + ai3 + seq_num + project_name + ipaq_category + occupation + exercise:ipaq_category + ai3:seq_num + (1 | stim_src_id),154.135844,202.352636
(bug_found_num) ~ exercise + ai3 + seq_num + project_name + ipaq_category + occupation + exercise:ipaq_category + exercise:seq_num + (1 | stim_src_id),155.429638,200.810149
(bug_found_num) ~ exercise + ai3 + seq_num + project_name + ipaq_category + occupation + ai3:seq_num + exercise:seq_num + (1 | stim_src_id),151.164418,199.381210
(bug_found_num) ~ exercise + ai3 + seq_num + project_name + ipaq_category + occupation + exercise:ai3 + exercise:ipaq_category + ai3:seq_num + (1 | stim_src_id),155.491424,209.380780
(bug_found_num) ~ exercise + ai3 + seq_num + project_name + ipaq_category + occupation + exercise:ai3 + exercise:ipaq_category + exercise:seq_num + (1 | stim_src_id),157.399883,208.452957
(bug_found_num) ~ exercise + ai3 + seq_num + project_name + ipaq_category + occupation + exercise:ai3 + ai3:seq_num + exercise:seq_num + (1 | stim_src_id),153.260562,207.149919
(bug_found_num) ~ exercise + ai3 + seq_num + project_name + ipaq_category + occupation + exercise:ipaq_category + ai3:seq_num + exercise:seq_num + (1 | stim_src_id),153.160937,204.214011
(bug_found_num) ~ exercise + ai3 + seq_num + project_name + ipaq_category + occupation + exercise:ai3 + exercise:ipaq_category + ai3:seq_num + exercise:seq_num + (1 | stim_src_id),155.062602,211.788240
